{
    "energies": {
        "Disp2 (CCD)": -1.76325e-06,
        "Disp20": -2.38449e-06,
        "Disp21": 6.0238e-07,
        "Disp22 (S) (CCD)": -5.391e-08,
        "Disp22 (SDQ)": -2.264e-08,
        "Disp22 (T)": -2.8642e-07,
        "Disp22 (T) (CCD)": -2.8299e-07,
        "Dispersion": -2.12239e-06,
        "Electrostatics": -0.05284410873,
        "Elst10,r": -0.05284389419,
        "Elst12,r": -3.02e-08,
        "Est. Disp22 (T)": -2.898e-07,
        "Est. Disp22 (T) (CCD)": -2.8633e-07,
        "Exch-Disp20": 1.5e-10,
        "Exch-Ind20,r": 8.329999999999999e-09,
        "Exch-Ind22": 5.700000000000001e-10,
        "Exch10": 2.39e-09,
        "Exch10(S^2)": 2.39e-09,
        "Exch11(S^2)": -1.0000000000000001e-11,
        "Exch12(S^2)": 1.2899999999999999e-09,
        "Exchange": 3.68e-09,
        "Ind20,r": -0.00016581082,
        "Ind22": -1.1266099999999999e-05,
        "Induction": -4.428695e-05,
        "InteractionEnergy": -0.052890330140000004,
        "delta HF,r (2)": 0.00013477935,
        "delta MP2,r (2)": -2.0174199999999997e-06
    },
    "index": "0248",
    "jobtype": "SP",
    "logFile": "0248.log.gz",
    "method": "sapt2+3(ccd)dmp2-aug-cc-pvtz",
    "mols": [
        {
            "atoms": [
                {
                    "coords": [
                        0.0,
                        0.0,
                        -6.721465645126
                    ],
                    "elem": "K"
                }
            ],
            "charge": 1,
            "compound": "potassium",
            "mult": 1
        },
        {
            "atoms": [
                {
                    "coords": [
                        0.0,
                        0.0,
                        3.318534354874
                    ],
                    "elem": "Br"
                }
            ],
            "charge": -1,
            "compound": "bromide",
            "mult": 1
        }
    ],
    "system": "potassium#bromide"
}