{
    "energies": {
        "Disp2 (CCD)": -0.00370174332,
        "Disp20": -0.003753812,
        "Disp21": 7.454886e-05,
        "Disp22 (S) (CCD)": -0.00035442773,
        "Disp22 (SDQ)": -0.00043886768999999996,
        "Disp22 (T)": -0.00034850348,
        "Disp22 (T) (CCD)": -0.00033579943000000003,
        "Dispersion": -0.00267952627,
        "Electrostatics": -0.33805627393,
        "Elst10,r": -0.33678386478,
        "Elst12,r": -0.00014340753000000001,
        "Est. Disp22 (T)": -0.00040835474999999997,
        "Est. Disp22 (T) (CCD)": -0.00039346894,
        "Exch-Disp20": 0.0014988412700000001,
        "Exch-Ind20,r": 0.14274721343,
        "Exch-Ind22": 0.03221837604,
        "Exch10": 0.12563713002,
        "Exch10(S^2)": 0.12230759263,
        "Exch11(S^2)": -0.0025931173799999996,
        "Exch12(S^2)": 0.017405580730000002,
        "Exchange": 0.14044959337000001,
        "Ind20,r": -0.16674417546,
        "Ind22": -0.03763454584,
        "Induction": -0.01826629493,
        "InteractionEnergy": -0.21748257956,
        "delta HF,r (2)": 0.00870154849,
        "delta MP2,r (2)": 0.00265748144
    },
    "index": "0000",
    "jobtype": "SP",
    "logFile": "0000.log.gz",
    "method": "sapt2+3(ccd)dmp2-aug-cc-pvtz",
    "mols": [
        {
            "atoms": [
                {
                    "coords": [
                        0.0,
                        0.0,
                        -0.769199598272
                    ],
                    "elem": "Na"
                }
            ],
            "charge": 1,
            "compound": "sodium",
            "mult": 1
        },
        {
            "atoms": [
                {
                    "coords": [
                        0.0,
                        0.0,
                        0.930800401728
                    ],
                    "elem": "F"
                }
            ],
            "charge": -1,
            "compound": "fluoride",
            "mult": 1
        }
    ],
    "system": "sodium#fluoride"
}