{
    "energies": {
        "Disp2 (CCD)": -0.00254997922,
        "Disp20": -0.0026067889100000003,
        "Disp21": 1.6799040000000002e-05,
        "Disp22 (S) (CCD)": -0.00013030604,
        "Disp22 (SDQ)": -8.119142e-05,
        "Disp22 (T)": -0.00018428194000000002,
        "Disp22 (T) (CCD)": -0.00020140567000000002,
        "Dispersion": -0.00187402303,
        "Electrostatics": -0.25442947542,
        "Elst10,r": -0.25416547246,
        "Elst12,r": 4.32647e-06,
        "Est. Disp22 (T)": -0.00022577895000000002,
        "Est. Disp22 (T) (CCD)": -0.00024675865,
        "Exch-Disp20": 0.00100851315,
        "Exch-Ind20,r": 0.16167073869,
        "Exch-Ind22": 0.01004466081,
        "Exch10": 0.0998916427,
        "Exch10(S^2)": 0.0975864641,
        "Exch11(S^2)": -0.0022968807500000003,
        "Exch12(S^2)": 0.0031680577799999996,
        "Exchange": 0.10076281973000001,
        "Ind20,r": -0.19870220279,
        "Ind22": -0.012345438910000001,
        "Induction": -0.024696592509999997,
        "InteractionEnergy": -0.18003385007,
        "delta HF,r (2)": 0.01178642013,
        "delta MP2,r (2)": 0.00282882903
    },
    "index": "0206",
    "jobtype": "SP",
    "logFile": "0206.log.gz",
    "method": "sapt2+3(ccd)dmp2-aug-cc-pvtz",
    "mols": [
        {
            "atoms": [
                {
                    "coords": [
                        0.0,
                        0.0,
                        -1.719183240985
                    ],
                    "elem": "Na"
                }
            ],
            "charge": 1,
            "compound": "sodium",
            "mult": 1
        },
        {
            "atoms": [
                {
                    "coords": [
                        0.0,
                        0.0,
                        0.500816759015
                    ],
                    "elem": "Br"
                }
            ],
            "charge": -1,
            "compound": "bromide",
            "mult": 1
        }
    ],
    "system": "sodium#bromide"
}