{
    "energies": {
        "Disp2 (CCD)": -0.00120177998,
        "Disp20": -0.00115205198,
        "Disp21": -5.495057e-05,
        "Disp22 (S) (CCD)": -0.00014174975,
        "Disp22 (SDQ)": -0.00015477677,
        "Disp22 (T)": -0.00011405683,
        "Disp22 (T) (CCD)": -0.00011217644000000001,
        "Dispersion": -0.00111158249,
        "Electrostatics": -0.26529860172,
        "Elst10,r": -0.26470400281,
        "Elst12,r": -0.000657223,
        "Est. Disp22 (T)": -0.00014546288,
        "Est. Disp22 (T) (CCD)": -0.00014306471000000002,
        "Exch-Disp20": 0.0003595502,
        "Exch-Ind20,r": 0.04862163345,
        "Exch-Ind22": 0.01517250084,
        "Exch10": 0.03449477771,
        "Exch10(S^2)": 0.03420809834,
        "Exch11(S^2)": -0.0005577739699999999,
        "Exch12(S^2)": 0.00868589787,
        "Exchange": 0.04262290161,
        "Ind20,r": -0.0628102894,
        "Ind22": -0.019600105979999997,
        "Induction": -0.01334931703,
        "InteractionEnergy": -0.23720956967999998,
        "delta HF,r (2)": 0.00307192132,
        "delta MP2,r (2)": 0.0022001385500000003
    },
    "index": "0007",
    "jobtype": "SP",
    "logFile": "0007.log.gz",
    "method": "sapt2+3(ccd)dmp2-aug-cc-pvtz",
    "mols": [
        {
            "atoms": [
                {
                    "coords": [
                        0.0,
                        0.0,
                        -0.927564221445
                    ],
                    "elem": "Na"
                }
            ],
            "charge": 1,
            "compound": "sodium",
            "mult": 1
        },
        {
            "atoms": [
                {
                    "coords": [
                        0.0,
                        0.0,
                        1.122435778555
                    ],
                    "elem": "F"
                }
            ],
            "charge": -1,
            "compound": "fluoride",
            "mult": 1
        }
    ],
    "system": "sodium#fluoride"
}