{
    "energies": {
        "Disp2 (CCD)": -8.1496e-07,
        "Disp20": -7.644200000000001e-07,
        "Disp21": -6.549e-08,
        "Disp22 (S) (CCD)": -1.1931e-07,
        "Disp22 (SDQ)": -1.3033e-07,
        "Disp22 (T)": -8.029e-08,
        "Disp22 (T) (CCD)": -7.96e-08,
        "Dispersion": -1.07292e-06,
        "Electrostatics": -0.09835852508000001,
        "Elst10,r": -0.0983599056,
        "Elst12,r": -7.140253e-05,
        "Est. Disp22 (T)": -8.945000000000001e-08,
        "Est. Disp22 (T) (CCD)": -8.868e-08,
        "Exch-Disp20": 8.64e-09,
        "Exch-Ind20,r": 1.65916e-06,
        "Exch-Ind22": 5.347200000000001e-07,
        "Exch10": 6.632e-07,
        "Exch10(S^2)": 6.632e-07,
        "Exch11(S^2)": -1.4500000000000002e-09,
        "Exch12(S^2)": 1.14047e-06,
        "Exchange": 1.80222e-06,
        "Ind20,r": -0.00044912831,
        "Ind22": -0.00014474562999999997,
        "Induction": -0.00090632843,
        "InteractionEnergy": -0.09933690924,
        "delta HF,r (2)": -6.951127e-05,
        "delta MP2,r (2)": -0.00024519769
    },
    "index": "0234",
    "jobtype": "SP",
    "logFile": "0234.log.gz",
    "method": "sapt2+3(ccd)dmp2-aug-cc-pvtz",
    "mols": [
        {
            "atoms": [
                {
                    "coords": [
                        0.0,
                        0.0,
                        -3.929030963102
                    ],
                    "elem": "Li"
                }
            ],
            "charge": 1,
            "compound": "lithium",
            "mult": 1
        },
        {
            "atoms": [
                {
                    "coords": [
                        0.0,
                        0.0,
                        1.450969036898
                    ],
                    "elem": "F"
                }
            ],
            "charge": -1,
            "compound": "fluoride",
            "mult": 1
        }
    ],
    "system": "lithium#fluoride"
}