{
    "energies": {
        "Disp2 (CCD)": -0.00050487997,
        "Disp20": -0.0004930506599999999,
        "Disp21": -1.761304e-05,
        "Disp22 (S) (CCD)": -3.115196e-05,
        "Disp22 (SDQ)": -2.2527e-05,
        "Disp22 (T)": -3.849534e-05,
        "Disp22 (T) (CCD)": -4.300324e-05,
        "Dispersion": -0.0005512214399999999,
        "Electrostatics": -0.17675296219,
        "Elst10,r": -0.17660069773999998,
        "Elst12,r": -0.00018290319,
        "Est. Disp22 (T)": -4.560901e-05,
        "Est. Disp22 (T) (CCD)": -5.094993e-05,
        "Exch-Disp20": 0.00010765115,
        "Exch-Ind20,r": 0.02199847673,
        "Exch-Ind22": 0.00205622813,
        "Exch10": 0.01012521257,
        "Exch10(S^2)": 0.010098693689999999,
        "Exch11(S^2)": -0.00012351775,
        "Exch12(S^2)": 0.0008432676,
        "Exchange": 0.01084496242,
        "Ind20,r": -0.040446030970000005,
        "Ind22": -0.0037805466100000002,
        "Induction": -0.017390249570000002,
        "InteractionEnergy": -0.18388689278,
        "delta HF,r (2)": 0.0020212438700000003,
        "delta MP2,r (2)": 0.00068170528
    },
    "index": "0211",
    "jobtype": "SP",
    "logFile": "0211.log.gz",
    "method": "sapt2+3(ccd)dmp2-aug-cc-pvtz",
    "mols": [
        {
            "atoms": [
                {
                    "coords": [
                        0.0,
                        0.0,
                        -2.338708733231
                    ],
                    "elem": "Na"
                }
            ],
            "charge": 1,
            "compound": "sodium",
            "mult": 1
        },
        {
            "atoms": [
                {
                    "coords": [
                        0.0,
                        0.0,
                        0.681291266769
                    ],
                    "elem": "Br"
                }
            ],
            "charge": -1,
            "compound": "bromide",
            "mult": 1
        }
    ],
    "system": "sodium#bromide"
}