{
    "energies": {
        "Disp2 (CCD)": -0.00020499548,
        "Disp20": -0.00019844410000000002,
        "Disp21": -8.62904e-06,
        "Disp22 (S) (CCD)": -1.4393599999999999e-05,
        "Disp22 (SDQ)": -1.097869e-05,
        "Disp22 (T)": -1.609288e-05,
        "Disp22 (T) (CCD)": -1.7986539999999997e-05,
        "Dispersion": -0.00024808227999999997,
        "Electrostatics": -0.1516113326,
        "Elst10,r": -0.15152467089000002,
        "Elst12,r": -0.00012240795,
        "Est. Disp22 (T)": -1.913615e-05,
        "Est. Disp22 (T) (CCD)": -2.138791e-05,
        "Exch-Disp20": 3.115315e-05,
        "Exch-Ind20,r": 0.0068151270400000005,
        "Exch-Ind22": 0.0006946381299999999,
        "Exch10": 0.00276584699,
        "Exch10(S^2)": 0.0027638233799999997,
        "Exch11(S^2)": -2.522876e-05,
        "Exch12(S^2)": 0.00032433728000000003,
        "Exchange": 0.0030649555,
        "Ind20,r": -0.01872494462,
        "Ind22": -0.0019085573,
        "Induction": -0.013305354,
        "InteractionEnergy": -0.16213825443,
        "delta HF,r (2)": -0.00020762215,
        "delta MP2,r (2)": -1.514834e-05
    },
    "index": "0214",
    "jobtype": "SP",
    "logFile": "0214.log.gz",
    "method": "sapt2+3(ccd)dmp2-aug-cc-pvtz",
    "mols": [
        {
            "atoms": [
                {
                    "coords": [
                        0.0,
                        0.0,
                        -2.710424028579
                    ],
                    "elem": "Na"
                }
            ],
            "charge": 1,
            "compound": "sodium",
            "mult": 1
        },
        {
            "atoms": [
                {
                    "coords": [
                        0.0,
                        0.0,
                        0.789575971421
                    ],
                    "elem": "Br"
                }
            ],
            "charge": -1,
            "compound": "bromide",
            "mult": 1
        }
    ],
    "system": "sodium#bromide"
}