{
    "energies": {
        "Disp2 (CCD)": -4.6934e-07,
        "Disp20": -6.2704e-07,
        "Disp21": 1.4842e-07,
        "Disp22 (S) (CCD)": -1.1820000000000001e-08,
        "Disp22 (SDQ)": -1.6000000000000002e-10,
        "Disp22 (T)": -7.787e-08,
        "Disp22 (T) (CCD)": -7.713e-08,
        "Dispersion": -5.608100000000001e-07,
        "Electrostatics": -0.04439498075,
        "Elst10,r": -0.04439516494,
        "Elst12,r": 4.2415e-07,
        "Est. Disp22 (T)": -7.864000000000001e-08,
        "Est. Disp22 (T) (CCD)": -7.79e-08,
        "Exch-Disp20": 0.0,
        "Exch-Ind20,r": 3e-10,
        "Exch-Ind22": 2.0000000000000002e-11,
        "Exch10": 6e-11,
        "Exch10(S^2)": 6e-11,
        "Exch11(S^2)": -0.0,
        "Exch12(S^2)": 8.000000000000001e-11,
        "Exchange": 1.5e-10,
        "Ind20,r": -6.023685e-05,
        "Ind22": -3.8909499999999996e-06,
        "Induction": -6.4694e-05,
        "InteractionEnergy": -0.04445999546,
        "delta HF,r (2)": 8.3069e-07,
        "delta MP2,r (2)": -1.39897e-06
    },
    "index": "0260",
    "jobtype": "SP",
    "logFile": "0260.log.gz",
    "method": "sapt2+3(ccd)dmp2-aug-cc-pvtz",
    "mols": [
        {
            "atoms": [
                {
                    "coords": [
                        0.0,
                        0.0,
                        -5.637958818929
                    ],
                    "elem": "K"
                }
            ],
            "charge": 1,
            "compound": "potassium",
            "mult": 1
        },
        {
            "atoms": [
                {
                    "coords": [
                        0.0,
                        0.0,
                        6.282041181071
                    ],
                    "elem": "Cl"
                }
            ],
            "charge": -1,
            "compound": "chloride",
            "mult": 1
        }
    ],
    "system": "potassium#chloride"
}