{
    "energies": {
        "Disp2 (CCD)": -0.00078883572,
        "Disp20": -0.00077845,
        "Disp21": -2.249348e-05,
        "Disp22 (S) (CCD)": -4.447114e-05,
        "Disp22 (SDQ)": -3.057345e-05,
        "Disp22 (T)": -6.0861070000000004e-05,
        "Disp22 (T) (CCD)": -6.749592e-05,
        "Dispersion": -0.00077932486,
        "Electrostatics": -0.20361491816,
        "Elst10,r": -0.20345510871,
        "Elst12,r": -0.00017089716999999999,
        "Est. Disp22 (T)": -7.315686000000001e-05,
        "Est. Disp22 (T) (CCD)": -8.113215e-05,
        "Exch-Disp20": 0.00019798916,
        "Exch-Ind20,r": 0.03691883662,
        "Exch-Ind22": 0.0036498332499999998,
        "Exch10": 0.019679732340000002,
        "Exch10(S^2)": 0.01958087034,
        "Exch11(S^2)": -0.00026391815000000003,
        "Exch12(S^2)": 0.00153214295,
        "Exchange": 0.02094795714,
        "Ind20,r": -0.05681141468,
        "Ind22": -0.00561643348,
        "Induction": -0.017065410950000002,
        "InteractionEnergy": -0.20053322854,
        "delta HF,r (2)": 0.00343603934,
        "delta MP2,r (2)": 0.00128440901
    },
    "index": "0209",
    "jobtype": "SP",
    "logFile": "0209.log.gz",
    "method": "sapt2+3(ccd)dmp2-aug-cc-pvtz",
    "mols": [
        {
            "atoms": [
                {
                    "coords": [
                        0.0,
                        0.0,
                        -1.592822050494
                    ],
                    "elem": "Na"
                }
            ],
            "charge": 1,
            "compound": "sodium",
            "mult": 1
        },
        {
            "atoms": [
                {
                    "coords": [
                        0.0,
                        0.0,
                        1.047177949506
                    ],
                    "elem": "Cl"
                }
            ],
            "charge": -1,
            "compound": "chloride",
            "mult": 1
        }
    ],
    "system": "sodium#chloride"
}