{
    "energies": {
        "Disp2 (CCD)": -8.2724e-07,
        "Disp20": -1.10338e-06,
        "Disp21": 2.5951e-07,
        "Disp22 (S) (CCD)": -2.098e-08,
        "Disp22 (SDQ)": -3e-10,
        "Disp22 (T)": -1.3694e-07,
        "Disp22 (T) (CCD)": -1.3576e-07,
        "Dispersion": -9.896099999999999e-07,
        "Electrostatics": -0.04872833062,
        "Elst10,r": -0.04872849041,
        "Elst12,r": 3.9006000000000004e-07,
        "Est. Disp22 (T)": -1.3833000000000002e-07,
        "Est. Disp22 (T) (CCD)": -1.3714e-07,
        "Exch-Disp20": 1.0000000000000001e-11,
        "Exch-Ind20,r": 2.7e-10,
        "Exch-Ind22": 2.0000000000000002e-11,
        "Exch10": 1.3e-10,
        "Exch10(S^2)": 1.3e-10,
        "Exch11(S^2)": 0.0,
        "Exch12(S^2)": 9.999999999999999e-11,
        "Exchange": 2.4e-10,
        "Ind20,r": -8.76875e-05,
        "Ind22": -5.68721e-06,
        "Induction": -9.468268e-05,
        "InteractionEnergy": -0.048823772419999995,
        "delta HF,r (2)": 7.125299999999999e-07,
        "delta MP2,r (2)": -2.02505e-06
    },
    "index": "0254",
    "jobtype": "SP",
    "logFile": "0254.log.gz",
    "method": "sapt2+3(ccd)dmp2-aug-cc-pvtz",
    "mols": [
        {
            "atoms": [
                {
                    "coords": [
                        0.0,
                        0.0,
                        -5.136596709192
                    ],
                    "elem": "K"
                }
            ],
            "charge": 1,
            "compound": "potassium",
            "mult": 1
        },
        {
            "atoms": [
                {
                    "coords": [
                        0.0,
                        0.0,
                        5.723403290808
                    ],
                    "elem": "Cl"
                }
            ],
            "charge": -1,
            "compound": "chloride",
            "mult": 1
        }
    ],
    "system": "potassium#chloride"
}