{
    "energies": {
        "Disp2 (CCD)": -0.007272171799999999,
        "Disp20": -0.00901050193,
        "Disp21": 0.00147763551,
        "Disp22 (S) (CCD)": -0.00017637526,
        "Disp22 (SDQ)": 7.887121e-05,
        "Disp22 (T)": -0.0008584935099999999,
        "Disp22 (T) (CCD)": -0.0008686797,
        "Dispersion": -0.00620218799,
        "Electrostatics": -0.21900652476,
        "Elst10,r": -0.21779053495,
        "Elst12,r": -0.0016069232600000002,
        "Est. Disp22 (T)": -0.00096138993,
        "Est. Disp22 (T) (CCD)": -0.0009727970099999999,
        "Exch-Disp20": 0.00282726331,
        "Exch-Ind20,r": 0.11927544165000001,
        "Exch-Ind22": 0.0122422872,
        "Exch10": 0.060928435399999994,
        "Exch10(S^2)": 0.05942739487,
        "Exch11(S^2)": -0.0007284690700000001,
        "Exch12(S^2)": 0.00270568528,
        "Exchange": 0.06290565161,
        "Ind20,r": -0.14205848702,
        "Ind22": -0.01458071145,
        "Induction": -0.01847758008,
        "InteractionEnergy": -0.18122317799,
        "delta HF,r (2)": 0.00240387647,
        "delta MP2,r (2)": 0.00358030253
    },
    "index": "0005",
    "jobtype": "SP",
    "logFile": "0005.log.gz",
    "method": "sapt2+3(ccd)dmp2-aug-cc-pvtz",
    "mols": [
        {
            "atoms": [
                {
                    "coords": [
                        0.0,
                        0.0,
                        -1.253405274342
                    ],
                    "elem": "K"
                }
            ],
            "charge": 1,
            "compound": "potassium",
            "mult": 1
        },
        {
            "atoms": [
                {
                    "coords": [
                        0.0,
                        0.0,
                        1.396594725658
                    ],
                    "elem": "Cl"
                }
            ],
            "charge": -1,
            "compound": "chloride",
            "mult": 1
        }
    ],
    "system": "potassium#chloride"
}