{
    "energies": {
        "Disp2 (CCD)": -0.0017560723000000001,
        "Disp20": -0.0017380625300000001,
        "Disp21": -5.61341e-05,
        "Disp22 (S) (CCD)": -3.110675e-05,
        "Disp22 (SDQ)": 5.96813e-06,
        "Disp22 (T)": -9.433919999999999e-05,
        "Disp22 (T) (CCD)": -0.00010755396,
        "Dispersion": -0.00224819927,
        "Electrostatics": -0.25489314881,
        "Elst10,r": -0.25606670051999997,
        "Elst12,r": 0.0019213973600000001,
        "Est. Disp22 (T)": -0.00011167071,
        "Est. Disp22 (T) (CCD)": -0.00012731321000000002,
        "Exch-Disp20": 0.00029211503999999997,
        "Exch-Ind20,r": 0.054024051229999995,
        "Exch-Ind22": 0.0034596617300000003,
        "Exch10": 0.05688811687,
        "Exch10(S^2)": 0.05607996454,
        "Exch11(S^2)": -0.00080945117,
        "Exch12(S^2)": 0.0016416188599999999,
        "Exchange": 0.05772028455,
        "Ind20,r": -0.09053716223000001,
        "Ind22": -0.005797935319999999,
        "Induction": -0.04234448129,
        "InteractionEnergy": -0.24102733328,
        "delta HF,r (2)": -0.00585691372,
        "delta MP2,r (2)": 0.00172836086
    },
    "index": "0006",
    "jobtype": "SP",
    "logFile": "0006.log.gz",
    "method": "sapt2+3(ccd)dmp2-aug-cc-pvtz",
    "mols": [
        {
            "atoms": [
                {
                    "coords": [
                        0.0,
                        0.0,
                        -1.649126249588
                    ],
                    "elem": "Li"
                }
            ],
            "charge": 1,
            "compound": "lithium",
            "mult": 1
        },
        {
            "atoms": [
                {
                    "coords": [
                        0.0,
                        0.0,
                        0.330873750412
                    ],
                    "elem": "Cl"
                }
            ],
            "charge": -1,
            "compound": "chloride",
            "mult": 1
        }
    ],
    "system": "lithium#chloride"
}