{
    "energies": {
        "Disp2 (CCD)": -6.307999999999999e-08,
        "Disp20": -6.564e-08,
        "Disp21": 1.5999999999999999e-09,
        "Disp22 (S) (CCD)": -4.19e-09,
        "Disp22 (SDQ)": -2.7199999999999997e-09,
        "Disp22 (T)": -7.15e-09,
        "Disp22 (T) (CCD)": -7.64e-09,
        "Dispersion": -7.525e-08,
        "Electrostatics": -0.04691391547,
        "Elst10,r": -0.04691323035,
        "Elst12,r": -1.18502e-06,
        "Est. Disp22 (T)": -7.26e-09,
        "Est. Disp22 (T) (CCD)": -7.76e-09,
        "Exch-Disp20": 0.0,
        "Exch-Ind20,r": 9e-11,
        "Exch-Ind22": 1.0000000000000001e-11,
        "Exch10": 1.0000000000000001e-11,
        "Exch10(S^2)": 1.0000000000000001e-11,
        "Exch11(S^2)": -0.0,
        "Exch12(S^2)": -4.2e-10,
        "Exchange": -4.1e-10,
        "Ind20,r": -6.453088e-05,
        "Ind22": -5.13878e-06,
        "Induction": -7.192030000000001e-05,
        "InteractionEnergy": -0.046986411330000005,
        "delta HF,r (2)": -4.6422999999999997e-07,
        "delta MP2,r (2)": -1.78674e-06
    },
    "index": "0264",
    "jobtype": "SP",
    "logFile": "0264.log.gz",
    "method": "sapt2+3(ccd)dmp2-aug-cc-pvtz",
    "mols": [
        {
            "atoms": [
                {
                    "coords": [
                        0.0,
                        0.0,
                        -6.805694215745
                    ],
                    "elem": "Na"
                }
            ],
            "charge": 1,
            "compound": "sodium",
            "mult": 1
        },
        {
            "atoms": [
                {
                    "coords": [
                        0.0,
                        0.0,
                        4.474305784255
                    ],
                    "elem": "Cl"
                }
            ],
            "charge": -1,
            "compound": "chloride",
            "mult": 1
        }
    ],
    "system": "sodium#chloride"
}