{
    "energies": {
        "Disp2 (CCD)": -8.3236e-07,
        "Disp20": -8.655699999999999e-07,
        "Disp21": 1.607e-08,
        "Disp22 (S) (CCD)": -3.7719999999999996e-08,
        "Disp22 (SDQ)": -1.885e-08,
        "Disp22 (T)": -6.812e-08,
        "Disp22 (T) (CCD)": -7.436e-08,
        "Dispersion": -1.01779e-06,
        "Electrostatics": -0.0848065029,
        "Elst10,r": -0.08480121273,
        "Elst12,r": -1.1194000000000002e-05,
        "Est. Disp22 (T)": -7.443e-08,
        "Est. Disp22 (T) (CCD)": -8.124999999999999e-08,
        "Exch-Disp20": 8.09e-09,
        "Exch-Ind20,r": 1.84832e-06,
        "Exch-Ind22": 1.8312e-07,
        "Exch10": 6.648e-07,
        "Exch10(S^2)": 6.648e-07,
        "Exch11(S^2)": -1.38e-09,
        "Exch12(S^2)": 3.1173e-07,
        "Exchange": 9.7515e-07,
        "Ind20,r": -0.0008092738200000001,
        "Ind22": -8.017763e-05,
        "Induction": -0.00125932836,
        "InteractionEnergy": -0.08607177928,
        "delta HF,r (2)": -0.00015348477,
        "delta MP2,r (2)": -0.00021849969
    },
    "index": "0237",
    "jobtype": "SP",
    "logFile": "0237.log.gz",
    "method": "sapt2+3(ccd)dmp2-aug-cc-pvtz",
    "mols": [
        {
            "atoms": [
                {
                    "coords": [
                        0.0,
                        0.0,
                        -5.197246362338
                    ],
                    "elem": "Li"
                }
            ],
            "charge": 1,
            "compound": "lithium",
            "mult": 1
        },
        {
            "atoms": [
                {
                    "coords": [
                        0.0,
                        0.0,
                        1.042753637662
                    ],
                    "elem": "Cl"
                }
            ],
            "charge": -1,
            "compound": "chloride",
            "mult": 1
        }
    ],
    "system": "lithium#chloride"
}