{
    "energies": {
        "Disp2 (CCD)": -8.443000000000001e-08,
        "Disp20": -9.000000000000001e-08,
        "Disp21": 3.8e-09,
        "Disp22 (S) (CCD)": -2.65e-09,
        "Disp22 (SDQ)": -3.3e-10,
        "Disp22 (T)": -7.4200000000000004e-09,
        "Disp22 (T) (CCD)": -8.09e-09,
        "Dispersion": -9.653999999999999e-08,
        "Electrostatics": -0.059460413940000005,
        "Elst10,r": -0.059458660420000004,
        "Elst12,r": -3.28988e-06,
        "Est. Disp22 (T)": -7.68e-09,
        "Est. Disp22 (T) (CCD)": -8.37e-09,
        "Exch-Disp20": 3e-11,
        "Exch-Ind20,r": 4.77e-09,
        "Exch-Ind22": 3.9999999999999996e-10,
        "Exch10": 1.32e-09,
        "Exch10(S^2)": 1.32e-09,
        "Exch11(S^2)": 0.0,
        "Exch12(S^2)": -4.9999999999999995e-11,
        "Exchange": 1.27e-09,
        "Ind20,r": -0.00016907622,
        "Ind22": -1.399745e-05,
        "Induction": -0.00020235138,
        "InteractionEnergy": -0.05966439697,
        "delta HF,r (2)": -4.78067e-06,
        "delta MP2,r (2)": -1.450335e-05
    },
    "index": "0256",
    "jobtype": "SP",
    "logFile": "0256.log.gz",
    "method": "sapt2+3(ccd)dmp2-aug-cc-pvtz",
    "mols": [
        {
            "atoms": [
                {
                    "coords": [
                        0.0,
                        0.0,
                        -7.412739202694
                    ],
                    "elem": "Li"
                }
            ],
            "charge": 1,
            "compound": "lithium",
            "mult": 1
        },
        {
            "atoms": [
                {
                    "coords": [
                        0.0,
                        0.0,
                        1.487260797306
                    ],
                    "elem": "Cl"
                }
            ],
            "charge": -1,
            "compound": "chloride",
            "mult": 1
        }
    ],
    "system": "lithium#chloride"
}