{
    "energies": {
        "Disp2 (CCD)": -0.005908427920000001,
        "Disp20": -0.007304761680000001,
        "Disp21": 0.00118036483,
        "Disp22 (S) (CCD)": -0.00015484655,
        "Disp22 (SDQ)": 5.3238260000000006e-05,
        "Disp22 (T)": -0.00069227099,
        "Disp22 (T) (CCD)": -0.00070487312,
        "Dispersion": -0.00522779921,
        "Electrostatics": -0.20682995133,
        "Elst10,r": -0.2057887715,
        "Elst12,r": -0.0013944928700000002,
        "Est. Disp22 (T)": -0.0007907338900000001,
        "Est. Disp22 (T) (CCD)": -0.0008051284499999999,
        "Exch-Disp20": 0.0021969633800000003,
        "Exch-Ind20,r": 0.09217645367,
        "Exch-Ind22": 0.00999744397,
        "Exch10": 0.04556277094,
        "Exch10(S^2)": 0.044696579880000004,
        "Exch11(S^2)": -0.00048670369,
        "Exch12(S^2)": 0.00239039008,
        "Exchange": 0.047466457329999996,
        "Ind20,r": -0.11158329793,
        "Ind22": -0.01210230732,
        "Induction": -0.01689851726,
        "InteractionEnergy": -0.18187941860999998,
        "delta HF,r (2)": 0.0012744498399999999,
        "delta MP2,r (2)": 0.00274608573
    },
    "index": "0007",
    "jobtype": "SP",
    "logFile": "0007.log.gz",
    "method": "sapt2+3(ccd)dmp2-aug-cc-pvtz",
    "mols": [
        {
            "atoms": [
                {
                    "coords": [
                        0.0,
                        0.0,
                        -1.300703586582
                    ],
                    "elem": "K"
                }
            ],
            "charge": 1,
            "compound": "potassium",
            "mult": 1
        },
        {
            "atoms": [
                {
                    "coords": [
                        0.0,
                        0.0,
                        1.449296413418
                    ],
                    "elem": "Cl"
                }
            ],
            "charge": -1,
            "compound": "chloride",
            "mult": 1
        }
    ],
    "system": "potassium#chloride"
}