{
    "energies": {
        "Disp2 (CCD)": -5.1739319999999996e-05,
        "Disp20": -4.650037e-05,
        "Disp21": -5.77664e-06,
        "Disp22 (S) (CCD)": -1.02862e-05,
        "Disp22 (SDQ)": -1.1145119999999999e-05,
        "Disp22 (T)": -6.27058e-06,
        "Disp22 (T) (CCD)": -6.2042199999999995e-06,
        "Dispersion": -7.057761999999999e-05,
        "Electrostatics": -0.15213539713,
        "Elst10,r": -0.15213447417,
        "Elst12,r": -0.00011609226999999999,
        "Est. Disp22 (T)": -7.2506699999999995e-06,
        "Est. Disp22 (T) (CCD)": -7.17394e-06,
        "Exch-Disp20": 4.2699599999999995e-06,
        "Exch-Ind20,r": 0.00079989477,
        "Exch-Ind22": 0.00033283164999999996,
        "Exch10": 0.00035403554,
        "Exch10(S^2)": 0.00035399997,
        "Exch11(S^2)": -2.22504e-06,
        "Exch12(S^2)": 0.00029327705999999997,
        "Exchange": 0.00064508756,
        "Ind20,r": -0.00388560802,
        "Ind22": -0.00161677934,
        "Induction": -0.00501928943,
        "InteractionEnergy": -0.15669577828,
        "delta HF,r (2)": -0.0002910578,
        "delta MP2,r (2)": -0.00036465114999999996
    },
    "index": "0216",
    "jobtype": "SP",
    "logFile": "0216.log.gz",
    "method": "sapt2+3(ccd)dmp2-aug-cc-pvtz",
    "mols": [
        {
            "atoms": [
                {
                    "coords": [
                        0.0,
                        0.0,
                        -1.574596824697
                    ],
                    "elem": "Na"
                }
            ],
            "charge": 1,
            "compound": "sodium",
            "mult": 1
        },
        {
            "atoms": [
                {
                    "coords": [
                        0.0,
                        0.0,
                        1.905403175303
                    ],
                    "elem": "F"
                }
            ],
            "charge": -1,
            "compound": "fluoride",
            "mult": 1
        }
    ],
    "system": "sodium#fluoride"
}