{
    "energies": {
        "Disp2 (CCD)": -1.3087299999999998e-06,
        "Disp20": -1.53235e-06,
        "Disp21": 1.6351e-07,
        "Disp22 (S) (CCD)": -1.2181e-07,
        "Disp22 (SDQ)": -8.801e-08,
        "Disp22 (T)": -2.3881e-07,
        "Disp22 (T) (CCD)": -2.2931e-07,
        "Dispersion": -1.6695e-06,
        "Electrostatics": -0.061963940950000004,
        "Elst10,r": -0.06196453676,
        "Elst12,r": 1.32844e-06,
        "Est. Disp22 (T)": -2.4166e-07,
        "Est. Disp22 (T) (CCD)": -2.3205e-07,
        "Exch-Disp20": 1.2e-10,
        "Exch-Ind20,r": 5.010000000000001e-09,
        "Exch-Ind22": 6.400000000000001e-10,
        "Exch10": 2.74e-09,
        "Exch10(S^2)": 2.74e-09,
        "Exch11(S^2)": 2.0000000000000002e-11,
        "Exch12(S^2)": 6.5699999999999994e-09,
        "Exchange": 9.33e-09,
        "Ind20,r": -9.206127999999999e-05,
        "Ind22": -1.1680589999999999e-05,
        "Induction": -0.00011432098,
        "InteractionEnergy": -0.062079189550000004,
        "delta HF,r (2)": -1.78717e-06,
        "delta MP2,r (2)": -8.804680000000001e-06
    },
    "index": "0244",
    "jobtype": "SP",
    "logFile": "0244.log.gz",
    "method": "sapt2+3(ccd)dmp2-aug-cc-pvtz",
    "mols": [
        {
            "atoms": [
                {
                    "coords": [
                        0.0,
                        0.0,
                        -2.799179739866
                    ],
                    "elem": "K"
                }
            ],
            "charge": 1,
            "compound": "potassium",
            "mult": 1
        },
        {
            "atoms": [
                {
                    "coords": [
                        0.0,
                        0.0,
                        5.740820260134
                    ],
                    "elem": "F"
                }
            ],
            "charge": -1,
            "compound": "fluoride",
            "mult": 1
        }
    ],
    "system": "potassium#fluoride"
}