{
    "energies": {
        "Disp2 (CCD)": -0.0043321780600000005,
        "Disp20": -0.00431910634,
        "Disp21": -1.9338259999999998e-05,
        "Disp22 (S) (CCD)": -0.00021178709,
        "Disp22 (SDQ)": -0.00025452348,
        "Disp22 (T)": -0.00026864166,
        "Disp22 (T) (CCD)": -0.00026327911999999995,
        "Dispersion": -0.00614631769,
        "Electrostatics": -0.37699982683,
        "Elst10,r": -0.38105172566,
        "Elst12,r": 0.01204932054,
        "Est. Disp22 (T)": -0.00033332498999999997,
        "Est. Disp22 (T) (CCD)": -0.00032667127,
        "Exch-Disp20": 0.00031269403,
        "Exch-Ind20,r": 0.09031491072999999,
        "Exch-Ind22": 0.01480671888,
        "Exch10": 0.16875473058,
        "Exch10(S^2)": 0.16208747926,
        "Exch11(S^2)": -0.0017425866000000002,
        "Exch12(S^2)": 0.01215582721,
        "Exchange": 0.17916797119,
        "Ind20,r": -0.12343545026,
        "Ind22": -0.020236680710000003,
        "Induction": -0.06359742298,
        "InteractionEnergy": -0.25955241201,
        "delta HF,r (2)": -0.02496934861,
        "delta MP2,r (2)": -0.0016401857200000001
    },
    "index": "0001",
    "jobtype": "SP",
    "logFile": "0001.log.gz",
    "method": "sapt2+3(ccd)dmp2-aug-cc-pvtz",
    "mols": [
        {
            "atoms": [
                {
                    "coords": [
                        0.0,
                        0.0,
                        -0.971303193481
                    ],
                    "elem": "Li"
                }
            ],
            "charge": 1,
            "compound": "lithium",
            "mult": 1
        },
        {
            "atoms": [
                {
                    "coords": [
                        0.0,
                        0.0,
                        0.358696806519
                    ],
                    "elem": "F"
                }
            ],
            "charge": -1,
            "compound": "fluoride",
            "mult": 1
        }
    ],
    "system": "lithium#fluoride"
}