{
    "energies": {
        "Disp2 (CCD)": -0.00302386256,
        "Disp20": -0.00301736052,
        "Disp21": -7.344653e-05,
        "Disp22 (S) (CCD)": -4.1836480000000004e-05,
        "Disp22 (SDQ)": 2.300084e-05,
        "Disp22 (T)": -0.00015248743,
        "Disp22 (T) (CCD)": -0.00017448948,
        "Dispersion": -0.0041084743000000005,
        "Electrostatics": -0.27489768608000004,
        "Elst10,r": -0.27677646594,
        "Elst12,r": 0.0030281525299999997,
        "Est. Disp22 (T)": -0.00017956976,
        "Est. Disp22 (T) (CCD)": -0.00020547946,
        "Exch-Disp20": 0.00041223434,
        "Exch-Ind20,r": 0.08505036842,
        "Exch-Ind22": 0.00465909075,
        "Exch10": 0.10638313292,
        "Exch10(S^2)": 0.10360613200999999,
        "Exch11(S^2)": -0.00172172066,
        "Exch12(S^2)": 0.00148128867,
        "Exchange": 0.10614270093,
        "Ind20,r": -0.12768543072,
        "Ind22": -0.0069946552799999995,
        "Induction": -0.05412964032,
        "InteractionEnergy": -0.22584600081,
        "delta HF,r (2)": -0.01345642247,
        "delta MP2,r (2)": 0.00304560515
    },
    "index": "0205",
    "jobtype": "SP",
    "logFile": "0205.log.gz",
    "method": "sapt2+3(ccd)dmp2-aug-cc-pvtz",
    "mols": [
        {
            "atoms": [
                {
                    "coords": [
                        0.0,
                        0.0,
                        -1.482547840539
                    ],
                    "elem": "Li"
                }
            ],
            "charge": 1,
            "compound": "lithium",
            "mult": 1
        },
        {
            "atoms": [
                {
                    "coords": [
                        0.0,
                        0.0,
                        0.297452159461
                    ],
                    "elem": "Cl"
                }
            ],
            "charge": -1,
            "compound": "chloride",
            "mult": 1
        }
    ],
    "system": "lithium#chloride"
}