{
    "energies": {
        "Disp2 (CCD)": -3.3190999999999996e-07,
        "Disp20": -4.4381e-07,
        "Disp21": 1.0539e-07,
        "Disp22 (S) (CCD)": -8.34e-09,
        "Disp22 (SDQ)": -1.2e-10,
        "Disp22 (T)": -5.5130000000000005e-08,
        "Disp22 (T) (CCD)": -5.458e-08,
        "Dispersion": -3.964e-07,
        "Electrostatics": -0.04193246801,
        "Elst10,r": -0.04193264824,
        "Elst12,r": 4.1113e-07,
        "Est. Disp22 (T)": -5.567e-08,
        "Est. Disp22 (T) (CCD)": -5.512e-08,
        "Exch-Disp20": 0.0,
        "Exch-Ind20,r": 2.3e-10,
        "Exch-Ind22": 1.0000000000000001e-11,
        "Exch10": 4.9999999999999995e-11,
        "Exch10(S^2)": 4.9999999999999995e-11,
        "Exch11(S^2)": -0.0,
        "Exch12(S^2)": 6e-11,
        "Exchange": 9.999999999999999e-11,
        "Ind20,r": -4.7879150000000004e-05,
        "Ind22": -3.08938e-06,
        "Induction": -5.1280190000000003e-05,
        "InteractionEnergy": -0.04198391361,
        "delta HF,r (2)": 8.394299999999999e-07,
        "delta MP2,r (2)": -1.15237e-06
    },
    "index": "0264",
    "jobtype": "SP",
    "logFile": "0264.log.gz",
    "method": "sapt2+3(ccd)dmp2-aug-cc-pvtz",
    "mols": [
        {
            "atoms": [
                {
                    "coords": [
                        0.0,
                        0.0,
                        -5.969047004604
                    ],
                    "elem": "K"
                }
            ],
            "charge": 1,
            "compound": "potassium",
            "mult": 1
        },
        {
            "atoms": [
                {
                    "coords": [
                        0.0,
                        0.0,
                        6.650952995396
                    ],
                    "elem": "Cl"
                }
            ],
            "charge": -1,
            "compound": "chloride",
            "mult": 1
        }
    ],
    "system": "potassium#chloride"
}