{
    "energies": {
        "Disp2 (CCD)": -4.893e-08,
        "Disp20": -5.094e-08,
        "Disp21": 1.2800000000000001e-09,
        "Disp22 (S) (CCD)": -3.24e-09,
        "Disp22 (SDQ)": -2.09e-09,
        "Disp22 (T)": -5.55e-09,
        "Disp22 (T) (CCD)": -5.93e-09,
        "Dispersion": -5.8319999999999995e-08,
        "Electrostatics": -0.04499885596,
        "Elst10,r": -0.044998331550000006,
        "Elst12,r": -9.0388e-07,
        "Est. Disp22 (T)": -5.630000000000001e-09,
        "Est. Disp22 (T) (CCD)": -6.02e-09,
        "Exch-Disp20": 0.0,
        "Exch-Ind20,r": 7e-11,
        "Exch-Ind22": 1.0000000000000001e-11,
        "Exch10": 1.0000000000000001e-11,
        "Exch10(S^2)": 1.0000000000000001e-11,
        "Exch11(S^2)": -0.0,
        "Exch12(S^2)": -4.8e-10,
        "Exchange": -4.7e-10,
        "Ind20,r": -5.441663e-05,
        "Ind22": -4.3033200000000005e-06,
        "Induction": -6.0537180000000006e-05,
        "InteractionEnergy": -0.0450598314,
        "delta HF,r (2)": -4.466e-07,
        "delta MP2,r (2)": -1.37085e-06
    },
    "index": "0267",
    "jobtype": "SP",
    "logFile": "0267.log.gz",
    "method": "sapt2+3(ccd)dmp2-aug-cc-pvtz",
    "mols": [
        {
            "atoms": [
                {
                    "coords": [
                        0.0,
                        0.0,
                        -7.095298224926
                    ],
                    "elem": "Na"
                }
            ],
            "charge": 1,
            "compound": "sodium",
            "mult": 1
        },
        {
            "atoms": [
                {
                    "coords": [
                        0.0,
                        0.0,
                        4.664701775074
                    ],
                    "elem": "Cl"
                }
            ],
            "charge": -1,
            "compound": "chloride",
            "mult": 1
        }
    ],
    "system": "sodium#chloride"
}