{
    "energies": {
        "Disp2 (CCD)": -0.0021492354699999996,
        "Disp20": -0.0020795040299999997,
        "Disp21": -8.741754e-05,
        "Disp22 (S) (CCD)": -0.00014289551,
        "Disp22 (SDQ)": -0.00014902267,
        "Disp22 (T)": -0.00014318314,
        "Disp22 (T) (CCD)": -0.0001409194,
        "Dispersion": -0.00284971597,
        "Electrostatics": -0.33284487307,
        "Elst10,r": -0.33492696013,
        "Elst12,r": 0.00676257035,
        "Est. Disp22 (T)": -0.00018592126000000002,
        "Est. Disp22 (T) (CCD)": -0.00018298181999999998,
        "Exch-Disp20": 0.00024251543,
        "Exch-Ind20,r": 0.05306622312,
        "Exch-Ind22": 0.01040977498,
        "Exch10": 0.07496881876,
        "Exch10(S^2)": 0.07358738204,
        "Exch11(S^2)": -0.00080805476,
        "Exch12(S^2)": 0.010076952699999999,
        "Exchange": 0.08423771669999999,
        "Ind20,r": -0.07749944611,
        "Ind22": -0.015202736270000001,
        "Induction": -0.0410198415,
        "InteractionEnergy": -0.28779404701,
        "delta HF,r (2)": -0.01096618674,
        "delta MP2,r (2)": -0.00144240554
    },
    "index": "0008",
    "jobtype": "SP",
    "logFile": "0008.log.gz",
    "method": "sapt2+3(ccd)dmp2-aug-cc-pvtz",
    "mols": [
        {
            "atoms": [
                {
                    "coords": [
                        0.0,
                        0.0,
                        -1.124666855609
                    ],
                    "elem": "Li"
                }
            ],
            "charge": 1,
            "compound": "lithium",
            "mult": 1
        },
        {
            "atoms": [
                {
                    "coords": [
                        0.0,
                        0.0,
                        0.415333144391
                    ],
                    "elem": "F"
                }
            ],
            "charge": -1,
            "compound": "fluoride",
            "mult": 1
        }
    ],
    "system": "lithium#fluoride"
}