{
    "energies": {
        "Disp2 (CCD)": -0.00015274241,
        "Disp20": -0.0001478064,
        "Disp21": -6.45689e-06,
        "Disp22 (S) (CCD)": -1.112979e-05,
        "Disp22 (SDQ)": -8.571789999999999e-06,
        "Disp22 (T)": -1.222671e-05,
        "Disp22 (T) (CCD)": -1.362174e-05,
        "Dispersion": -0.00018975661,
        "Electrostatics": -0.14485700511,
        "Elst10,r": -0.14478539246,
        "Elst12,r": -0.00010328362000000001,
        "Est. Disp22 (T)": -1.4476589999999999e-05,
        "Est. Disp22 (T) (CCD)": -1.6128329999999998e-05,
        "Exch-Disp20": 2.063671e-05,
        "Exch-Ind20,r": 0.00462884724,
        "Exch-Ind22": 0.00047743978,
        "Exch10": 0.0018118653300000002,
        "Exch10(S^2)": 0.00181099462,
        "Exch11(S^2)": -1.5207760000000001e-05,
        "Exch12(S^2)": 0.00023303722,
        "Exchange": 0.0020296947799999998,
        "Ind20,r": -0.014867853240000001,
        "Ind22": -0.0015335361400000001,
        "Induction": -0.012046861979999999,
        "InteractionEnergy": -0.15509757128999999,
        "delta HF,r (2)": -0.00059653899,
        "delta MP2,r (2)": -0.00018758483000000002
    },
    "index": "0215",
    "jobtype": "SP",
    "logFile": "0215.log.gz",
    "method": "sapt2+3(ccd)dmp2-aug-cc-pvtz",
    "mols": [
        {
            "atoms": [
                {
                    "coords": [
                        0.0,
                        0.0,
                        -2.834329127029
                    ],
                    "elem": "Na"
                }
            ],
            "charge": 1,
            "compound": "sodium",
            "mult": 1
        },
        {
            "atoms": [
                {
                    "coords": [
                        0.0,
                        0.0,
                        0.825670872971
                    ],
                    "elem": "Br"
                }
            ],
            "charge": -1,
            "compound": "bromide",
            "mult": 1
        }
    ],
    "system": "sodium#bromide"
}