{
    "energies": {
        "Disp2 (CCD)": -4.156e-08,
        "Disp20": -4.328e-08,
        "Disp21": 1.1000000000000001e-09,
        "Disp22 (S) (CCD)": -2.74e-09,
        "Disp22 (SDQ)": -1.7600000000000001e-09,
        "Disp22 (T)": -4.7199999999999994e-09,
        "Disp22 (T) (CCD)": -5.04e-09,
        "Dispersion": -4.951e-08,
        "Electrostatics": -0.04380672138,
        "Elst10,r": -0.043806285029999996,
        "Elst12,r": -7.523e-07,
        "Est. Disp22 (T)": -4.78e-09,
        "Est. Disp22 (T) (CCD)": -5.11e-09,
        "Exch-Disp20": 0.0,
        "Exch-Ind20,r": 7e-11,
        "Exch-Ind22": 1.0000000000000001e-11,
        "Exch10": 1.0000000000000001e-11,
        "Exch10(S^2)": 1.0000000000000001e-11,
        "Exch11(S^2)": -0.0,
        "Exch12(S^2)": -5.2e-10,
        "Exchange": -5.1e-10,
        "Ind20,r": -4.8765919999999995e-05,
        "Ind22": -3.84013e-06,
        "Induction": -5.4003259999999996e-05,
        "InteractionEnergy": -0.0438610906,
        "delta HF,r (2)": -2.4113e-07,
        "delta MP2,r (2)": -1.15626e-06
    },
    "index": "0269",
    "jobtype": "SP",
    "logFile": "0269.log.gz",
    "method": "sapt2+3(ccd)dmp2-aug-cc-pvtz",
    "mols": [
        {
            "atoms": [
                {
                    "coords": [
                        0.0,
                        0.0,
                        -7.28836756438
                    ],
                    "elem": "Na"
                }
            ],
            "charge": 1,
            "compound": "sodium",
            "mult": 1
        },
        {
            "atoms": [
                {
                    "coords": [
                        0.0,
                        0.0,
                        4.79163243562
                    ],
                    "elem": "Cl"
                }
            ],
            "charge": -1,
            "compound": "chloride",
            "mult": 1
        }
    ],
    "system": "sodium#chloride"
}