{
    "energies": {
        "Disp2 (CCD)": -0.00445788513,
        "Disp20": -0.00447918696,
        "Disp21": -7.954524e-05,
        "Disp22 (S) (CCD)": -5.1116259999999994e-05,
        "Disp22 (SDQ)": 4.6098439999999995e-05,
        "Disp22 (T)": -0.00021101289,
        "Disp22 (T) (CCD)": -0.00024199100000000002,
        "Dispersion": -0.00642687312,
        "Electrostatics": -0.28830099516,
        "Elst10,r": -0.29084698157000005,
        "Elst12,r": 0.00408848876,
        "Est. Disp22 (T)": -0.00025072693,
        "Est. Disp22 (T) (CCD)": -0.00028753533,
        "Exch-Disp20": 0.00046829254,
        "Exch-Ind20,r": 0.11511872986999999,
        "Exch-Ind22": 0.0055469723,
        "Exch10": 0.16598191111,
        "Exch10(S^2)": 0.15935482755000002,
        "Exch11(S^2)": -0.00291105611,
        "Exch12(S^2)": 0.000856431,
        "Exchange": 0.163927286,
        "Ind20,r": -0.16448668628,
        "Ind22": -0.00792575711,
        "Induction": -0.06621075248,
        "InteractionEnergy": -0.19545796118,
        "delta HF,r (2)": -0.02169462167,
        "delta MP2,r (2)": 0.00514285269
    },
    "index": "0204",
    "jobtype": "SP",
    "logFile": "0204.log.gz",
    "method": "sapt2+3(ccd)dmp2-aug-cc-pvtz",
    "mols": [
        {
            "atoms": [
                {
                    "coords": [
                        0.0,
                        0.0,
                        -1.365942954204
                    ],
                    "elem": "Li"
                }
            ],
            "charge": 1,
            "compound": "lithium",
            "mult": 1
        },
        {
            "atoms": [
                {
                    "coords": [
                        0.0,
                        0.0,
                        0.274057045796
                    ],
                    "elem": "Cl"
                }
            ],
            "charge": -1,
            "compound": "chloride",
            "mult": 1
        }
    ],
    "system": "lithium#chloride"
}