{
    "energies": {
        "Disp2 (CCD)": -2.9393000000000004e-07,
        "Disp20": -2.7766e-07,
        "Disp21": -2.177e-08,
        "Disp22 (S) (CCD)": -3.492e-08,
        "Disp22 (SDQ)": -3.5559999999999995e-08,
        "Disp22 (T)": -2.996e-08,
        "Disp22 (T) (CCD)": -2.988e-08,
        "Dispersion": -3.7035e-07,
        "Electrostatics": -0.0842701568,
        "Elst10,r": -0.08426830551,
        "Elst12,r": -4.798393e-05,
        "Est. Disp22 (T)": -3.1819999999999996e-08,
        "Est. Disp22 (T) (CCD)": -3.172e-08,
        "Exch-Disp20": 8.2e-10,
        "Exch-Ind20,r": 1.7974000000000002e-07,
        "Exch-Ind22": 5.269e-08,
        "Exch10": 7.449e-08,
        "Exch10(S^2)": 7.449e-08,
        "Exch11(S^2)": -1.1000000000000001e-10,
        "Exch12(S^2)": 1.3529e-07,
        "Exchange": 2.0967e-07,
        "Ind20,r": -0.00022051085,
        "Ind22": -6.464446e-05,
        "Induction": -0.00039128784,
        "InteractionEnergy": -0.08470773809000001,
        "delta HF,r (2)": -1.925295e-05,
        "delta MP2,r (2)": -8.712274000000001e-05
    },
    "index": "0241",
    "jobtype": "SP",
    "logFile": "0241.log.gz",
    "method": "sapt2+3(ccd)dmp2-aug-cc-pvtz",
    "mols": [
        {
            "atoms": [
                {
                    "coords": [
                        0.0,
                        0.0,
                        -4.586303800795
                    ],
                    "elem": "Li"
                }
            ],
            "charge": 1,
            "compound": "lithium",
            "mult": 1
        },
        {
            "atoms": [
                {
                    "coords": [
                        0.0,
                        0.0,
                        1.693696199205
                    ],
                    "elem": "F"
                }
            ],
            "charge": -1,
            "compound": "fluoride",
            "mult": 1
        }
    ],
    "system": "lithium#fluoride"
}