{
    "energies": {
        "Disp2 (CCD)": -0.00222309439,
        "Disp20": -0.0021966990499999997,
        "Disp21": -2.435254e-05,
        "Disp22 (S) (CCD)": -0.00023422879,
        "Disp22 (SDQ)": -0.00027111364999999997,
        "Disp22 (T)": -0.0002049063,
        "Disp22 (T) (CCD)": -0.00019743497,
        "Dispersion": -0.00183393603,
        "Electrostatics": -0.30104810386,
        "Elst10,r": -0.30012413071,
        "Elst12,r": -0.00055009119,
        "Est. Disp22 (T)": -0.00026359759,
        "Est. Disp22 (T) (CCD)": -0.00025398623999999995,
        "Exch-Disp20": 0.0007919395,
        "Exch-Ind20,r": 0.08983176899,
        "Exch-Ind22": 0.02373503767,
        "Exch10": 0.07142056342,
        "Exch10(S^2)": 0.07027202297,
        "Exch11(S^2)": -0.0013403487000000001,
        "Exch12(S^2)": 0.0131358087,
        "Exchange": 0.08321602341,
        "Ind20,r": -0.10785130201,
        "Ind22": -0.02849609603,
        "Induction": -0.01590752383,
        "InteractionEnergy": -0.23522506791999997,
        "delta HF,r (2)": 0.00481435259,
        "delta MP2,r (2)": 0.00211873928
    },
    "index": "0003",
    "jobtype": "SP",
    "logFile": "0003.log.gz",
    "method": "sapt2+3(ccd)dmp2-aug-cc-pvtz",
    "mols": [
        {
            "atoms": [
                {
                    "coords": [
                        0.0,
                        0.0,
                        -0.83707015106
                    ],
                    "elem": "Na"
                }
            ],
            "charge": 1,
            "compound": "sodium",
            "mult": 1
        },
        {
            "atoms": [
                {
                    "coords": [
                        0.0,
                        0.0,
                        1.01292984894
                    ],
                    "elem": "F"
                }
            ],
            "charge": -1,
            "compound": "fluoride",
            "mult": 1
        }
    ],
    "system": "sodium#fluoride"
}