{
    "energies": {
        "Disp2 (CCD)": -0.00186749053,
        "Disp20": -0.00189840451,
        "Disp21": -8.190600000000001e-07,
        "Disp22 (S) (CCD)": -9.698006e-05,
        "Disp22 (SDQ)": -6.09747e-05,
        "Disp22 (T)": -0.00014009363,
        "Disp22 (T) (CCD)": -0.00015327763,
        "Dispersion": -0.00153858937,
        "Electrostatics": -0.24593155943,
        "Elst10,r": -0.24574799566,
        "Elst12,r": -1.152008e-05,
        "Est. Disp22 (T)": -0.00017333979999999998,
        "Est. Disp22 (T) (CCD)": -0.00018965255,
        "Exch-Disp20": 0.00064582647,
        "Exch-Ind20,r": 0.103465731,
        "Exch-Ind22": 0.007976561430000001,
        "Exch10": 0.06417750975,
        "Exch10(S^2)": 0.06319440272,
        "Exch11(S^2)": -0.0011866897599999999,
        "Exch12(S^2)": 0.0028273079,
        "Exchange": 0.06581812789,
        "Ind20,r": -0.1314466517,
        "Ind22": -0.0101337156,
        "Induction": -0.020336555059999997,
        "InteractionEnergy": -0.2018516119,
        "delta HF,r (2)": 0.00732971136,
        "delta MP2,r (2)": 0.00240643612
    },
    "index": "0005",
    "jobtype": "SP",
    "logFile": "0005.log.gz",
    "method": "sapt2+3(ccd)dmp2-aug-cc-pvtz",
    "mols": [
        {
            "atoms": [
                {
                    "coords": [
                        0.0,
                        0.0,
                        -1.357518793034
                    ],
                    "elem": "Na"
                }
            ],
            "charge": 1,
            "compound": "sodium",
            "mult": 1
        },
        {
            "atoms": [
                {
                    "coords": [
                        0.0,
                        0.0,
                        0.892481206966
                    ],
                    "elem": "Cl"
                }
            ],
            "charge": -1,
            "compound": "chloride",
            "mult": 1
        }
    ],
    "system": "sodium#chloride"
}