{
    "energies": {
        "Disp2 (CCD)": -5.1481e-07,
        "Disp20": -6.8762e-07,
        "Disp21": 1.6261e-07,
        "Disp22 (S) (CCD)": -1.298e-08,
        "Disp22 (SDQ)": -1.8e-10,
        "Disp22 (T)": -8.539e-08,
        "Disp22 (T) (CCD)": -8.459e-08,
        "Dispersion": -6.1524e-07,
        "Electrostatics": -0.045075667099999994,
        "Elst10,r": -0.04507585073,
        "Elst12,r": 4.2475e-07,
        "Est. Disp22 (T)": -8.623000000000001e-08,
        "Est. Disp22 (T) (CCD)": -8.543e-08,
        "Exch-Disp20": 0.0,
        "Exch-Ind20,r": 2.9e-10,
        "Exch-Ind22": 2.0000000000000002e-11,
        "Exch10": 6e-11,
        "Exch10(S^2)": 6e-11,
        "Exch11(S^2)": 0.0,
        "Exch12(S^2)": 9e-11,
        "Exchange": 1.5e-10,
        "Ind20,r": -6.404303e-05,
        "Ind22": -4.13857e-06,
        "Induction": -6.879357999999999e-05,
        "InteractionEnergy": -0.04514483465,
        "delta HF,r (2)": 8.640199999999999e-07,
        "delta MP2,r (2)": -1.47835e-06
    },
    "index": "0259",
    "jobtype": "SP",
    "logFile": "0259.log.gz",
    "method": "sapt2+3(ccd)dmp2-aug-cc-pvtz",
    "mols": [
        {
            "atoms": [
                {
                    "coords": [
                        0.0,
                        0.0,
                        -5.552821856898
                    ],
                    "elem": "K"
                }
            ],
            "charge": 1,
            "compound": "potassium",
            "mult": 1
        },
        {
            "atoms": [
                {
                    "coords": [
                        0.0,
                        0.0,
                        6.187178143102
                    ],
                    "elem": "Cl"
                }
            ],
            "charge": -1,
            "compound": "chloride",
            "mult": 1
        }
    ],
    "system": "potassium#chloride"
}