{
    "energies": {
        "Disp2 (CCD)": -2.5677629999999998e-05,
        "Disp20": -2.504981e-05,
        "Disp21": -9.7782e-07,
        "Disp22 (S) (CCD)": -2.17469e-06,
        "Disp22 (SDQ)": -1.7946600000000001e-06,
        "Disp22 (T)": -2.3545100000000003e-06,
        "Disp22 (T) (CCD)": -2.5668e-06,
        "Dispersion": -3.4273530000000005e-05,
        "Electrostatics": -0.11712037201,
        "Elst10,r": -0.11709645074,
        "Elst12,r": -3.8591880000000004e-05,
        "Est. Disp22 (T)": -2.74645e-06,
        "Est. Disp22 (T) (CCD)": -2.99409e-06,
        "Exch-Disp20": 1.29276e-06,
        "Exch-Ind20,r": 0.00033075009999999997,
        "Exch-Ind22": 3.889402e-05,
        "Exch10": 0.00011406459,
        "Exch10(S^2)": 0.00011406106000000001,
        "Exch11(S^2)": -6.291400000000001e-07,
        "Exch12(S^2)": 3.114839e-05,
        "Exchange": 0.00014458382999999998,
        "Ind20,r": -0.0036537249799999997,
        "Ind22": -0.00042965384,
        "Induction": -0.00489702813,
        "InteractionEnergy": -0.12192198429,
        "delta HF,r (2)": -0.00065379303,
        "delta MP2,r (2)": -0.00053444413
    },
    "index": "0221",
    "jobtype": "SP",
    "logFile": "0221.log.gz",
    "method": "sapt2+3(ccd)dmp2-aug-cc-pvtz",
    "mols": [
        {
            "atoms": [
                {
                    "coords": [
                        0.0,
                        0.0,
                        -2.727104419784
                    ],
                    "elem": "Na"
                }
            ],
            "charge": 1,
            "compound": "sodium",
            "mult": 1
        },
        {
            "atoms": [
                {
                    "coords": [
                        0.0,
                        0.0,
                        1.792895580216
                    ],
                    "elem": "Cl"
                }
            ],
            "charge": -1,
            "compound": "chloride",
            "mult": 1
        }
    ],
    "system": "sodium#chloride"
}