{
    "energies": {
        "Disp2 (CCD)": -1.9567e-07,
        "Disp20": -2.0588e-07,
        "Disp21": 8.04e-09,
        "Disp22 (S) (CCD)": -1.409e-08,
        "Disp22 (SDQ)": -9.830000000000001e-09,
        "Disp22 (T)": -2.151e-08,
        "Disp22 (T) (CCD)": -2.288e-08,
        "Dispersion": -2.3528e-07,
        "Electrostatics": -0.05399534659,
        "Elst10,r": -0.05399400279,
        "Elst12,r": -1.99455e-06,
        "Est. Disp22 (T)": -2.199e-08,
        "Est. Disp22 (T) (CCD)": -2.3390000000000003e-08,
        "Exch-Disp20": 1.0000000000000001e-11,
        "Exch-Ind20,r": 4.59e-09,
        "Exch-Ind22": 3.7e-10,
        "Exch10": 8.800000000000001e-10,
        "Exch10(S^2)": 8.800000000000001e-10,
        "Exch11(S^2)": -0.0,
        "Exch12(S^2)": -2.64e-09,
        "Exchange": -1.7600000000000001e-09,
        "Ind20,r": -0.00016639176,
        "Ind22": -1.326426e-05,
        "Induction": -0.00019442171999999998,
        "InteractionEnergy": -0.05419065611,
        "delta HF,r (2)": -7.79702e-06,
        "delta MP2,r (2)": -6.97579e-06
    },
    "index": "0253",
    "jobtype": "SP",
    "logFile": "0253.log.gz",
    "method": "sapt2+3(ccd)dmp2-aug-cc-pvtz",
    "mols": [
        {
            "atoms": [
                {
                    "coords": [
                        0.0,
                        0.0,
                        -7.589187280022
                    ],
                    "elem": "Na"
                }
            ],
            "charge": 1,
            "compound": "sodium",
            "mult": 1
        },
        {
            "atoms": [
                {
                    "coords": [
                        0.0,
                        0.0,
                        2.210812719978
                    ],
                    "elem": "Br"
                }
            ],
            "charge": -1,
            "compound": "bromide",
            "mult": 1
        }
    ],
    "system": "sodium#bromide"
}