{
    "energies": {
        "Disp2 (CCD)": -3.1527600000000003e-06,
        "Disp20": -3.1746199999999998e-06,
        "Disp21": -2.255e-08,
        "Disp22 (S) (CCD)": -2.5459e-07,
        "Disp22 (SDQ)": -1.97e-07,
        "Disp22 (T)": -3.2185e-07,
        "Disp22 (T) (CCD)": -3.4748e-07,
        "Dispersion": -4.04324e-06,
        "Electrostatics": -0.0867558164,
        "Elst10,r": -0.08674847224,
        "Elst12,r": -1.389292e-05,
        "Est. Disp22 (T)": -3.5017e-07,
        "Est. Disp22 (T) (CCD)": -3.7806e-07,
        "Exch-Disp20": 2.1339999999999998e-08,
        "Exch-Ind20,r": 7.13508e-06,
        "Exch-Ind22": 7.2638e-07,
        "Exch10": 2.09464e-06,
        "Exch10(S^2)": 2.0946300000000002e-06,
        "Exch11(S^2)": -8.48e-09,
        "Exch12(S^2)": 8.9718e-07,
        "Exchange": 2.98334e-06,
        "Ind20,r": -0.00091089563,
        "Ind22": -9.273294999999999e-05,
        "Induction": -0.00131802637,
        "InteractionEnergy": -0.08808145967,
        "delta HF,r (2)": -0.00014193577,
        "delta MP2,r (2)": -0.00018061087000000001
    },
    "index": "0231",
    "jobtype": "SP",
    "logFile": "0231.log.gz",
    "method": "sapt2+3(ccd)dmp2-aug-cc-pvtz",
    "mols": [
        {
            "atoms": [
                {
                    "coords": [
                        0.0,
                        0.0,
                        -3.680384283337
                    ],
                    "elem": "Na"
                }
            ],
            "charge": 1,
            "compound": "sodium",
            "mult": 1
        },
        {
            "atoms": [
                {
                    "coords": [
                        0.0,
                        0.0,
                        2.419615716663
                    ],
                    "elem": "Cl"
                }
            ],
            "charge": -1,
            "compound": "chloride",
            "mult": 1
        }
    ],
    "system": "sodium#chloride"
}