{
    "energies": {
        "Disp2 (CCD)": -1.9523e-07,
        "Disp20": -1.8049e-07,
        "Disp21": -1.716e-08,
        "Disp22 (S) (CCD)": -2.546e-08,
        "Disp22 (SDQ)": -2.412e-08,
        "Disp22 (T)": -2.4e-08,
        "Disp22 (T) (CCD)": -2.482e-08,
        "Dispersion": -2.4776000000000004e-07,
        "Electrostatics": -0.06598920674,
        "Elst10,r": -0.06598705376,
        "Elst12,r": -2.055444e-05,
        "Est. Disp22 (T)": -2.482e-08,
        "Est. Disp22 (T) (CCD)": -2.5660000000000003e-08,
        "Exch-Disp20": -0.0,
        "Exch-Ind20,r": 2.9399999999999998e-09,
        "Exch-Ind22": 7.3e-10,
        "Exch10": 4.4000000000000003e-10,
        "Exch10(S^2)": 4.4000000000000003e-10,
        "Exch11(S^2)": -2.0000000000000002e-11,
        "Exch12(S^2)": -7.3e-10,
        "Exchange": -3.1e-10,
        "Ind20,r": -7.805403e-05,
        "Ind22": -1.934016e-05,
        "Induction": -0.00011251837000000001,
        "InteractionEnergy": -0.06612037466,
        "delta HF,r (2)": -1.67772e-06,
        "delta MP2,r (2)": -1.345154e-05
    },
    "index": "0247",
    "jobtype": "SP",
    "logFile": "0247.log.gz",
    "method": "sapt2+3(ccd)dmp2-aug-cc-pvtz",
    "mols": [
        {
            "atoms": [
                {
                    "coords": [
                        0.0,
                        0.0,
                        -3.628812222434
                    ],
                    "elem": "Na"
                }
            ],
            "charge": 1,
            "compound": "sodium",
            "mult": 1
        },
        {
            "atoms": [
                {
                    "coords": [
                        0.0,
                        0.0,
                        4.391187777566
                    ],
                    "elem": "F"
                }
            ],
            "charge": -1,
            "compound": "fluoride",
            "mult": 1
        }
    ],
    "system": "sodium#fluoride"
}