{
    "energies": {
        "Disp2 (CCD)": -2.4369e-07,
        "Disp20": -2.5608e-07,
        "Disp21": 9.71e-09,
        "Disp22 (S) (CCD)": -1.761e-08,
        "Disp22 (SDQ)": -1.234e-08,
        "Disp22 (T)": -2.665e-08,
        "Disp22 (T) (CCD)": -2.836e-08,
        "Dispersion": -2.9352e-07,
        "Electrostatics": -0.05593589953,
        "Elst10,r": -0.05593425472,
        "Elst12,r": -2.39091e-06,
        "Est. Disp22 (T)": -2.732e-08,
        "Est. Disp22 (T) (CCD)": -2.907e-08,
        "Exch-Disp20": 2.0000000000000002e-11,
        "Exch-Ind20,r": 1.0040000000000001e-08,
        "Exch-Ind22": 8.1e-10,
        "Exch10": 2.2000000000000003e-09,
        "Exch10(S^2)": 2.2000000000000003e-09,
        "Exch11(S^2)": -1.0000000000000001e-11,
        "Exch12(S^2)": -3.47e-09,
        "Exchange": -1.2899999999999999e-09,
        "Ind20,r": -0.00019302182,
        "Ind22": -1.552073e-05,
        "Induction": -0.00022772107,
        "InteractionEnergy": -0.05616466153,
        "delta HF,r (2)": -9.655910000000001e-06,
        "delta MP2,r (2)": -9.536650000000001e-06
    },
    "index": "0251",
    "jobtype": "SP",
    "logFile": "0251.log.gz",
    "method": "sapt2+3(ccd)dmp2-aug-cc-pvtz",
    "mols": [
        {
            "atoms": [
                {
                    "coords": [
                        0.0,
                        0.0,
                        -7.325888945817
                    ],
                    "elem": "Na"
                }
            ],
            "charge": 1,
            "compound": "sodium",
            "mult": 1
        },
        {
            "atoms": [
                {
                    "coords": [
                        0.0,
                        0.0,
                        2.134111054183
                    ],
                    "elem": "Br"
                }
            ],
            "charge": -1,
            "compound": "bromide",
            "mult": 1
        }
    ],
    "system": "sodium#bromide"
}