{
    "energies": {
        "Disp2 (CCD)": -0.00778147677,
        "Disp20": -0.00899873053,
        "Disp21": 0.00095522034,
        "Disp22 (S) (CCD)": -0.0007741279899999999,
        "Disp22 (SDQ)": -0.0007802512499999999,
        "Disp22 (T)": -0.0011502450399999999,
        "Disp22 (T) (CCD)": -0.00104855492,
        "Dispersion": -0.00654059229,
        "Electrostatics": -0.26532453284,
        "Elst10,r": -0.26276141127,
        "Elst12,r": -0.00549684199,
        "Est. Disp22 (T)": -0.00130167709,
        "Est. Disp22 (T) (CCD)": -0.00118659926,
        "Exch-Disp20": 0.00303932169,
        "Exch-Ind20,r": 0.10451929275,
        "Exch-Ind22": 0.03600871528,
        "Exch10": 0.06975012537000001,
        "Exch10(S^2)": 0.06805249725,
        "Exch11(S^2)": -0.00115248964,
        "Exch12(S^2)": 0.01504905888,
        "Exchange": 0.08364669462,
        "Ind20,r": -0.12527543801,
        "Ind22": -0.043159568540000005,
        "Induction": -0.02341598313,
        "InteractionEnergy": -0.2145835442,
        "delta HF,r (2)": -0.00116654301,
        "delta MP2,r (2)": 0.00580443829
    },
    "index": "0004",
    "jobtype": "SP",
    "logFile": "0004.log.gz",
    "method": "sapt2+3(ccd)dmp2-aug-cc-pvtz",
    "mols": [
        {
            "atoms": [
                {
                    "coords": [
                        0.0,
                        0.0,
                        -0.721100167178
                    ],
                    "elem": "K"
                }
            ],
            "charge": 1,
            "compound": "potassium",
            "mult": 1
        },
        {
            "atoms": [
                {
                    "coords": [
                        0.0,
                        0.0,
                        1.478899832822
                    ],
                    "elem": "F"
                }
            ],
            "charge": -1,
            "compound": "fluoride",
            "mult": 1
        }
    ],
    "system": "potassium#fluoride"
}