{
    "energies": {
        "Disp2 (CCD)": -0.01539720774,
        "Disp20": -0.01808879035,
        "Disp21": 0.00234550272,
        "Disp22 (S) (CCD)": -0.00121235175,
        "Disp22 (SDQ)": -0.0013354890800000001,
        "Disp22 (T)": -0.0021472488200000002,
        "Disp22 (T) (CCD)": -0.0019367412600000001,
        "Dispersion": -0.01088205181,
        "Electrostatics": -0.33408500334,
        "Elst10,r": -0.32958371752,
        "Elst12,r": -0.0082197846,
        "Est. Disp22 (T)": -0.00234788025,
        "Est. Disp22 (T) (CCD)": -0.00211770359,
        "Exch-Disp20": 0.006575547,
        "Exch-Ind20,r": 0.22587806655,
        "Exch-Ind22": 0.06232466446,
        "Exch10": 0.17140002887,
        "Exch10(S^2)": 0.16257638818999998,
        "Exch11(S^2)": -0.00332520398,
        "Exch12(S^2)": 0.024103376109999998,
        "Exchange": 0.192178201,
        "Ind20,r": -0.27277765824,
        "Ind22": -0.07526528043,
        "Induction": -0.039791784389999994,
        "InteractionEnergy": -0.19640786717,
        "delta HF,r (2)": 0.008391873020000001,
        "delta MP2,r (2)": 0.01281748467
    },
    "index": "0204",
    "jobtype": "SP",
    "logFile": "0204.log.gz",
    "method": "sapt2+3(ccd)dmp2-aug-cc-pvtz",
    "mols": [
        {
            "atoms": [
                {
                    "coords": [
                        0.0,
                        0.0,
                        -0.63587923833
                    ],
                    "elem": "K"
                }
            ],
            "charge": 1,
            "compound": "potassium",
            "mult": 1
        },
        {
            "atoms": [
                {
                    "coords": [
                        0.0,
                        0.0,
                        1.30412076167
                    ],
                    "elem": "F"
                }
            ],
            "charge": -1,
            "compound": "fluoride",
            "mult": 1
        }
    ],
    "system": "potassium#fluoride"
}