{
    "energies": {
        "Disp2 (CCD)": -3.2016e-07,
        "Disp20": -4.3555e-07,
        "Disp21": 1.1238e-07,
        "Disp22 (S) (CCD)": -9.639999999999999e-09,
        "Disp22 (SDQ)": -4.1999999999999996e-09,
        "Disp22 (T)": -5.251e-08,
        "Disp22 (T) (CCD)": -5.171e-08,
        "Dispersion": -3.833e-07,
        "Electrostatics": -0.039939100740000004,
        "Elst10,r": -0.03993909862,
        "Elst12,r": 2.0797e-07,
        "Est. Disp22 (T)": -5.304e-08,
        "Est. Disp22 (T) (CCD)": -5.223e-08,
        "Exch-Disp20": 0.0,
        "Exch-Ind20,r": 1.2e-10,
        "Exch-Ind22": 1.0000000000000001e-11,
        "Exch10": 2.0000000000000002e-11,
        "Exch10(S^2)": 2.0000000000000002e-11,
        "Exch11(S^2)": -0.0,
        "Exch12(S^2)": 2.0000000000000002e-11,
        "Exchange": 4.9999999999999995e-11,
        "Ind20,r": -5.3585489999999996e-05,
        "Ind22": -3.60452e-06,
        "Induction": 3.357024e-05,
        "InteractionEnergy": -0.03990570367,
        "delta HF,r (2)": 9.120025e-05,
        "delta MP2,r (2)": -4.414e-07
    },
    "index": "0266",
    "jobtype": "SP",
    "logFile": "0266.log.gz",
    "method": "sapt2+3(ccd)dmp2-aug-cc-pvtz",
    "mols": [
        {
            "atoms": [
                {
                    "coords": [
                        0.0,
                        0.0,
                        -8.890544199928
                    ],
                    "elem": "K"
                }
            ],
            "charge": 1,
            "compound": "potassium",
            "mult": 1
        },
        {
            "atoms": [
                {
                    "coords": [
                        0.0,
                        0.0,
                        4.389455800072
                    ],
                    "elem": "Br"
                }
            ],
            "charge": -1,
            "compound": "bromide",
            "mult": 1
        }
    ],
    "system": "potassium#bromide"
}