{
    "energies": {
        "Disp2 (CCD)": -0.00146056942,
        "Disp20": -0.0016553056600000001,
        "Disp21": 0.0001246109,
        "Disp22 (S) (CCD)": -0.00021723410000000002,
        "Disp22 (SDQ)": -0.00022433368,
        "Disp22 (T)": -0.00024360945,
        "Disp22 (T) (CCD)": -0.00022665469999999998,
        "Dispersion": -0.0016738258,
        "Electrostatics": -0.18364014073,
        "Elst10,r": -0.1832249966,
        "Elst12,r": -0.00137668633,
        "Est. Disp22 (T)": -0.00027776789,
        "Est. Disp22 (T) (CCD)": -0.00025843578000000003,
        "Exch-Disp20": 0.0003597887,
        "Exch-Ind20,r": 0.01281328697,
        "Exch-Ind22": 0.0057658967,
        "Exch10": 0.006707116779999999,
        "Exch10(S^2)": 0.00668627031,
        "Exch11(S^2)": -6.467648e-05,
        "Exch12(S^2)": 0.0031569566500000003,
        "Exchange": 0.00979939695,
        "Ind20,r": -0.020076017449999997,
        "Ind22": -0.009034078689999999,
        "Induction": -0.00842992817,
        "InteractionEnergy": -0.18490727693,
        "delta HF,r (2)": -0.00029518234,
        "delta MP2,r (2)": 0.00229755448
    },
    "index": "0210",
    "jobtype": "SP",
    "logFile": "0210.log.gz",
    "method": "sapt2+3(ccd)dmp2-aug-cc-pvtz",
    "mols": [
        {
            "atoms": [
                {
                    "coords": [
                        0.0,
                        0.0,
                        -0.957096585528
                    ],
                    "elem": "K"
                }
            ],
            "charge": 1,
            "compound": "potassium",
            "mult": 1
        },
        {
            "atoms": [
                {
                    "coords": [
                        0.0,
                        0.0,
                        1.962903414472
                    ],
                    "elem": "F"
                }
            ],
            "charge": -1,
            "compound": "fluoride",
            "mult": 1
        }
    ],
    "system": "potassium#fluoride"
}