{
    "energies": {
        "Disp2 (CCD)": -0.00286197687,
        "Disp20": -0.00285325207,
        "Disp21": -7.192499e-05,
        "Disp22 (S) (CCD)": -4.063463e-05,
        "Disp22 (SDQ)": 2.0606949999999998e-05,
        "Disp22 (T)": -0.00014550136,
        "Disp22 (T) (CCD)": -0.00016643701,
        "Dispersion": -0.00386064511,
        "Electrostatics": -0.27290354056,
        "Elst10,r": -0.27469929019,
        "Elst12,r": 0.0028971103,
        "Est. Disp22 (T)": -0.00017118977,
        "Est. Disp22 (T) (CCD)": -0.00019582163999999998,
        "Exch-Disp20": 0.00040080027,
        "Exch-Ind20,r": 0.08135844572,
        "Exch-Ind22": 0.00453346348,
        "Exch10": 0.09987397694000001,
        "Exch10(S^2)": 0.09742086159999999,
        "Exch11(S^2)": -0.00159688177,
        "Exch12(S^2)": 0.0015287991999999998,
        "Exchange": 0.09980589436,
        "Ind20,r": -0.12326367651,
        "Ind22": -0.00686851096,
        "Induction": -0.0527018748,
        "InteractionEnergy": -0.22856231658999998,
        "delta HF,r (2)": -0.01247551237,
        "delta MP2,r (2)": 0.0028473924300000003
    },
    "index": "0000",
    "jobtype": "SP",
    "logFile": "0000.log.gz",
    "method": "sapt2+3(ccd)dmp2-aug-cc-pvtz",
    "mols": [
        {
            "atoms": [
                {
                    "coords": [
                        0.0,
                        0.0,
                        -1.499205681444
                    ],
                    "elem": "Li"
                }
            ],
            "charge": 1,
            "compound": "lithium",
            "mult": 1
        },
        {
            "atoms": [
                {
                    "coords": [
                        0.0,
                        0.0,
                        0.300794318556
                    ],
                    "elem": "Cl"
                }
            ],
            "charge": -1,
            "compound": "chloride",
            "mult": 1
        }
    ],
    "system": "lithium#chloride"
}