{
    "energies": {
        "Disp2 (CCD)": -0.00131220603,
        "Disp20": -0.00126309697,
        "Disp21": -5.393116e-05,
        "Disp22 (S) (CCD)": -0.0001522336,
        "Disp22 (SDQ)": -0.00016732441000000001,
        "Disp22 (T)": -0.00012382878,
        "Disp22 (T) (CCD)": -0.00012146634,
        "Dispersion": -0.0011958077600000001,
        "Electrostatics": -0.26996125044,
        "Elst10,r": -0.26932614437,
        "Elst12,r": -0.0006583181,
        "Est. Disp22 (T)": -0.00015836824,
        "Est. Disp22 (T) (CCD)": -0.00015534685000000002,
        "Exch-Disp20": 0.00040301838,
        "Exch-Ind20,r": 0.05327466359,
        "Exch-Ind22": 0.016262679810000003,
        "Exch10": 0.038411073979999995,
        "Exch10(S^2)": 0.03805869034,
        "Exch11(S^2)": -0.00063587357,
        "Exch12(S^2)": 0.00926142591,
        "Exchange": 0.04703662633,
        "Ind20,r": -0.06791075906999999,
        "Ind22": -0.02073050971,
        "Induction": -0.0136835646,
        "InteractionEnergy": -0.23783883341999998,
        "delta HF,r (2)": 0.0032460713,
        "delta MP2,r (2)": 0.0021836249099999997
    },
    "index": "0206",
    "jobtype": "SP",
    "logFile": "0206.log.gz",
    "method": "sapt2+3(ccd)dmp2-aug-cc-pvtz",
    "mols": [
        {
            "atoms": [
                {
                    "coords": [
                        0.0,
                        0.0,
                        -0.913990110887
                    ],
                    "elem": "Na"
                }
            ],
            "charge": 1,
            "compound": "sodium",
            "mult": 1
        },
        {
            "atoms": [
                {
                    "coords": [
                        0.0,
                        0.0,
                        1.106009889113
                    ],
                    "elem": "F"
                }
            ],
            "charge": -1,
            "compound": "fluoride",
            "mult": 1
        }
    ],
    "system": "sodium#fluoride"
}