{
    "energies": {
        "Disp2 (CCD)": -0.00267175324,
        "Disp20": -0.00273570921,
        "Disp21": 2.170184e-05,
        "Disp22 (S) (CCD)": -0.00013612023000000002,
        "Disp22 (SDQ)": -8.447594e-05,
        "Disp22 (T)": -0.00019284047000000002,
        "Disp22 (T) (CCD)": -0.00021057787,
        "Dispersion": -0.0019218321599999998,
        "Electrostatics": -0.25764264689,
        "Elst10,r": -0.25737572979,
        "Elst12,r": 2.455806e-05,
        "Est. Disp22 (T)": -0.00023655656,
        "Est. Disp22 (T) (CCD)": -0.00025831494,
        "Exch-Disp20": 0.00107511892,
        "Exch-Ind20,r": 0.16993060224999998,
        "Exch-Ind22": 0.01040044059,
        "Exch10": 0.10601448409,
        "Exch10(S^2)": 0.10343066816,
        "Exch11(S^2)": -0.0024826122599999998,
        "Exch12(S^2)": 0.00325529665,
        "Exchange": 0.10678716848,
        "Ind20,r": -0.20793147768,
        "Ind22": -0.012726247960000001,
        "Induction": -0.02487192078,
        "InteractionEnergy": -0.17742831179000002,
        "delta HF,r (2)": 0.01246393452,
        "delta MP2,r (2)": 0.00298950922
    },
    "index": "0000",
    "jobtype": "SP",
    "logFile": "0000.log.gz",
    "method": "sapt2+3(ccd)dmp2-aug-cc-pvtz",
    "mols": [
        {
            "atoms": [
                {
                    "coords": [
                        0.0,
                        0.0,
                        -1.703695103678
                    ],
                    "elem": "Na"
                }
            ],
            "charge": 1,
            "compound": "sodium",
            "mult": 1
        },
        {
            "atoms": [
                {
                    "coords": [
                        0.0,
                        0.0,
                        0.496304896322
                    ],
                    "elem": "Br"
                }
            ],
            "charge": -1,
            "compound": "bromide",
            "mult": 1
        }
    ],
    "system": "sodium#bromide"
}