{
    "energies": {
        "Disp2 (CCD)": -1.5308699999999998e-06,
        "Disp20": -2.03712e-06,
        "Disp21": 4.7475000000000004e-07,
        "Disp22 (S) (CCD)": -3.951e-08,
        "Disp22 (SDQ)": -1.0699999999999998e-09,
        "Disp22 (T)": -2.5238000000000004e-07,
        "Disp22 (T) (CCD)": -2.5055e-07,
        "Dispersion": -1.8357e-06,
        "Electrostatics": -0.05388936553,
        "Elst10,r": -0.05388938572,
        "Elst12,r": 1.4584e-07,
        "Est. Disp22 (T)": -2.5525e-07,
        "Est. Disp22 (T) (CCD)": -2.5338999999999997e-07,
        "Exch-Disp20": 9.999999999999999e-11,
        "Exch-Ind20,r": 4.96e-09,
        "Exch-Ind22": 3.3e-10,
        "Exch10": 1.65e-09,
        "Exch10(S^2)": 1.65e-09,
        "Exch11(S^2)": -0.0,
        "Exch12(S^2)": 9.3e-10,
        "Exchange": 2.5799999999999998e-09,
        "Ind20,r": -0.00013185191,
        "Ind22": -8.64643e-06,
        "Induction": -0.0001437127,
        "InteractionEnergy": -0.054034785759999995,
        "delta HF,r (2)": 1.7708e-07,
        "delta MP2,r (2)": -3.4088e-06
    },
    "index": "0248",
    "jobtype": "SP",
    "logFile": "0248.log.gz",
    "method": "sapt2+3(ccd)dmp2-aug-cc-pvtz",
    "mols": [
        {
            "atoms": [
                {
                    "coords": [
                        0.0,
                        0.0,
                        -4.644694261903
                    ],
                    "elem": "K"
                }
            ],
            "charge": 1,
            "compound": "potassium",
            "mult": 1
        },
        {
            "atoms": [
                {
                    "coords": [
                        0.0,
                        0.0,
                        5.175305738097
                    ],
                    "elem": "Cl"
                }
            ],
            "charge": -1,
            "compound": "chloride",
            "mult": 1
        }
    ],
    "system": "potassium#chloride"
}