{
    "energies": {
        "Disp2 (CCD)": -0.00106277911,
        "Disp20": -0.00130902902,
        "Disp21": 0.00020595668999999999,
        "Disp22 (S) (CCD)": -4.370263e-05,
        "Disp22 (SDQ)": -1.003987e-05,
        "Disp22 (T)": -0.00013836909,
        "Disp22 (T) (CCD)": -0.00014099685,
        "Dispersion": -0.0012296629100000001,
        "Electrostatics": -0.14660999998,
        "Elst10,r": -0.14641051820999998,
        "Elst12,r": -0.00029658087,
        "Est. Disp22 (T)": -0.00015958348,
        "Est. Disp22 (T) (CCD)": -0.00016261412,
        "Exch-Disp20": 0.00022437918000000001,
        "Exch-Ind20,r": 0.00948826511,
        "Exch-Ind22": 0.00129796431,
        "Exch10": 0.00379580056,
        "Exch10(S^2)": 0.00378864332,
        "Exch11(S^2)": -1.623264e-05,
        "Exch12(S^2)": 0.0005177071100000001,
        "Exchange": 0.00429727503,
        "Ind20,r": -0.017418681029999997,
        "Ind22": -0.0023828198299999997,
        "Induction": -0.00861361756,
        "InteractionEnergy": -0.15225734769,
        "delta HF,r (2)": -0.00011904923000000001,
        "delta MP2,r (2)": 0.00033151373000000003
    },
    "index": "0213",
    "jobtype": "SP",
    "logFile": "0213.log.gz",
    "method": "sapt2+3(ccd)dmp2-aug-cc-pvtz",
    "mols": [
        {
            "atoms": [
                {
                    "coords": [
                        0.0,
                        0.0,
                        -1.721658565512
                    ],
                    "elem": "K"
                }
            ],
            "charge": 1,
            "compound": "potassium",
            "mult": 1
        },
        {
            "atoms": [
                {
                    "coords": [
                        0.0,
                        0.0,
                        1.918341434488
                    ],
                    "elem": "Cl"
                }
            ],
            "charge": -1,
            "compound": "chloride",
            "mult": 1
        }
    ],
    "system": "potassium#chloride"
}