{
    "energies": {
        "Disp2 (CCD)": -1.47e-06,
        "Disp20": -1.7205700000000001e-06,
        "Disp21": 1.8297e-07,
        "Disp22 (S) (CCD)": -1.3798e-07,
        "Disp22 (SDQ)": -1.0077e-07,
        "Disp22 (T)": -2.6797000000000004e-07,
        "Disp22 (T) (CCD)": -2.5735e-07,
        "Dispersion": -1.87752e-06,
        "Electrostatics": -0.06314726335,
        "Elst10,r": -0.06314781092999999,
        "Elst12,r": 8.4576e-07,
        "Est. Disp22 (T)": -2.7139e-07,
        "Est. Disp22 (T) (CCD)": -2.6064000000000004e-07,
        "Exch-Disp20": 1.9000000000000002e-10,
        "Exch-Ind20,r": 8.199999999999999e-09,
        "Exch-Ind22": 1.0499999999999999e-09,
        "Exch10": 4.01e-09,
        "Exch10(S^2)": 4.01e-09,
        "Exch11(S^2)": 2.0000000000000002e-11,
        "Exch12(S^2)": 9.130000000000001e-09,
        "Exchange": 1.317e-08,
        "Ind20,r": -9.945751e-05,
        "Ind22": -1.27389e-05,
        "Induction": -0.0001238586,
        "InteractionEnergy": -0.06327268822,
        "delta HF,r (2)": -2.04599e-06,
        "delta MP2,r (2)": -9.63463e-06
    },
    "index": "0243",
    "jobtype": "SP",
    "logFile": "0243.log.gz",
    "method": "sapt2+3(ccd)dmp2-aug-cc-pvtz",
    "mols": [
        {
            "atoms": [
                {
                    "coords": [
                        0.0,
                        0.0,
                        -2.746736091344
                    ],
                    "elem": "K"
                }
            ],
            "charge": 1,
            "compound": "potassium",
            "mult": 1
        },
        {
            "atoms": [
                {
                    "coords": [
                        0.0,
                        0.0,
                        5.633263908656
                    ],
                    "elem": "F"
                }
            ],
            "charge": -1,
            "compound": "fluoride",
            "mult": 1
        }
    ],
    "system": "potassium#fluoride"
}