{
    "energies": {
        "Disp2 (CCD)": -0.00080769633,
        "Disp20": -0.00079097316,
        "Disp21": -3.202276e-05,
        "Disp22 (S) (CCD)": -2.04102e-05,
        "Disp22 (SDQ)": -3.94651e-06,
        "Disp22 (T)": -4.460571e-05,
        "Disp22 (T) (CCD)": -5.099217e-05,
        "Dispersion": -0.0009918246499999999,
        "Electrostatics": -0.21455184124999999,
        "Elst10,r": -0.21492292808,
        "Elst12,r": 0.00061189339,
        "Est. Disp22 (T)": -5.29785e-05,
        "Est. Disp22 (T) (CCD)": -6.056375e-05,
        "Exch-Disp20": 0.00016756287999999999,
        "Exch-Ind20,r": 0.02921648046,
        "Exch-Ind22": 0.00206485202,
        "Exch10": 0.02370857274,
        "Exch10(S^2)": 0.02356760024,
        "Exch11(S^2)": -0.00031273021,
        "Exch12(S^2)": 0.0011021490700000001,
        "Exchange": 0.024497991599999998,
        "Ind20,r": -0.062004497039999995,
        "Ind22": -0.004382119570000001,
        "Induction": -0.03492578061,
        "InteractionEnergy": -0.22574169296,
        "delta HF,r (2)": -0.0011549232599999998,
        "delta MP2,r (2)": 0.00105266492
    },
    "index": "0209",
    "jobtype": "SP",
    "logFile": "0209.log.gz",
    "method": "sapt2+3(ccd)dmp2-aug-cc-pvtz",
    "mols": [
        {
            "atoms": [
                {
                    "coords": [
                        0.0,
                        0.0,
                        -2.204054955857
                    ],
                    "elem": "Li"
                }
            ],
            "charge": 1,
            "compound": "lithium",
            "mult": 1
        },
        {
            "atoms": [
                {
                    "coords": [
                        0.0,
                        0.0,
                        0.195945044143
                    ],
                    "elem": "Br"
                }
            ],
            "charge": -1,
            "compound": "bromide",
            "mult": 1
        }
    ],
    "system": "lithium#bromide"
}