{
    "energies": {
        "Disp2 (CCD)": -2.988146e-05,
        "Disp20": -3.9162130000000004e-05,
        "Disp21": 8.73673e-06,
        "Disp22 (S) (CCD)": -1.20056e-06,
        "Disp22 (SDQ)": -5.9484e-07,
        "Disp22 (T)": -4.54155e-06,
        "Disp22 (T) (CCD)": -4.5527099999999995e-06,
        "Dispersion": -3.8879549999999996e-05,
        "Electrostatics": -0.08245704087,
        "Elst10,r": -0.08245119068,
        "Elst12,r": -7.99312e-06,
        "Est. Disp22 (T)": -4.76668e-06,
        "Est. Disp22 (T) (CCD)": -4.778400000000001e-06,
        "Exch-Disp20": 4.1576999999999997e-07,
        "Exch-Ind20,r": 2.3973720000000002e-05,
        "Exch-Ind22": 1.95901e-06,
        "Exch10": 6.44182e-06,
        "Exch10(S^2)": 6.4418e-06,
        "Exch11(S^2)": -2.653e-08,
        "Exch12(S^2)": 1.93754e-06,
        "Exchange": 8.352830000000001e-06,
        "Ind20,r": -0.00110894231,
        "Ind22": -9.061689000000001e-05,
        "Induction": -0.0011106409999999999,
        "InteractionEnergy": -0.08360039081,
        "delta HF,r (2)": 0.00015766543999999998,
        "delta MP2,r (2)": -9.815416000000001e-05
    },
    "index": "0228",
    "jobtype": "SP",
    "logFile": "0228.log.gz",
    "method": "sapt2+3(ccd)dmp2-aug-cc-pvtz",
    "mols": [
        {
            "atoms": [
                {
                    "coords": [
                        0.0,
                        0.0,
                        -4.311378362013
                    ],
                    "elem": "K"
                }
            ],
            "charge": 1,
            "compound": "potassium",
            "mult": 1
        },
        {
            "atoms": [
                {
                    "coords": [
                        0.0,
                        0.0,
                        2.128621637987
                    ],
                    "elem": "Br"
                }
            ],
            "charge": -1,
            "compound": "bromide",
            "mult": 1
        }
    ],
    "system": "potassium#bromide"
}