{
    "energies": {
        "Disp2 (CCD)": -9.345274000000001e-05,
        "Disp20": -8.407651e-05,
        "Disp21": -1.0311620000000001e-05,
        "Disp22 (S) (CCD)": -1.7460010000000003e-05,
        "Disp22 (SDQ)": -1.8751420000000003e-05,
        "Disp22 (T)": -1.095462e-05,
        "Disp22 (T) (CCD)": -1.093334e-05,
        "Dispersion": -0.0001219479,
        "Electrostatics": -0.16659070038999998,
        "Elst10,r": -0.16657161424,
        "Elst12,r": -0.00015407795,
        "Est. Disp22 (T)": -1.275509e-05,
        "Est. Disp22 (T) (CCD)": -1.273032e-05,
        "Exch-Disp20": 1.014287e-05,
        "Exch-Ind20,r": 0.00182444783,
        "Exch-Ind22": 0.0007707284,
        "Exch10": 0.00085841893,
        "Exch10(S^2)": 0.00085821438,
        "Exch11(S^2)": -6.1433399999999995e-06,
        "Exch12(S^2)": 0.0006094833200000001,
        "Exchange": 0.00146175892,
        "Ind20,r": -0.00617269617,
        "Ind22": -0.00260762308,
        "Induction": -0.0063337971800000005,
        "InteractionEnergy": -0.17172048941,
        "delta HF,r (2)": -0.0001611044,
        "delta MP2,r (2)": 3.19149e-06
    },
    "index": "0214",
    "jobtype": "SP",
    "logFile": "0214.log.gz",
    "method": "sapt2+3(ccd)dmp2-aug-cc-pvtz",
    "mols": [
        {
            "atoms": [
                {
                    "coords": [
                        0.0,
                        0.0,
                        -1.43885571912
                    ],
                    "elem": "Na"
                }
            ],
            "charge": 1,
            "compound": "sodium",
            "mult": 1
        },
        {
            "atoms": [
                {
                    "coords": [
                        0.0,
                        0.0,
                        1.74114428088
                    ],
                    "elem": "F"
                }
            ],
            "charge": -1,
            "compound": "fluoride",
            "mult": 1
        }
    ],
    "system": "sodium#fluoride"
}