{
    "energies": {
        "Disp2 (CCD)": -2.882e-08,
        "Disp20": -2.7440000000000003e-08,
        "Disp21": -1.92e-09,
        "Disp22 (S) (CCD)": -2.46e-09,
        "Disp22 (SDQ)": -2.12e-09,
        "Disp22 (T)": -2.9399999999999998e-09,
        "Disp22 (T) (CCD)": -2.98e-09,
        "Dispersion": -3.449e-08,
        "Electrostatics": -0.05815402024,
        "Elst10,r": -0.05815328404,
        "Elst12,r": -6.737250000000001e-06,
        "Est. Disp22 (T)": -3.02e-09,
        "Est. Disp22 (T) (CCD)": -3.07e-09,
        "Exch-Disp20": -2.0000000000000002e-11,
        "Exch-Ind20,r": 8.000000000000001e-11,
        "Exch-Ind22": 2.0000000000000002e-11,
        "Exch10": -1.1000000000000001e-10,
        "Exch10(S^2)": -1.1000000000000001e-10,
        "Exch11(S^2)": 0.0,
        "Exch12(S^2)": -1.1000000000000001e-10,
        "Exchange": -2.1e-10,
        "Ind20,r": -4.314365e-05,
        "Ind22": -9.621070000000001e-06,
        "Induction": -5.7515740000000005e-05,
        "InteractionEnergy": -0.05821757173,
        "delta HF,r (2)": -3.4863e-07,
        "delta MP2,r (2)": -4.402599999999999e-06
    },
    "index": "0263",
    "jobtype": "SP",
    "logFile": "0263.log.gz",
    "method": "sapt2+3(ccd)dmp2-aug-cc-pvtz",
    "mols": [
        {
            "atoms": [
                {
                    "coords": [
                        0.0,
                        0.0,
                        -6.645758692235
                    ],
                    "elem": "Li"
                }
            ],
            "charge": 1,
            "compound": "lithium",
            "mult": 1
        },
        {
            "atoms": [
                {
                    "coords": [
                        0.0,
                        0.0,
                        2.454241307765
                    ],
                    "elem": "F"
                }
            ],
            "charge": -1,
            "compound": "fluoride",
            "mult": 1
        }
    ],
    "system": "lithium#fluoride"
}