{
    "energies": {
        "Disp2 (CCD)": -0.0016204970999999999,
        "Disp20": -0.00157586666,
        "Disp21": -4.777034e-05,
        "Disp22 (S) (CCD)": -0.00018083118000000002,
        "Disp22 (SDQ)": -0.00020243636,
        "Disp22 (T)": -0.00015119488,
        "Disp22 (T) (CCD)": -0.00014728177000000001,
        "Dispersion": -0.00142288712,
        "Electrostatics": -0.28170727939,
        "Elst10,r": -0.28096618276999996,
        "Elst12,r": -0.0006418490999999999,
        "Est. Disp22 (T)": -0.00019436142,
        "Est. Disp22 (T) (CCD)": -0.00018933111,
        "Exch-Disp20": 0.00052904183,
        "Exch-Ind20,r": 0.06600843345,
        "Exch-Ind22": 0.01906552307,
        "Exch10": 0.049472130409999995,
        "Exch10(S^2)": 0.04890047213,
        "Exch11(S^2)": -0.00086403509,
        "Exch12(S^2)": 0.010728580259999999,
        "Exchange": 0.05933667558,
        "Ind20,r": -0.08182262086,
        "Ind22": -0.02363320843,
        "Induction": -0.01453139076,
        "InteractionEnergy": -0.23824126833,
        "delta HF,r (2)": 0.00373567037,
        "delta MP2,r (2)": 0.00213790793
    },
    "index": "0005",
    "jobtype": "SP",
    "logFile": "0005.log.gz",
    "method": "sapt2+3(ccd)dmp2-aug-cc-pvtz",
    "mols": [
        {
            "atoms": [
                {
                    "coords": [
                        0.0,
                        0.0,
                        -0.882317186253
                    ],
                    "elem": "Na"
                }
            ],
            "charge": 1,
            "compound": "sodium",
            "mult": 1
        },
        {
            "atoms": [
                {
                    "coords": [
                        0.0,
                        0.0,
                        1.067682813747
                    ],
                    "elem": "F"
                }
            ],
            "charge": -1,
            "compound": "fluoride",
            "mult": 1
        }
    ],
    "system": "sodium#fluoride"
}