{
    "energies": {
        "Disp2 (CCD)": -0.00655207216,
        "Disp20": -0.00810893662,
        "Disp21": 0.00131969541,
        "Disp22 (S) (CCD)": -0.00016548455,
        "Disp22 (SDQ)": 6.499897e-05,
        "Disp22 (T)": -0.0007808244800000001,
        "Disp22 (T) (CCD)": -0.00079116726,
        "Dispersion": -0.0056926819000000005,
        "Electrostatics": -0.21265909516,
        "Elst10,r": -0.21153662482,
        "Elst12,r": -0.00149911113,
        "Est. Disp22 (T)": -0.0008737374999999999,
        "Est. Disp22 (T) (CCD)": -0.00088531101,
        "Exch-Disp20": 0.0024928931,
        "Exch-Ind20,r": 0.10486222016,
        "Exch-Ind22": 0.01107505553,
        "Exch10": 0.05267350105,
        "Exch10(S^2)": 0.051533458940000006,
        "Exch11(S^2)": -0.00059515688,
        "Exch12(S^2)": 0.0025538567599999997,
        "Exchange": 0.054632200930000006,
        "Ind20,r": -0.12580321946,
        "Ind22": -0.013286745590000001,
        "Induction": -0.01766534617,
        "InteractionEnergy": -0.18180467126,
        "delta HF,r (2)": 0.0017405665,
        "delta MP2,r (2)": 0.00312096124
    },
    "index": "0006",
    "jobtype": "SP",
    "logFile": "0006.log.gz",
    "method": "sapt2+3(ccd)dmp2-aug-cc-pvtz",
    "mols": [
        {
            "atoms": [
                {
                    "coords": [
                        0.0,
                        0.0,
                        -1.277054430462
                    ],
                    "elem": "K"
                }
            ],
            "charge": 1,
            "compound": "potassium",
            "mult": 1
        },
        {
            "atoms": [
                {
                    "coords": [
                        0.0,
                        0.0,
                        1.422945569538
                    ],
                    "elem": "Cl"
                }
            ],
            "charge": -1,
            "compound": "chloride",
            "mult": 1
        }
    ],
    "system": "potassium#chloride"
}