{
    "energies": {
        "Disp2 (CCD)": -0.0026075862,
        "Disp20": -0.00254266326,
        "Disp21": -8.208683e-05,
        "Disp22 (S) (CCD)": -0.00016016098,
        "Disp22 (SDQ)": -0.00017160352,
        "Disp22 (T)": -0.00016791801000000001,
        "Disp22 (T) (CCD)": -0.00016515564,
        "Dispersion": -0.0035105210100000003,
        "Electrostatics": -0.34454733884,
        "Elst10,r": -0.34706316592,
        "Elst12,r": 0.00797601607,
        "Est. Disp22 (T)": -0.00022001608,
        "Est. Disp22 (T) (CCD)": -0.00021639667000000003,
        "Exch-Disp20": 0.00027037588,
        "Exch-Ind20,r": 0.06205280106,
        "Exch-Ind22": 0.011589294029999999,
        "Exch10": 0.09414254321,
        "Exch10(S^2)": 0.09198862108,
        "Exch11(S^2)": -0.00101807002,
        "Exch12(S^2)": 0.010862783130000001,
        "Exchange": 0.10398725633,
        "Ind20,r": -0.08812459662000001,
        "Ind22": -0.01645859404,
        "Induction": -0.04604360934000001,
        "InteractionEnergy": -0.28464781172,
        "delta HF,r (2)": -0.01413663385,
        "delta MP2,r (2)": -0.00175642081
    },
    "index": "0006",
    "jobtype": "SP",
    "logFile": "0006.log.gz",
    "method": "sapt2+3(ccd)dmp2-aug-cc-pvtz",
    "mols": [
        {
            "atoms": [
                {
                    "coords": [
                        0.0,
                        0.0,
                        -1.080848666429
                    ],
                    "elem": "Li"
                }
            ],
            "charge": 1,
            "compound": "lithium",
            "mult": 1
        },
        {
            "atoms": [
                {
                    "coords": [
                        0.0,
                        0.0,
                        0.399151333571
                    ],
                    "elem": "F"
                }
            ],
            "charge": -1,
            "compound": "fluoride",
            "mult": 1
        }
    ],
    "system": "lithium#fluoride"
}