{
    "energies": {
        "Disp2 (CCD)": -0.00287788499,
        "Disp20": -0.0028178345999999997,
        "Disp21": -7.631926e-05,
        "Disp22 (S) (CCD)": -0.00016945428,
        "Disp22 (SDQ)": -0.00018477252999999998,
        "Disp22 (T)": -0.00018332466,
        "Disp22 (T) (CCD)": -0.0001802628,
        "Dispersion": -0.00390916038,
        "Electrostatics": -0.35065913244,
        "Elst10,r": -0.35342605845999997,
        "Elst12,r": 0.00866238092,
        "Est. Disp22 (T)": -0.00024010182,
        "Est. Disp22 (T) (CCD)": -0.00023609168,
        "Exch-Disp20": 0.00028335754000000004,
        "Exch-Ind20,r": 0.06702305784000001,
        "Exch-Ind22": 0.01220556137,
        "Exch10": 0.10562268456,
        "Exch10(S^2)": 0.10292860637,
        "Exch11(S^2)": -0.00113931681,
        "Exch12(S^2)": 0.01121857163,
        "Exchange": 0.11570193937,
        "Ind20,r": -0.09408505666000001,
        "Ind22": -0.017133818869999998,
        "Induction": -0.04892405032,
        "InteractionEnergy": -0.28188608287,
        "delta HF,r (2)": -0.0159682755,
        "delta MP2,r (2)": -0.00186573947
    },
    "index": "0005",
    "jobtype": "SP",
    "logFile": "0005.log.gz",
    "method": "sapt2+3(ccd)dmp2-aug-cc-pvtz",
    "mols": [
        {
            "atoms": [
                {
                    "coords": [
                        0.0,
                        0.0,
                        -1.05893957184
                    ],
                    "elem": "Li"
                }
            ],
            "charge": 1,
            "compound": "lithium",
            "mult": 1
        },
        {
            "atoms": [
                {
                    "coords": [
                        0.0,
                        0.0,
                        0.39106042816
                    ],
                    "elem": "F"
                }
            ],
            "charge": -1,
            "compound": "fluoride",
            "mult": 1
        }
    ],
    "system": "lithium#fluoride"
}