{
    "energies": {
        "Disp2 (CCD)": -9.238000000000001e-07,
        "Disp20": -1.0826500000000001e-06,
        "Disp21": 1.1657e-07,
        "Disp22 (S) (CCD)": -8.441e-08,
        "Disp22 (SDQ)": -5.96e-08,
        "Disp22 (T)": -1.6894e-07,
        "Disp22 (T) (CCD)": -1.6214e-07,
        "Dispersion": -1.17533e-06,
        "Electrostatics": -0.0585362622,
        "Elst10,r": -0.05853693902,
        "Elst12,r": 2.25166e-06,
        "Est. Disp22 (T)": -1.7066999999999998e-07,
        "Est. Disp22 (T) (CCD)": -1.638e-07,
        "Exch-Disp20": 4.9999999999999995e-11,
        "Exch-Ind20,r": 2.24e-09,
        "Exch-Ind22": 2.8e-10,
        "Exch10": 1.1000000000000001e-09,
        "Exch10(S^2)": 1.1000000000000001e-09,
        "Exch11(S^2)": 1.0000000000000001e-11,
        "Exch12(S^2)": 3.6e-09,
        "Exchange": 4.71e-09,
        "Ind20,r": -7.304089e-05,
        "Ind22": -9.06844e-06,
        "Induction": -9.025775e-05,
        "InteractionEnergy": -0.05862611576,
        "delta HF,r (2)": -1.2318e-06,
        "delta MP2,r (2)": -6.92254e-06
    },
    "index": "0247",
    "jobtype": "SP",
    "logFile": "0247.log.gz",
    "method": "sapt2+3(ccd)dmp2-aug-cc-pvtz",
    "mols": [
        {
            "atoms": [
                {
                    "coords": [
                        0.0,
                        0.0,
                        -2.963066141497
                    ],
                    "elem": "K"
                }
            ],
            "charge": 1,
            "compound": "potassium",
            "mult": 1
        },
        {
            "atoms": [
                {
                    "coords": [
                        0.0,
                        0.0,
                        6.076933858503
                    ],
                    "elem": "F"
                }
            ],
            "charge": -1,
            "compound": "fluoride",
            "mult": 1
        }
    ],
    "system": "potassium#fluoride"
}