{
    "energies": {
        "Disp2 (CCD)": -0.0031805298,
        "Disp20": -0.00312764826,
        "Disp21": -6.782546e-05,
        "Disp22 (S) (CCD)": -0.00017929119,
        "Disp22 (SDQ)": -0.00019937940000000002,
        "Disp22 (T)": -0.00019858007,
        "Disp22 (T) (CCD)": -0.00019520703,
        "Dispersion": -0.00436228033,
        "Electrostatics": -0.35695395,
        "Elst10,r": -0.35999702881,
        "Elst12,r": 0.009407830360000001,
        "Est. Disp22 (T)": -0.00026157807,
        "Est. Disp22 (T) (CCD)": -0.00025713494999999995,
        "Exch-Disp20": 0.00029497715000000003,
        "Exch-Ind20,r": 0.07232684467,
        "Exch-Ind22": 0.01283687224,
        "Exch10": 0.11859971661999999,
        "Exch10(S^2)": 0.11522624849,
        "Exch11(S^2)": -0.00127210384,
        "Exch12(S^2)": 0.01153715256,
        "Exchange": 0.12886476533000002,
        "Ind20,r": -0.1005380817,
        "Ind22": -0.01784392111,
        "Induction": -0.05208609546,
        "InteractionEnergy": -0.27816076129,
        "delta HF,r (2)": -0.01796998052,
        "delta MP2,r (2)": -0.00192608298
    },
    "index": "0004",
    "jobtype": "SP",
    "logFile": "0004.log.gz",
    "method": "sapt2+3(ccd)dmp2-aug-cc-pvtz",
    "mols": [
        {
            "atoms": [
                {
                    "coords": [
                        0.0,
                        0.0,
                        -1.03703047725
                    ],
                    "elem": "Li"
                }
            ],
            "charge": 1,
            "compound": "lithium",
            "mult": 1
        },
        {
            "atoms": [
                {
                    "coords": [
                        0.0,
                        0.0,
                        0.38296952275
                    ],
                    "elem": "F"
                }
            ],
            "charge": -1,
            "compound": "fluoride",
            "mult": 1
        }
    ],
    "system": "lithium#fluoride"
}