{
    "energies": {
        "Disp2 (CCD)": -0.00190058947,
        "Disp20": -0.00192323845,
        "Disp21": -5.59959e-06,
        "Disp22 (S) (CCD)": -9.896369e-05,
        "Disp22 (SDQ)": -6.327645e-05,
        "Disp22 (T)": -0.00014036518,
        "Disp22 (T) (CCD)": -0.00015344631000000002,
        "Dispersion": -0.00156245002,
        "Electrostatics": -0.23586841206,
        "Elst10,r": -0.23563442943000001,
        "Elst12,r": -8.137606999999999e-05,
        "Est. Disp22 (T)": -0.00016855195000000002,
        "Est. Disp22 (T) (CCD)": -0.00018425992,
        "Exch-Disp20": 0.00067305192,
        "Exch-Ind20,r": 0.1166594395,
        "Exch-Ind22": 0.00793148318,
        "Exch10": 0.06802044735,
        "Exch10(S^2)": 0.06692099813,
        "Exch11(S^2)": -0.00138926123,
        "Exch12(S^2)": 0.00262792058,
        "Exchange": 0.0692591067,
        "Ind20,r": -0.14879310767999998,
        "Ind22": -0.01011619836,
        "Induction": -0.0235052213,
        "InteractionEnergy": -0.19156339202,
        "delta HF,r (2)": 0.0086433208,
        "delta MP2,r (2)": 0.0020791305000000004
    },
    "index": "0003",
    "jobtype": "SP",
    "logFile": "0003.log.gz",
    "method": "sapt2+3(ccd)dmp2-aug-cc-pvtz",
    "mols": [
        {
            "atoms": [
                {
                    "coords": [
                        0.0,
                        0.0,
                        -1.819856133475
                    ],
                    "elem": "Na"
                }
            ],
            "charge": 1,
            "compound": "sodium",
            "mult": 1
        },
        {
            "atoms": [
                {
                    "coords": [
                        0.0,
                        0.0,
                        0.530143866525
                    ],
                    "elem": "Br"
                }
            ],
            "charge": -1,
            "compound": "bromide",
            "mult": 1
        }
    ],
    "system": "sodium#bromide"
}