{
    "energies": {
        "Disp2 (CCD)": -0.00011610132,
        "Disp20": -0.00011293654,
        "Disp21": -5.22542e-06,
        "Disp22 (S) (CCD)": -5.083210000000001e-06,
        "Disp22 (SDQ)": -2.6784199999999998e-06,
        "Disp22 (T)": -6.80595e-06,
        "Disp22 (T) (CCD)": -7.64032e-06,
        "Dispersion": -0.00014545997999999998,
        "Electrostatics": -0.16173920794,
        "Elst10,r": -0.16174080807000002,
        "Elst12,r": 2.067563e-05,
        "Est. Disp22 (T)": -8.83044e-06,
        "Est. Disp22 (T) (CCD)": -9.91301e-06,
        "Exch-Disp20": 2.267206e-05,
        "Exch-Ind20,r": 0.00400153849,
        "Exch-Ind22": 0.00035582018999999996,
        "Exch10": 0.0022380927000000004,
        "Exch10(S^2)": 0.00223684485,
        "Exch11(S^2)": -1.556046e-05,
        "Exch12(S^2)": 0.00024276497999999998,
        "Exchange": 0.00246529722,
        "Ind20,r": -0.01933463489,
        "Ind22": -0.00171925208,
        "Induction": -0.019082604,
        "InteractionEnergy": -0.17848516413999999,
        "delta HF,r (2)": -0.00206427068,
        "delta MP2,r (2)": -0.00036110448
    },
    "index": "0215",
    "jobtype": "SP",
    "logFile": "0215.log.gz",
    "method": "sapt2+3(ccd)dmp2-aug-cc-pvtz",
    "mols": [
        {
            "atoms": [
                {
                    "coords": [
                        0.0,
                        0.0,
                        -2.993841315039
                    ],
                    "elem": "Li"
                }
            ],
            "charge": 1,
            "compound": "lithium",
            "mult": 1
        },
        {
            "atoms": [
                {
                    "coords": [
                        0.0,
                        0.0,
                        0.266158684961
                    ],
                    "elem": "Br"
                }
            ],
            "charge": -1,
            "compound": "bromide",
            "mult": 1
        }
    ],
    "system": "lithium#bromide"
}