{
    "energies": {
        "Disp2 (CCD)": -6.021249999999999e-06,
        "Disp20": -8.07234e-06,
        "Disp21": 1.97462e-06,
        "Disp22 (S) (CCD)": -1.9571e-07,
        "Disp22 (SDQ)": -8.702999999999999e-08,
        "Disp22 (T)": -9.557399999999998e-07,
        "Disp22 (T) (CCD)": -9.4852e-07,
        "Dispersion": -7.377029999999999e-06,
        "Electrostatics": -0.06442263872,
        "Elst10,r": -0.06442134714,
        "Elst12,r": -1.5652999999999999e-06,
        "Est. Disp22 (T)": -9.7781e-07,
        "Est. Disp22 (T) (CCD)": -9.7042e-07,
        "Exch-Disp20": 6.18e-09,
        "Exch-Ind20,r": 3.906e-07,
        "Exch-Ind22": 2.766e-08,
        "Exch10": 9.421e-08,
        "Exch10(S^2)": 9.421e-08,
        "Exch11(S^2)": -4.2e-10,
        "Exch12(S^2)": 4.082e-08,
        "Exchange": 1.3460999999999999e-07,
        "Ind20,r": -0.00037478718,
        "Ind22": -2.654299e-05,
        "Induction": -0.0002273976,
        "InteractionEnergy": -0.06465755396,
        "delta HF,r (2)": 0.00018653854,
        "delta MP2,r (2)": -1.322157e-05
    },
    "index": "0238",
    "jobtype": "SP",
    "logFile": "0238.log.gz",
    "method": "sapt2+3(ccd)dmp2-aug-cc-pvtz",
    "mols": [
        {
            "atoms": [
                {
                    "coords": [
                        0.0,
                        0.0,
                        -5.51642200357
                    ],
                    "elem": "K"
                }
            ],
            "charge": 1,
            "compound": "potassium",
            "mult": 1
        },
        {
            "atoms": [
                {
                    "coords": [
                        0.0,
                        0.0,
                        2.72357799643
                    ],
                    "elem": "Br"
                }
            ],
            "charge": -1,
            "compound": "bromide",
            "mult": 1
        }
    ],
    "system": "potassium#bromide"
}