{
    "energies": {
        "Disp2 (CCD)": -1.076305e-05,
        "Disp20": -1.076866e-05,
        "Disp21": -1.7717000000000002e-07,
        "Disp22 (S) (CCD)": -5.889e-07,
        "Disp22 (SDQ)": -3.7416e-07,
        "Disp22 (T)": -6.9934e-07,
        "Disp22 (T) (CCD)": -7.783999999999999e-07,
        "Dispersion": -1.435145e-05,
        "Electrostatics": -0.11604351077,
        "Elst10,r": -0.11602124408,
        "Elst12,r": -2.8204960000000002e-05,
        "Est. Disp22 (T)": -8.88e-07,
        "Est. Disp22 (T) (CCD)": -9.8838e-07,
        "Exch-Disp20": 9.5796e-07,
        "Exch-Ind20,r": 0.00019693236,
        "Exch-Ind22": 1.868362e-05,
        "Exch10": 8.090147000000001e-05,
        "Exch10(S^2)": 8.089986999999999e-05,
        "Exch11(S^2)": -3.035e-07,
        "Exch12(S^2)": 1.650559e-05,
        "Exchange": 9.710356000000001e-05,
        "Ind20,r": -0.00463468133,
        "Ind22": -0.00043970746,
        "Induction": -0.0073206728300000004,
        "InteractionEnergy": -0.12328752072,
        "delta HF,r (2)": -0.00156085053,
        "delta MP2,r (2)": -0.0009041695199999999
    },
    "index": "0224",
    "jobtype": "SP",
    "logFile": "0224.log.gz",
    "method": "sapt2+3(ccd)dmp2-aug-cc-pvtz",
    "mols": [
        {
            "atoms": [
                {
                    "coords": [
                        0.0,
                        0.0,
                        -4.187704416128
                    ],
                    "elem": "Li"
                }
            ],
            "charge": 1,
            "compound": "lithium",
            "mult": 1
        },
        {
            "atoms": [
                {
                    "coords": [
                        0.0,
                        0.0,
                        0.372295583872
                    ],
                    "elem": "Br"
                }
            ],
            "charge": -1,
            "compound": "bromide",
            "mult": 1
        }
    ],
    "system": "lithium#bromide"
}