{
    "energies": {
        "Disp2 (CCD)": -4.9035e-07,
        "Disp20": -6.6632e-07,
        "Disp21": 1.7125e-07,
        "Disp22 (S) (CCD)": -1.478e-08,
        "Disp22 (SDQ)": -6.37e-09,
        "Disp22 (T)": -8.03e-08,
        "Disp22 (T) (CCD)": -7.912e-08,
        "Dispersion": -5.874800000000001e-07,
        "Electrostatics": -0.04284469123,
        "Elst10,r": -0.042844681270000004,
        "Elst12,r": 2.1518e-07,
        "Est. Disp22 (T)": -8.111e-08,
        "Est. Disp22 (T) (CCD)": -7.993e-08,
        "Exch-Disp20": 0.0,
        "Exch-Ind20,r": 1.5e-10,
        "Exch-Ind22": 1.0000000000000001e-11,
        "Exch10": 3e-11,
        "Exch10(S^2)": 3e-11,
        "Exch11(S^2)": 0.0,
        "Exch12(S^2)": 4.9999999999999995e-11,
        "Exchange": 8.000000000000001e-11,
        "Ind20,r": -7.106929e-05,
        "Ind22": -4.78257e-06,
        "Induction": 2.3389380000000002e-05,
        "InteractionEnergy": -0.04282166412,
        "delta HF,r (2)": 9.980604e-05,
        "delta MP2,r (2)": -5.674000000000001e-07
    },
    "index": "0261",
    "jobtype": "SP",
    "logFile": "0261.log.gz",
    "method": "sapt2+3(ccd)dmp2-aug-cc-pvtz",
    "mols": [
        {
            "atoms": [
                {
                    "coords": [
                        0.0,
                        0.0,
                        -8.28802237915
                    ],
                    "elem": "K"
                }
            ],
            "charge": 1,
            "compound": "potassium",
            "mult": 1
        },
        {
            "atoms": [
                {
                    "coords": [
                        0.0,
                        0.0,
                        4.09197762085
                    ],
                    "elem": "Br"
                }
            ],
            "charge": -1,
            "compound": "bromide",
            "mult": 1
        }
    ],
    "system": "potassium#bromide"
}