{
    "energies": {
        "Disp2 (CCD)": -2.1954e-07,
        "Disp20": -2.3085e-07,
        "Disp21": 8.879999999999999e-09,
        "Disp22 (S) (CCD)": -1.584e-08,
        "Disp22 (SDQ)": -1.1070000000000001e-08,
        "Disp22 (T)": -2.4070000000000003e-08,
        "Disp22 (T) (CCD)": -2.561e-08,
        "Dispersion": -2.6421e-07,
        "Electrostatics": -0.055005616009999994,
        "Elst10,r": -0.055004120819999995,
        "Elst12,r": -2.19644e-06,
        "Est. Disp22 (T)": -2.464e-08,
        "Est. Disp22 (T) (CCD)": -2.621e-08,
        "Exch-Disp20": 2.0000000000000002e-11,
        "Exch-Ind20,r": 6.98e-09,
        "Exch-Ind22": 5.6e-10,
        "Exch10": 1.44e-09,
        "Exch10(S^2)": 1.44e-09,
        "Exch11(S^2)": -1.0000000000000001e-11,
        "Exch12(S^2)": -3.16e-09,
        "Exchange": -1.72e-09,
        "Ind20,r": -0.00017985973,
        "Ind22": -1.440163e-05,
        "Induction": -0.00021124271,
        "InteractionEnergy": -0.05521782593,
        "delta HF,r (2)": -8.79419e-06,
        "delta MP2,r (2)": -8.19737e-06
    },
    "index": "0252",
    "jobtype": "SP",
    "logFile": "0252.log.gz",
    "method": "sapt2+3(ccd)dmp2-aug-cc-pvtz",
    "mols": [
        {
            "atoms": [
                {
                    "coords": [
                        0.0,
                        0.0,
                        -7.449794044266
                    ],
                    "elem": "Na"
                }
            ],
            "charge": 1,
            "compound": "sodium",
            "mult": 1
        },
        {
            "atoms": [
                {
                    "coords": [
                        0.0,
                        0.0,
                        2.170205955733
                    ],
                    "elem": "Br"
                }
            ],
            "charge": -1,
            "compound": "bromide",
            "mult": 1
        }
    ],
    "system": "sodium#bromide"
}