{
    "energies": {
        "Disp2 (CCD)": -4.04312e-06,
        "Disp20": -5.439300000000001e-06,
        "Disp21": 1.3481299999999998e-06,
        "Disp22 (S) (CCD)": -1.2783e-07,
        "Disp22 (SDQ)": -5.5139999999999996e-08,
        "Disp22 (T)": -6.485799999999999e-07,
        "Disp22 (T) (CCD)": -6.4257e-07,
        "Dispersion": -4.91236e-06,
        "Electrostatics": -0.0604478627,
        "Elst10,r": -0.06044707311,
        "Elst12,r": -8.5824e-07,
        "Est. Disp22 (T)": -6.598e-07,
        "Est. Disp22 (T) (CCD)": -6.536899999999999e-07,
        "Exch-Disp20": 1.93e-09,
        "Exch-Ind20,r": 1.208e-07,
        "Exch-Ind22": 8.399999999999999e-09,
        "Exch10": 2.9139999999999998e-08,
        "Exch10(S^2)": 2.9139999999999998e-08,
        "Exch11(S^2)": -1.5e-10,
        "Exch12(S^2)": 1.377e-08,
        "Exchange": 4.276e-08,
        "Ind20,r": -0.00028749624,
        "Ind22": -1.9981990000000002e-05,
        "Induction": -0.00014584668,
        "InteractionEnergy": -0.06059864821,
        "delta HF,r (2)": 0.00016850098999999998,
        "delta MP2,r (2)": -7.08887e-06
    },
    "index": "0241",
    "jobtype": "SP",
    "logFile": "0241.log.gz",
    "method": "sapt2+3(ccd)dmp2-aug-cc-pvtz",
    "mols": [
        {
            "atoms": [
                {
                    "coords": [
                        0.0,
                        0.0,
                        -5.877935096037
                    ],
                    "elem": "K"
                }
            ],
            "charge": 1,
            "compound": "potassium",
            "mult": 1
        },
        {
            "atoms": [
                {
                    "coords": [
                        0.0,
                        0.0,
                        2.902064903963
                    ],
                    "elem": "Br"
                }
            ],
            "charge": -1,
            "compound": "bromide",
            "mult": 1
        }
    ],
    "system": "potassium#bromide"
}