{
    "energies": {
        "Disp2 (CCD)": -0.00352010322,
        "Disp20": -0.0034771162,
        "Disp21": -5.5997039999999995e-05,
        "Disp22 (S) (CCD)": -0.00018964071,
        "Disp22 (SDQ)": -0.00021567256000000002,
        "Disp22 (T)": -0.00021521704,
        "Disp22 (T) (CCD)": -0.00021149416,
        "Dispersion": -0.00487959929,
        "Electrostatics": -0.36343783254,
        "Elst10,r": -0.36678527639999997,
        "Elst12,r": 0.01021725497,
        "Est. Disp22 (T)": -0.00028516391,
        "Est. Disp22 (T) (CCD)": -0.00028023108000000004,
        "Exch-Disp20": 0.00030446396,
        "Exch-Ind20,r": 0.07797328977,
        "Exch-Ind22": 0.01348216504,
        "Exch10": 0.13328212374,
        "Exch10(S^2)": 0.12905323606,
        "Exch11(S^2)": -0.00141681438,
        "Exch12(S^2)": 0.01180824303,
        "Exchange": 0.14367355237999999,
        "Ind20,r": -0.10753762025000001,
        "Ind22": -0.01859405892,
        "Induction": -0.05556158522,
        "InteractionEnergy": -0.27331980409,
        "delta HF,r (2)": -0.0201417755,
        "delta MP2,r (2)": -0.00192182413
    },
    "index": "0003",
    "jobtype": "SP",
    "logFile": "0003.log.gz",
    "method": "sapt2+3(ccd)dmp2-aug-cc-pvtz",
    "mols": [
        {
            "atoms": [
                {
                    "coords": [
                        0.0,
                        0.0,
                        -1.01512138266
                    ],
                    "elem": "Li"
                }
            ],
            "charge": 1,
            "compound": "lithium",
            "mult": 1
        },
        {
            "atoms": [
                {
                    "coords": [
                        0.0,
                        0.0,
                        0.37487861734
                    ],
                    "elem": "F"
                }
            ],
            "charge": -1,
            "compound": "fluoride",
            "mult": 1
        }
    ],
    "system": "lithium#fluoride"
}