{
    "energies": {
        "Disp2 (CCD)": -7.722e-08,
        "Disp20": -7.153e-08,
        "Disp21": -6.64e-09,
        "Disp22 (S) (CCD)": -9.57e-09,
        "Disp22 (SDQ)": -8.83e-09,
        "Disp22 (T)": -9.66e-09,
        "Disp22 (T) (CCD)": -9.97e-09,
        "Dispersion": -9.721999999999999e-08,
        "Electrostatics": -0.05678213098,
        "Elst10,r": -0.05678106325,
        "Elst12,r": -8.51125e-06,
        "Est. Disp22 (T)": -9.87e-09,
        "Est. Disp22 (T) (CCD)": -1.0180000000000001e-08,
        "Exch-Disp20": -1.0000000000000001e-11,
        "Exch-Ind20,r": 9e-11,
        "Exch-Ind22": 2.0000000000000002e-11,
        "Exch10": -1.0000000000000001e-11,
        "Exch10(S^2)": -1.0000000000000001e-11,
        "Exch11(S^2)": -1.0000000000000001e-11,
        "Exch12(S^2)": -7e-11,
        "Exchange": -9e-11,
        "Ind20,r": -4.104135e-05,
        "Ind22": -9.24635e-06,
        "Induction": -5.505058e-05,
        "InteractionEnergy": -0.05684472238,
        "delta HF,r (2)": -3.8202000000000003e-07,
        "delta MP2,r (2)": -4.38121e-06
    },
    "index": "0256",
    "jobtype": "SP",
    "logFile": "0256.log.gz",
    "method": "sapt2+3(ccd)dmp2-aug-cc-pvtz",
    "mols": [
        {
            "atoms": [
                {
                    "coords": [
                        0.0,
                        0.0,
                        -4.217023679935
                    ],
                    "elem": "Na"
                }
            ],
            "charge": 1,
            "compound": "sodium",
            "mult": 1
        },
        {
            "atoms": [
                {
                    "coords": [
                        0.0,
                        0.0,
                        5.102976320064
                    ],
                    "elem": "F"
                }
            ],
            "charge": -1,
            "compound": "fluoride",
            "mult": 1
        }
    ],
    "system": "sodium#fluoride"
}