{
    "energies": {
        "Disp2 (CCD)": -0.00090693397,
        "Disp20": -0.00085853539,
        "Disp21": -5.407277e-05,
        "Disp22 (S) (CCD)": -0.00011303028,
        "Disp22 (SDQ)": -0.00012133286999999999,
        "Disp22 (T)": -8.67794e-05,
        "Disp22 (T) (CCD)": -8.621551e-05,
        "Dispersion": -0.00087901291,
        "Electrostatics": -0.25111123448,
        "Elst10,r": -0.25063267771,
        "Elst12,r": -0.00062926016,
        "Est. Disp22 (T)": -0.00011073465,
        "Est. Disp22 (T) (CCD)": -0.00011001509,
        "Exch-Disp20": 0.00024835722,
        "Exch-Ind20,r": 0.03593153298,
        "Exch-Ind22": 0.011980577780000001,
        "Exch10": 0.02419435043,
        "Exch10(S^2)": 0.024049662000000003,
        "Exch11(S^2)": -0.00036123182,
        "Exch12(S^2)": 0.00698417716,
        "Exchange": 0.030817295770000003,
        "Ind20,r": -0.04879425004,
        "Ind22": -0.0162693673,
        "Induction": -0.01235390609,
        "InteractionEnergy": -0.23368485401,
        "delta HF,r (2)": 0.00257542321,
        "delta MP2,r (2)": 0.0022174935800000004
    },
    "index": "0009",
    "jobtype": "SP",
    "logFile": "0009.log.gz",
    "method": "sapt2+3(ccd)dmp2-aug-cc-pvtz",
    "mols": [
        {
            "atoms": [
                {
                    "coords": [
                        0.0,
                        0.0,
                        -0.972811256637
                    ],
                    "elem": "Na"
                }
            ],
            "charge": 1,
            "compound": "sodium",
            "mult": 1
        },
        {
            "atoms": [
                {
                    "coords": [
                        0.0,
                        0.0,
                        1.177188743363
                    ],
                    "elem": "F"
                }
            ],
            "charge": -1,
            "compound": "fluoride",
            "mult": 1
        }
    ],
    "system": "sodium#fluoride"
}