{
    "energies": {
        "Disp2 (CCD)": -0.00685706989,
        "Disp20": -0.00791014521,
        "Disp21": 0.00081035799,
        "Disp22 (S) (CCD)": -0.00070924652,
        "Disp22 (SDQ)": -0.0007100932599999999,
        "Disp22 (T)": -0.00102259995,
        "Disp22 (T) (CCD)": -0.00093363876,
        "Dispersion": -0.00592342998,
        "Electrostatics": -0.25611076508,
        "Elst10,r": -0.25382608349,
        "Elst12,r": -0.005037260189999999,
        "Est. Disp22 (T)": -0.00116372342,
        "Est. Disp22 (T) (CCD)": -0.0010624851799999999,
        "Exch-Disp20": 0.00261701324,
        "Exch-Ind20,r": 0.09013971662999999,
        "Exch-Ind22": 0.03210931541,
        "Exch10": 0.05885880339,
        "Exch10(S^2)": 0.05761865729,
        "Exch11(S^2)": -0.0009436687099999999,
        "Exch12(S^2)": 0.013631993890000001,
        "Exchange": 0.07154712857,
        "Ind20,r": -0.10870902889,
        "Ind22": -0.03872402341,
        "Induction": -0.02138374085,
        "InteractionEnergy": -0.21463352255999998,
        "delta HF,r (2)": -0.0013834780499999999,
        "delta MP2,r (2)": 0.00526197921
    },
    "index": "0005",
    "jobtype": "SP",
    "logFile": "0005.log.gz",
    "method": "sapt2+3(ccd)dmp2-aug-cc-pvtz",
    "mols": [
        {
            "atoms": [
                {
                    "coords": [
                        0.0,
                        0.0,
                        -0.737488807342
                    ],
                    "elem": "K"
                }
            ],
            "charge": 1,
            "compound": "potassium",
            "mult": 1
        },
        {
            "atoms": [
                {
                    "coords": [
                        0.0,
                        0.0,
                        1.512511192658
                    ],
                    "elem": "F"
                }
            ],
            "charge": -1,
            "compound": "fluoride",
            "mult": 1
        }
    ],
    "system": "potassium#fluoride"
}