{
    "energies": {
        "Disp2 (CCD)": -0.004307907870000001,
        "Disp20": -0.00493031363,
        "Disp21": 0.00044692517,
        "Disp22 (S) (CCD)": -0.0005077044400000001,
        "Disp22 (SDQ)": -0.00050499056,
        "Disp22 (T)": -0.00066072057,
        "Disp22 (T) (CCD)": -0.00061066316,
        "Dispersion": -0.00409285885,
        "Electrostatics": -0.22800217835,
        "Elst10,r": -0.22654813472000002,
        "Elst12,r": -0.00355194345,
        "Est. Disp22 (T)": -0.00076084305,
        "Est. Disp22 (T) (CCD)": -0.00070320017,
        "Exch-Disp20": 0.0014826175399999999,
        "Exch-Ind20,r": 0.05154716873,
        "Exch-Ind22": 0.020368854750000002,
        "Exch10": 0.03118865567,
        "Exch10(S^2)": 0.030808271699999997,
        "Exch11(S^2)": -0.00044268544,
        "Exch12(S^2)": 0.009201555969999999,
        "Exchange": 0.0399475262,
        "Ind20,r": -0.06480174274,
        "Ind22": -0.02560639737,
        "Induction": -0.01561535927,
        "InteractionEnergy": -0.20986270758,
        "delta HF,r (2)": -0.00120105899,
        "delta MP2,r (2)": 0.004019214950000001
    },
    "index": "0207",
    "jobtype": "SP",
    "logFile": "0207.log.gz",
    "method": "sapt2+3(ccd)dmp2-aug-cc-pvtz",
    "mols": [
        {
            "atoms": [
                {
                    "coords": [
                        0.0,
                        0.0,
                        -0.799765639962
                    ],
                    "elem": "K"
                }
            ],
            "charge": 1,
            "compound": "potassium",
            "mult": 1
        },
        {
            "atoms": [
                {
                    "coords": [
                        0.0,
                        0.0,
                        1.640234360038
                    ],
                    "elem": "F"
                }
            ],
            "charge": -1,
            "compound": "fluoride",
            "mult": 1
        }
    ],
    "system": "potassium#fluoride"
}