{
    "energies": {
        "Disp2 (CCD)": -0.00535248276,
        "Disp20": -0.00614701358,
        "Disp21": 0.00058882497,
        "Disp22 (S) (CCD)": -0.0005947080900000001,
        "Disp22 (SDQ)": -0.00059168522,
        "Disp22 (T)": -0.00080063827,
        "Disp22 (T) (CCD)": -0.00073766588,
        "Dispersion": -0.004869888750000001,
        "Electrostatics": -0.24015008632,
        "Elst10,r": -0.23834285741,
        "Elst12,r": -0.00420382247,
        "Est. Disp22 (T)": -0.0009281800100000001,
        "Est. Disp22 (T) (CCD)": -0.00085517611,
        "Exch-Disp20": 0.00194011139,
        "Exch-Ind20,r": 0.06712002174,
        "Exch-Ind22": 0.02536056308,
        "Exch10": 0.04205071231,
        "Exch10(S^2)": 0.04138646889,
        "Exch11(S^2)": -0.0006334601600000001,
        "Exch12(S^2)": 0.01111697901,
        "Exchange": 0.05253423117,
        "Ind20,r": -0.08245403458,
        "Ind22": -0.031154351429999998,
        "Induction": -0.01801531039,
        "InteractionEnergy": -0.21290186357,
        "delta HF,r (2)": -0.00139689796,
        "delta MP2,r (2)": 0.00449753986
    },
    "index": "0007",
    "jobtype": "SP",
    "logFile": "0007.log.gz",
    "method": "sapt2+3(ccd)dmp2-aug-cc-pvtz",
    "mols": [
        {
            "atoms": [
                {
                    "coords": [
                        0.0,
                        0.0,
                        -0.770266087668
                    ],
                    "elem": "K"
                }
            ],
            "charge": 1,
            "compound": "potassium",
            "mult": 1
        },
        {
            "atoms": [
                {
                    "coords": [
                        0.0,
                        0.0,
                        1.579733912332
                    ],
                    "elem": "F"
                }
            ],
            "charge": -1,
            "compound": "fluoride",
            "mult": 1
        }
    ],
    "system": "potassium#fluoride"
}