{
    "energies": {
        "Disp2 (CCD)": -0.00229101584,
        "Disp20": -0.00222225399,
        "Disp21": -8.641241e-05,
        "Disp22 (S) (CCD)": -0.00014844681,
        "Disp22 (SDQ)": -0.00015605907,
        "Disp22 (T)": -0.00015096747999999999,
        "Disp22 (T) (CCD)": -0.00014855094999999998,
        "Dispersion": -0.00305214559,
        "Electrostatics": -0.33667051867,
        "Elst10,r": -0.33888787703999995,
        "Elst12,r": 0.00714491967,
        "Est. Disp22 (T)": -0.00019658841,
        "Est. Disp22 (T) (CCD)": -0.00019344163,
        "Exch-Disp20": 0.00025193552000000004,
        "Exch-Ind20,r": 0.055924884450000004,
        "Exch-Ind22": 0.01079488923,
        "Exch10": 0.08085332392,
        "Exch10(S^2)": 0.07925223921,
        "Exch11(S^2)": -0.00087345856,
        "Exch12(S^2)": 0.01034730089,
        "Exchange": 0.09032716626,
        "Ind20,r": -0.08086324318,
        "Ind22": -0.015608610759999999,
        "Induction": -0.04259400485,
        "InteractionEnergy": -0.28705858167000003,
        "delta HF,r (2)": -0.0119522719,
        "delta MP2,r (2)": -0.0015574696599999999
    },
    "index": "0204",
    "jobtype": "SP",
    "logFile": "0204.log.gz",
    "method": "sapt2+3(ccd)dmp2-aug-cc-pvtz",
    "mols": [
        {
            "atoms": [
                {
                    "coords": [
                        0.0,
                        0.0,
                        -1.110060792549
                    ],
                    "elem": "Li"
                }
            ],
            "charge": 1,
            "compound": "lithium",
            "mult": 1
        },
        {
            "atoms": [
                {
                    "coords": [
                        0.0,
                        0.0,
                        0.409939207451
                    ],
                    "elem": "F"
                }
            ],
            "charge": -1,
            "compound": "fluoride",
            "mult": 1
        }
    ],
    "system": "lithium#fluoride"
}