{
    "energies": {
        "Disp2 (CCD)": -8.94424e-06,
        "Disp20": -8.24634e-06,
        "Disp21": -8.5269e-07,
        "Disp22 (S) (CCD)": -1.72713e-06,
        "Disp22 (SDQ)": -1.97419e-06,
        "Disp22 (T)": -8.3917e-07,
        "Disp22 (T) (CCD)": -8.0835e-07,
        "Dispersion": -1.262343e-05,
        "Electrostatics": -0.13851025179,
        "Elst10,r": -0.13852430544,
        "Elst12,r": -7.664284000000001e-05,
        "Est. Disp22 (T)": -1.05771e-06,
        "Est. Disp22 (T) (CCD)": -1.0188599999999998e-06,
        "Exch-Disp20": 6.4236e-07,
        "Exch-Ind20,r": 0.00011027704,
        "Exch-Ind22": 3.955655e-05,
        "Exch10": 5.4021810000000006e-05,
        "Exch10(S^2)": 5.402108e-05,
        "Exch11(S^2)": -1.3825e-07,
        "Exch12(S^2)": 5.6235060000000004e-05,
        "Exchange": 0.00011011863,
        "Ind20,r": -0.0021837536599999996,
        "Ind22": -0.00078331596,
        "Induction": -0.00431171795,
        "InteractionEnergy": -0.14281527394,
        "delta HF,r (2)": -0.00050265681,
        "delta MP2,r (2)": -0.00099350356
    },
    "index": "0222",
    "jobtype": "SP",
    "logFile": "0222.log.gz",
    "method": "sapt2+3(ccd)dmp2-aug-cc-pvtz",
    "mols": [
        {
            "atoms": [
                {
                    "coords": [
                        0.0,
                        0.0,
                        -2.789758044433
                    ],
                    "elem": "Li"
                }
            ],
            "charge": 1,
            "compound": "lithium",
            "mult": 1
        },
        {
            "atoms": [
                {
                    "coords": [
                        0.0,
                        0.0,
                        1.030241955567
                    ],
                    "elem": "F"
                }
            ],
            "charge": -1,
            "compound": "fluoride",
            "mult": 1
        }
    ],
    "system": "lithium#fluoride"
}