{
    "energies": {
        "Disp2 (CCD)": -0.0053329411,
        "Disp20": -0.00658668542,
        "Disp21": 0.00105730456,
        "Disp22 (S) (CCD)": -0.00014512435,
        "Disp22 (SDQ)": 4.2731199999999995e-05,
        "Disp22 (T)": -0.00063124236,
        "Disp22 (T) (CCD)": -0.0006432735200000001,
        "Dispersion": -0.0048059551,
        "Electrostatics": -0.20144073771999998,
        "Elst10,r": -0.20048443437,
        "Elst12,r": -0.00129379392,
        "Est. Disp22 (T)": -0.0007197476299999999,
        "Est. Disp22 (T) (CCD)": -0.0007334656600000001,
        "Exch-Disp20": 0.00193533409,
        "Exch-Ind20,r": 0.08101938121,
        "Exch-Ind22": 0.00901160304,
        "Exch10": 0.039434641910000005,
        "Exch10(S^2)": 0.03877623634,
        "Exch11(S^2)": -0.0003983849,
        "Exch12(S^2)": 0.00223745115,
        "Exchange": 0.04127370816,
        "Ind20,r": -0.09912829713,
        "Ind22": -0.01102581692,
        "Induction": -0.01619120469,
        "InteractionEnergy": -0.18153248259,
        "delta HF,r (2)": 0.0009486747300000001,
        "delta MP2,r (2)": 0.00242268964
    },
    "index": "0008",
    "jobtype": "SP",
    "logFile": "0008.log.gz",
    "method": "sapt2+3(ccd)dmp2-aug-cc-pvtz",
    "mols": [
        {
            "atoms": [
                {
                    "coords": [
                        0.0,
                        0.0,
                        -1.324352742701
                    ],
                    "elem": "K"
                }
            ],
            "charge": 1,
            "compound": "potassium",
            "mult": 1
        },
        {
            "atoms": [
                {
                    "coords": [
                        0.0,
                        0.0,
                        1.475647257299
                    ],
                    "elem": "Cl"
                }
            ],
            "charge": -1,
            "compound": "chloride",
            "mult": 1
        }
    ],
    "system": "potassium#chloride"
}