{
    "energies": {
        "Disp2 (CCD)": -1.883e-08,
        "Disp20": -1.793e-08,
        "Disp21": -1.25e-09,
        "Disp22 (S) (CCD)": -1.58e-09,
        "Disp22 (SDQ)": -1.3400000000000001e-09,
        "Disp22 (T)": -1.92e-09,
        "Disp22 (T) (CCD)": -1.95e-09,
        "Dispersion": -2.2459999999999997e-08,
        "Electrostatics": -0.05422076043,
        "Elst10,r": -0.054220268429999996,
        "Elst12,r": -4.6274e-06,
        "Est. Disp22 (T)": -1.97e-09,
        "Est. Disp22 (T) (CCD)": -1.9999999999999997e-09,
        "Exch-Disp20": -0.0,
        "Exch-Ind20,r": 2.4999999999999996e-10,
        "Exch-Ind22": 4.9999999999999995e-11,
        "Exch10": -0.0,
        "Exch10(S^2)": -0.0,
        "Exch11(S^2)": 0.0,
        "Exch12(S^2)": 3.2000000000000003e-10,
        "Exchange": 3.2000000000000003e-10,
        "Ind20,r": -3.2319609999999995e-05,
        "Ind22": -7.05467e-06,
        "Induction": -4.229868e-05,
        "InteractionEnergy": -0.05426721665,
        "delta HF,r (2)": -1.4976e-07,
        "delta MP2,r (2)": -2.7749900000000003e-06
    },
    "index": "0268",
    "jobtype": "SP",
    "logFile": "0268.log.gz",
    "method": "sapt2+3(ccd)dmp2-aug-cc-pvtz",
    "mols": [
        {
            "atoms": [
                {
                    "coords": [
                        0.0,
                        0.0,
                        -7.127758773211
                    ],
                    "elem": "Li"
                }
            ],
            "charge": 1,
            "compound": "lithium",
            "mult": 1
        },
        {
            "atoms": [
                {
                    "coords": [
                        0.0,
                        0.0,
                        2.632241226789
                    ],
                    "elem": "F"
                }
            ],
            "charge": -1,
            "compound": "fluoride",
            "mult": 1
        }
    ],
    "system": "lithium#fluoride"
}