{
    "energies": {
        "Disp2 (CCD)": -4.507e-08,
        "Disp20": -4.693e-08,
        "Disp21": 1.1799999999999999e-09,
        "Disp22 (S) (CCD)": -2.98e-09,
        "Disp22 (SDQ)": -1.92e-09,
        "Disp22 (T)": -5.11e-09,
        "Disp22 (T) (CCD)": -5.4600000000000006e-09,
        "Dispersion": -5.37e-08,
        "Electrostatics": -0.04439478575,
        "Elst10,r": -0.04439430701,
        "Elst12,r": -8.2507e-07,
        "Est. Disp22 (T)": -5.1900000000000005e-09,
        "Est. Disp22 (T) (CCD)": -5.54e-09,
        "Exch-Disp20": 0.0,
        "Exch-Ind20,r": 7e-11,
        "Exch-Ind22": 1.0000000000000001e-11,
        "Exch10": 1.0000000000000001e-11,
        "Exch10(S^2)": 1.0000000000000001e-11,
        "Exch11(S^2)": -0.0,
        "Exch12(S^2)": -4.999999999999999e-10,
        "Exchange": -4.9e-10,
        "Ind20,r": -5.149411e-05,
        "Ind22": -4.06346e-06,
        "Induction": -5.713498e-05,
        "InteractionEnergy": -0.04445232126,
        "delta HF,r (2)": -3.2726000000000003e-07,
        "delta MP2,r (2)": -1.2503499999999998e-06
    },
    "index": "0268",
    "jobtype": "SP",
    "logFile": "0268.log.gz",
    "method": "sapt2+3(ccd)dmp2-aug-cc-pvtz",
    "mols": [
        {
            "atoms": [
                {
                    "coords": [
                        0.0,
                        0.0,
                        -7.191832894653
                    ],
                    "elem": "Na"
                }
            ],
            "charge": 1,
            "compound": "sodium",
            "mult": 1
        },
        {
            "atoms": [
                {
                    "coords": [
                        0.0,
                        0.0,
                        4.728167105347
                    ],
                    "elem": "Cl"
                }
            ],
            "charge": -1,
            "compound": "chloride",
            "mult": 1
        }
    ],
    "system": "sodium#chloride"
}