{
    "energies": {
        "Disp2 (CCD)": -2.906e-08,
        "Disp20": -2.695e-08,
        "Disp21": -2.46e-09,
        "Disp22 (S) (CCD)": -3.48e-09,
        "Disp22 (SDQ)": -3.15e-09,
        "Disp22 (T)": -3.66e-09,
        "Disp22 (T) (CCD)": -3.77e-09,
        "Dispersion": -3.6399999999999995e-08,
        "Electrostatics": -0.04837210949,
        "Elst10,r": -0.0483717045,
        "Elst12,r": -3.05752e-06,
        "Est. Disp22 (T)": -3.7100000000000002e-09,
        "Est. Disp22 (T) (CCD)": -3.829999999999999e-09,
        "Exch-Disp20": 0.0,
        "Exch-Ind20,r": 3.1e-10,
        "Exch-Ind22": 7e-11,
        "Exch10": 9e-11,
        "Exch10(S^2)": 9e-11,
        "Exch11(S^2)": -0.0,
        "Exch12(S^2)": 1.09e-09,
        "Exchange": 1.1799999999999999e-09,
        "Ind20,r": -2.1112220000000002e-05,
        "Ind22": -4.45121e-06,
        "Induction": -2.711442e-05,
        "InteractionEnergy": -0.04840191164,
        "delta HF,r (2)": -6.915999999999999e-08,
        "delta MP2,r (2)": -1.4822399999999998e-06
    },
    "index": "0267",
    "jobtype": "SP",
    "logFile": "0267.log.gz",
    "method": "sapt2+3(ccd)dmp2-aug-cc-pvtz",
    "mols": [
        {
            "atoms": [
                {
                    "coords": [
                        0.0,
                        0.0,
                        -4.950025650053
                    ],
                    "elem": "Na"
                }
            ],
            "charge": 1,
            "compound": "sodium",
            "mult": 1
        },
        {
            "atoms": [
                {
                    "coords": [
                        0.0,
                        0.0,
                        5.989974349947
                    ],
                    "elem": "F"
                }
            ],
            "charge": -1,
            "compound": "fluoride",
            "mult": 1
        }
    ],
    "system": "sodium#fluoride"
}