{
    "energies": {
        "Disp2 (CCD)": -2.371e-07,
        "Disp20": -3.1725999999999997e-07,
        "Disp21": 7.555e-08,
        "Disp22 (S) (CCD)": -5.9499999999999995e-09,
        "Disp22 (SDQ)": -9e-11,
        "Disp22 (T)": -3.942e-08,
        "Disp22 (T) (CCD)": -3.901e-08,
        "Dispersion": -2.8306e-07,
        "Electrostatics": -0.03966922862,
        "Elst10,r": -0.03966940025,
        "Elst12,r": 3.9022e-07,
        "Est. Disp22 (T)": -3.98e-08,
        "Est. Disp22 (T) (CCD)": -3.939e-08,
        "Exch-Disp20": 0.0,
        "Exch-Ind20,r": 1.2e-10,
        "Exch-Ind22": 1.0000000000000001e-11,
        "Exch10": 2.0000000000000002e-11,
        "Exch10(S^2)": 2.0000000000000002e-11,
        "Exch11(S^2)": -0.0,
        "Exch12(S^2)": 3e-11,
        "Exchange": 4.9999999999999995e-11,
        "Ind20,r": -3.830758e-05,
        "Ind22": -2.47048e-06,
        "Induction": -4.091175e-05,
        "InteractionEnergy": -0.03971020479,
        "delta HF,r (2)": 8.345400000000001e-07,
        "delta MP2,r (2)": -9.6898e-07
    },
    "index": "0268",
    "jobtype": "SP",
    "logFile": "0268.log.gz",
    "method": "sapt2+3(ccd)dmp2-aug-cc-pvtz",
    "mols": [
        {
            "atoms": [
                {
                    "coords": [
                        0.0,
                        0.0,
                        -6.309594852727
                    ],
                    "elem": "K"
                }
            ],
            "charge": 1,
            "compound": "potassium",
            "mult": 1
        },
        {
            "atoms": [
                {
                    "coords": [
                        0.0,
                        0.0,
                        7.030405147273
                    ],
                    "elem": "Cl"
                }
            ],
            "charge": -1,
            "compound": "chloride",
            "mult": 1
        }
    ],
    "system": "potassium#chloride"
}