{
    "energies": {
        "Disp2 (CCD)": -1.1161499999999999e-06,
        "Disp20": -1.4871599999999999e-06,
        "Disp21": 3.4834e-07,
        "Disp22 (S) (CCD)": -2.85e-08,
        "Disp22 (SDQ)": -5.1e-10,
        "Disp22 (T)": -1.8445000000000001e-07,
        "Disp22 (T) (CCD)": -1.8298000000000001e-07,
        "Dispersion": -1.33648e-06,
        "Electrostatics": -0.051179030130000004,
        "Elst10,r": -0.051179143930000004,
        "Elst12,r": 3.1178e-07,
        "Est. Disp22 (T)": -1.864e-07,
        "Est. Disp22 (T) (CCD)": -1.8490999999999998e-07,
        "Exch-Disp20": 2.0000000000000002e-11,
        "Exch-Ind20,r": 1.09e-09,
        "Exch-Ind22": 7e-11,
        "Exch10": 4.7e-10,
        "Exch10(S^2)": 4.7e-10,
        "Exch11(S^2)": 0.0,
        "Exch12(S^2)": 2.4999999999999996e-10,
        "Exchange": 7.2e-10,
        "Ind20,r": -0.00010693735000000001,
        "Ind22": -6.96487e-06,
        "Induction": -0.00011589969,
        "InteractionEnergy": -0.051296067620000003,
        "delta HF,r (2)": 5.5507e-07,
        "delta MP2,r (2)": -2.5606700000000003e-06
    },
    "index": "0251",
    "jobtype": "SP",
    "logFile": "0251.log.gz",
    "method": "sapt2+3(ccd)dmp2-aug-cc-pvtz",
    "mols": [
        {
            "atoms": [
                {
                    "coords": [
                        0.0,
                        0.0,
                        -4.890645485547
                    ],
                    "elem": "K"
                }
            ],
            "charge": 1,
            "compound": "potassium",
            "mult": 1
        },
        {
            "atoms": [
                {
                    "coords": [
                        0.0,
                        0.0,
                        5.449354514453
                    ],
                    "elem": "Cl"
                }
            ],
            "charge": -1,
            "compound": "chloride",
            "mult": 1
        }
    ],
    "system": "potassium#chloride"
}