{
    "energies": {
        "Disp2 (CCD)": -7.764e-07,
        "Disp20": -1.05353e-06,
        "Disp21": 2.6939e-07,
        "Disp22 (S) (CCD)": -2.346e-08,
        "Disp22 (SDQ)": -9.979999999999999e-09,
        "Disp22 (T)": -1.2687e-07,
        "Disp22 (T) (CCD)": -1.2512e-07,
        "Dispersion": -9.3119e-07,
        "Electrostatics": -0.04620678161,
        "Elst10,r": -0.04620674536,
        "Elst12,r": 1.9772999999999998e-07,
        "Est. Disp22 (T)": -1.2819e-07,
        "Est. Disp22 (T) (CCD)": -1.2641e-07,
        "Exch-Disp20": 0.0,
        "Exch-Ind20,r": 1.9000000000000002e-10,
        "Exch-Ind22": 1.0000000000000001e-11,
        "Exch10": 9e-11,
        "Exch10(S^2)": 9e-11,
        "Exch11(S^2)": 0.0,
        "Exch12(S^2)": 9e-11,
        "Exchange": 1.8e-10,
        "Ind20,r": -9.634066e-05,
        "Ind22": -6.49231e-06,
        "Induction": 6.871279999999999e-06,
        "InteractionEnergy": -0.04620060738,
        "delta HF,r (2)": 0.00011050124,
        "delta MP2,r (2)": -8.0211e-07
    },
    "index": "0256",
    "jobtype": "SP",
    "logFile": "0256.log.gz",
    "method": "sapt2+3(ccd)dmp2-aug-cc-pvtz",
    "mols": [
        {
            "atoms": [
                {
                    "coords": [
                        0.0,
                        0.0,
                        -7.685500558371
                    ],
                    "elem": "K"
                }
            ],
            "charge": 1,
            "compound": "potassium",
            "mult": 1
        },
        {
            "atoms": [
                {
                    "coords": [
                        0.0,
                        0.0,
                        3.794499441628
                    ],
                    "elem": "Br"
                }
            ],
            "charge": -1,
            "compound": "bromide",
            "mult": 1
        }
    ],
    "system": "potassium#bromide"
}