{
    "energies": {
        "Disp2 (CCD)": -0.00068301237,
        "Disp20": -0.0006708723800000001,
        "Disp21": -2.0418510000000002e-05,
        "Disp22 (S) (CCD)": -4.0115159999999996e-05,
        "Disp22 (SDQ)": -2.8279619999999997e-05,
        "Disp22 (T)": -5.158124e-05,
        "Disp22 (T) (CCD)": -5.759218e-05,
        "Dispersion": -0.00071193074,
        "Electrostatics": -0.18740517455,
        "Elst10,r": -0.18723353001,
        "Elst12,r": -0.00018760993,
        "Est. Disp22 (T)": -6.1026030000000004e-05,
        "Est. Disp22 (T) (CCD)": -6.813761e-05,
        "Exch-Disp20": 0.00016317901000000002,
        "Exch-Ind20,r": 0.03261071062,
        "Exch-Ind22": 0.00289180254,
        "Exch10": 0.0157793036,
        "Exch10(S^2)": 0.01571576573,
        "Exch11(S^2)": -0.00021471750000000002,
        "Exch12(S^2)": 0.0011349207299999999,
        "Exchange": 0.016699506840000003,
        "Ind20,r": -0.05374045084,
        "Ind22": -0.00476551321,
        "Induction": -0.01881344862,
        "InteractionEnergy": -0.19025642116,
        "delta HF,r (2)": 0.0031547306599999997,
        "delta MP2,r (2)": 0.00094201831
    },
    "index": "0210",
    "jobtype": "SP",
    "logFile": "0210.log.gz",
    "method": "sapt2+3(ccd)dmp2-aug-cc-pvtz",
    "mols": [
        {
            "atoms": [
                {
                    "coords": [
                        0.0,
                        0.0,
                        -2.214803634782
                    ],
                    "elem": "Na"
                }
            ],
            "charge": 1,
            "compound": "sodium",
            "mult": 1
        },
        {
            "atoms": [
                {
                    "coords": [
                        0.0,
                        0.0,
                        0.645196365218
                    ],
                    "elem": "Br"
                }
            ],
            "charge": -1,
            "compound": "bromide",
            "mult": 1
        }
    ],
    "system": "sodium#bromide"
}