{
    "energies": {
        "Disp2 (CCD)": -8.135e-08,
        "Disp20": -8.459e-08,
        "Disp21": 2.01e-09,
        "Disp22 (S) (CCD)": -5.439999999999999e-09,
        "Disp22 (SDQ)": -3.55e-09,
        "Disp22 (T)": -9.21e-09,
        "Disp22 (T) (CCD)": -9.84e-09,
        "Dispersion": -9.714e-08,
        "Electrostatics": -0.0489086602,
        "Elst10,r": -0.04890777806,
        "Elst12,r": -1.5376000000000001e-06,
        "Est. Disp22 (T)": -9.36e-09,
        "Est. Disp22 (T) (CCD)": -1e-08,
        "Exch-Disp20": 0.0,
        "Exch-Ind20,r": 1.2e-10,
        "Exch-Ind22": 1.0000000000000001e-11,
        "Exch10": 1.0000000000000001e-11,
        "Exch10(S^2)": 1.0000000000000001e-11,
        "Exch11(S^2)": -0.0,
        "Exch12(S^2)": -4.5e-10,
        "Exchange": -4.5e-10,
        "Ind20,r": -7.655679e-05,
        "Ind22": -6.144990000000001e-06,
        "Induction": -8.573594e-05,
        "InteractionEnergy": -0.04899514919,
        "delta HF,r (2)": -6.501900000000001e-07,
        "delta MP2,r (2)": -2.38446e-06
    },
    "index": "0261",
    "jobtype": "SP",
    "logFile": "0261.log.gz",
    "method": "sapt2+3(ccd)dmp2-aug-cc-pvtz",
    "mols": [
        {
            "atoms": [
                {
                    "coords": [
                        0.0,
                        0.0,
                        -6.52815704028
                    ],
                    "elem": "Na"
                }
            ],
            "charge": 1,
            "compound": "sodium",
            "mult": 1
        },
        {
            "atoms": [
                {
                    "coords": [
                        0.0,
                        0.0,
                        4.291842959719
                    ],
                    "elem": "Cl"
                }
            ],
            "charge": -1,
            "compound": "chloride",
            "mult": 1
        }
    ],
    "system": "sodium#chloride"
}