{
    "energies": {
        "Disp2 (CCD)": -0.011483084849999999,
        "Disp20": -0.01339316793,
        "Disp21": 0.0015913439,
        "Disp22 (S) (CCD)": -0.00100531155,
        "Disp22 (SDQ)": -0.0010516435099999998,
        "Disp22 (T)": -0.00162203093,
        "Disp22 (T) (CCD)": -0.00146729651,
        "Dispersion": -0.00881729193,
        "Electrostatics": -0.29974706085,
        "Elst10,r": -0.29616806731,
        "Elst12,r": -0.00702354175,
        "Est. Disp22 (T)": -0.00183973552,
        "Est. Disp22 (T) (CCD)": -0.00166423306,
        "Exch-Disp20": 0.00475303303,
        "Exch-Ind20,r": 0.16314012072,
        "Exch-Ind22": 0.04996609287,
        "Exch10": 0.11680346365,
        "Exch10(S^2)": 0.1124212445,
        "Exch11(S^2)": -0.00211184635,
        "Exch12(S^2)": 0.01994882251,
        "Exchange": 0.13464043982,
        "Ind20,r": -0.19462897079000002,
        "Ind22": -0.05961040844,
        "Induction": -0.03141083419,
        "InteractionEnergy": -0.20882882168,
        "delta HF,r (2)": 0.00161519112,
        "delta MP2,r (2)": 0.008639918509999999
    },
    "index": "0001",
    "jobtype": "SP",
    "logFile": "0001.log.gz",
    "method": "sapt2+3(ccd)dmp2-aug-cc-pvtz",
    "mols": [
        {
            "atoms": [
                {
                    "coords": [
                        0.0,
                        0.0,
                        -0.671934246689
                    ],
                    "elem": "K"
                }
            ],
            "charge": 1,
            "compound": "potassium",
            "mult": 1
        },
        {
            "atoms": [
                {
                    "coords": [
                        0.0,
                        0.0,
                        1.378065753311
                    ],
                    "elem": "F"
                }
            ],
            "charge": -1,
            "compound": "fluoride",
            "mult": 1
        }
    ],
    "system": "potassium#fluoride"
}