{
    "energies": {
        "Disp2 (CCD)": -0.00310844925,
        "Disp20": -0.00312424643,
        "Disp21": 2.931102e-05,
        "Disp22 (S) (CCD)": -0.00030751414,
        "Disp22 (SDQ)": -0.00037182931,
        "Disp22 (T)": -0.00029807200000000003,
        "Disp22 (T) (CCD)": -0.00028811471,
        "Dispersion": -0.0023597864899999998,
        "Electrostatics": -0.32439815555,
        "Elst10,r": -0.32325220238999997,
        "Elst12,r": -0.00032752198,
        "Est. Disp22 (T)": -0.00034679042,
        "Est. Disp22 (T) (CCD)": -0.00033520565000000005,
        "Exch-Disp20": 0.0012067211,
        "Exch-Ind20,r": 0.12235646936000001,
        "Exch-Ind22": 0.0292021592,
        "Exch10": 0.10387186524,
        "Exch10(S^2)": 0.10154276624000001,
        "Exch11(S^2)": -0.0020803964,
        "Exch12(S^2)": 0.01590169206,
        "Exchange": 0.1176931609,
        "Ind20,r": -0.14379500074,
        "Ind22": -0.03431877796,
        "Induction": -0.017451676,
        "InteractionEnergy": -0.22574208757,
        "delta HF,r (2)": 0.00690172643,
        "delta MP2,r (2)": 0.00234234754
    },
    "index": "0001",
    "jobtype": "SP",
    "logFile": "0001.log.gz",
    "method": "sapt2+3(ccd)dmp2-aug-cc-pvtz",
    "mols": [
        {
            "atoms": [
                {
                    "coords": [
                        0.0,
                        0.0,
                        -0.791823115868
                    ],
                    "elem": "Na"
                }
            ],
            "charge": 1,
            "compound": "sodium",
            "mult": 1
        },
        {
            "atoms": [
                {
                    "coords": [
                        0.0,
                        0.0,
                        0.958176884132
                    ],
                    "elem": "F"
                }
            ],
            "charge": -1,
            "compound": "fluoride",
            "mult": 1
        }
    ],
    "system": "sodium#fluoride"
}