{
    "energies": {
        "Disp2 (CCD)": -0.01113957045,
        "Disp20": -0.01387484443,
        "Disp21": 0.0023557842999999998,
        "Disp22 (S) (CCD)": -0.00022588753999999998,
        "Disp22 (SDQ)": 0.00015669502,
        "Disp22 (T)": -0.00127257724,
        "Disp22 (T) (CCD)": -0.00128019577,
        "Dispersion": -0.00881654307,
        "Electrostatics": -0.25115112640000004,
        "Elst10,r": -0.24952143316,
        "Elst12,r": -0.0020471697400000002,
        "Est. Disp22 (T)": -0.00141929453,
        "Est. Disp22 (T) (CCD)": -0.00142779141,
        "Exch-Disp20": 0.0046456746,
        "Exch-Ind20,r": 0.19894471702000002,
        "Exch-Ind22": 0.017877601259999997,
        "Exch10": 0.10966721866000001,
        "Exch10(S^2)": 0.10514529261,
        "Exch11(S^2)": -0.00165154253,
        "Exch12(S^2)": 0.0032003396,
        "Exchange": 0.11121601572999999,
        "Ind20,r": -0.23456753451,
        "Ind22": -0.02107874446,
        "Induction": -0.022382059779999998,
        "InteractionEnergy": -0.1716648568,
        "delta HF,r (2)": 0.00904066901,
        "delta MP2,r (2)": 0.00661859685
    },
    "index": "0001",
    "jobtype": "SP",
    "logFile": "0001.log.gz",
    "method": "sapt2+3(ccd)dmp2-aug-cc-pvtz",
    "mols": [
        {
            "atoms": [
                {
                    "coords": [
                        0.0,
                        0.0,
                        -1.158808649864
                    ],
                    "elem": "K"
                }
            ],
            "charge": 1,
            "compound": "potassium",
            "mult": 1
        },
        {
            "atoms": [
                {
                    "coords": [
                        0.0,
                        0.0,
                        1.291191350136
                    ],
                    "elem": "Cl"
                }
            ],
            "charge": -1,
            "compound": "chloride",
            "mult": 1
        }
    ],
    "system": "potassium#chloride"
}