{
    "energies": {
        "Disp2 (CCD)": -0.00104162051,
        "Disp20": -0.00099204459,
        "Disp21": -5.516608e-05,
        "Disp22 (S) (CCD)": -0.00012630130000000002,
        "Disp22 (SDQ)": -0.00013660108,
        "Disp22 (T)": -9.978468e-05,
        "Disp22 (T) (CCD)": -9.852927e-05,
        "Dispersion": -0.0009866299899999999,
        "Electrostatics": -0.25796248326,
        "Elst10,r": -0.25742805431,
        "Elst12,r": -0.00064723823,
        "Est. Disp22 (T)": -0.00012670999999999998,
        "Est. Disp22 (T) (CCD)": -0.00012511584,
        "Exch-Disp20": 0.00029822965,
        "Exch-Ind20,r": 0.04177997038,
        "Exch-Ind22": 0.013494740350000001,
        "Exch10": 0.02886839578,
        "Exch10(S^2)": 0.0286648911,
        "Exch11(S^2)": -0.00044863956,
        "Exch12(S^2)": 0.00779465759,
        "Exchange": 0.036214413800000005,
        "Ind20,r": -0.05527868262,
        "Ind22": -0.017854762990000002,
        "Induction": -0.01282970045,
        "InteractionEnergy": -0.23568583532,
        "delta HF,r (2)": 0.0028113238599999997,
        "delta MP2,r (2)": 0.00221726243
    },
    "index": "0008",
    "jobtype": "SP",
    "logFile": "0008.log.gz",
    "method": "sapt2+3(ccd)dmp2-aug-cc-pvtz",
    "mols": [
        {
            "atoms": [
                {
                    "coords": [
                        0.0,
                        0.0,
                        -0.950187739041
                    ],
                    "elem": "Na"
                }
            ],
            "charge": 1,
            "compound": "sodium",
            "mult": 1
        },
        {
            "atoms": [
                {
                    "coords": [
                        0.0,
                        0.0,
                        1.149812260959
                    ],
                    "elem": "F"
                }
            ],
            "charge": -1,
            "compound": "fluoride",
            "mult": 1
        }
    ],
    "system": "sodium#fluoride"
}