{
    "energies": {
        "Disp2 (CCD)": -3.393e-08,
        "Disp20": -3.23e-08,
        "Disp21": -2.27e-09,
        "Disp22 (S) (CCD)": -2.93e-09,
        "Disp22 (SDQ)": -2.54e-09,
        "Disp22 (T)": -3.45e-09,
        "Disp22 (T) (CCD)": -3.5e-09,
        "Dispersion": -4.065e-08,
        "Electrostatics": -0.05972971966,
        "Elst10,r": -0.059728848630000005,
        "Elst12,r": -7.87985e-06,
        "Est. Disp22 (T)": -3.55e-09,
        "Est. Disp22 (T) (CCD)": -3.61e-09,
        "Exch-Disp20": -2.0000000000000002e-11,
        "Exch-Ind20,r": 2.0000000000000002e-11,
        "Exch-Ind22": 0.0,
        "Exch10": -1.1000000000000001e-10,
        "Exch10(S^2)": -1.1000000000000001e-10,
        "Exch11(S^2)": 0.0,
        "Exch12(S^2)": -2.8e-10,
        "Exchange": -3.9000000000000005e-10,
        "Ind20,r": -4.8219940000000005e-05,
        "Ind22": -1.0877019999999999e-05,
        "Induction": -6.492186e-05,
        "InteractionEnergy": -0.05980169138,
        "delta HF,r (2)": -4.8316e-07,
        "delta MP2,r (2)": -5.34192e-06
    },
    "index": "0261",
    "jobtype": "SP",
    "logFile": "0261.log.gz",
    "method": "sapt2+3(ccd)dmp2-aug-cc-pvtz",
    "mols": [
        {
            "atoms": [
                {
                    "coords": [
                        0.0,
                        0.0,
                        -6.470485935517
                    ],
                    "elem": "Li"
                }
            ],
            "charge": 1,
            "compound": "lithium",
            "mult": 1
        },
        {
            "atoms": [
                {
                    "coords": [
                        0.0,
                        0.0,
                        2.389514064483
                    ],
                    "elem": "F"
                }
            ],
            "charge": -1,
            "compound": "fluoride",
            "mult": 1
        }
    ],
    "system": "lithium#fluoride"
}