{
    "energies": {
        "Disp2 (CCD)": -1.6036e-07,
        "Disp20": -1.6889e-07,
        "Disp21": 6.75e-09,
        "Disp22 (S) (CCD)": -1.152e-08,
        "Disp22 (SDQ)": -8.01e-09,
        "Disp22 (T)": -1.77e-08,
        "Disp22 (T) (CCD)": -1.882e-08,
        "Dispersion": -1.9257e-07,
        "Electrostatics": -0.052288021209999994,
        "Elst10,r": -0.0522869074,
        "Elst12,r": -1.67611e-06,
        "Est. Disp22 (T)": -1.806e-08,
        "Est. Disp22 (T) (CCD)": -1.92e-08,
        "Exch-Disp20": 0.0,
        "Exch-Ind20,r": 2.1399999999999996e-09,
        "Exch-Ind22": 1.6999999999999998e-10,
        "Exch10": 3.6e-10,
        "Exch10(S^2)": 3.6e-10,
        "Exch11(S^2)": -0.0,
        "Exch12(S^2)": -1.51e-09,
        "Exchange": -1.15e-09,
        "Ind20,r": -0.00014548517999999998,
        "Ind22": -1.1516669999999999e-05,
        "Induction": -0.0001687145,
        "InteractionEnergy": -0.05245749174,
        "delta HF,r (2)": -6.4745000000000004e-06,
        "delta MP2,r (2)": -5.24197e-06
    },
    "index": "0255",
    "jobtype": "SP",
    "logFile": "0255.log.gz",
    "method": "sapt2+3(ccd)dmp2-aug-cc-pvtz",
    "mols": [
        {
            "atoms": [
                {
                    "coords": [
                        0.0,
                        0.0,
                        -7.836997476921
                    ],
                    "elem": "Na"
                }
            ],
            "charge": 1,
            "compound": "sodium",
            "mult": 1
        },
        {
            "atoms": [
                {
                    "coords": [
                        0.0,
                        0.0,
                        2.283002523079
                    ],
                    "elem": "Br"
                }
            ],
            "charge": -1,
            "compound": "bromide",
            "mult": 1
        }
    ],
    "system": "sodium#bromide"
}