{
    "energies": {
        "Disp2 (CCD)": -5.272e-08,
        "Disp20": -4.887e-08,
        "Disp21": -4.5e-09,
        "Disp22 (S) (CCD)": -6.44e-09,
        "Disp22 (SDQ)": -5.89e-09,
        "Disp22 (T)": -6.62e-09,
        "Disp22 (T) (CCD)": -6.83e-09,
        "Dispersion": -6.622999999999999e-08,
        "Electrostatics": -0.05334681478,
        "Elst10,r": -0.05334607818,
        "Elst12,r": -5.66936e-06,
        "Est. Disp22 (T)": -6.7399999999999995e-09,
        "Est. Disp22 (T) (CCD)": -6.95e-09,
        "Exch-Disp20": -0.0,
        "Exch-Ind20,r": 1.6000000000000002e-10,
        "Exch-Ind22": 3e-11,
        "Exch10": 4.9999999999999995e-11,
        "Exch10(S^2)": 4.9999999999999995e-11,
        "Exch11(S^2)": -0.0,
        "Exch12(S^2)": 9e-10,
        "Exchange": 9.6e-10,
        "Ind20,r": -3.161228e-05,
        "Ind22": -6.89838e-06,
        "Induction": -4.150055e-05,
        "InteractionEnergy": -0.05339331336,
        "delta HF,r (2)": -1.8159e-07,
        "delta MP2,r (2)": -2.8086e-06
    },
    "index": "0260",
    "jobtype": "SP",
    "logFile": "0260.log.gz",
    "method": "sapt2+3(ccd)dmp2-aug-cc-pvtz",
    "mols": [
        {
            "atoms": [
                {
                    "coords": [
                        0.0,
                        0.0,
                        -4.48850589109
                    ],
                    "elem": "Na"
                }
            ],
            "charge": 1,
            "compound": "sodium",
            "mult": 1
        },
        {
            "atoms": [
                {
                    "coords": [
                        0.0,
                        0.0,
                        5.43149410891
                    ],
                    "elem": "F"
                }
            ],
            "charge": -1,
            "compound": "fluoride",
            "mult": 1
        }
    ],
    "system": "sodium#fluoride"
}