{
    "energies": {
        "Disp2 (CCD)": -0.00017310144,
        "Disp20": -0.00015647479,
        "Disp21": -1.8326990000000002e-05,
        "Disp22 (S) (CCD)": -2.9653100000000002e-05,
        "Disp22 (SDQ)": -3.152043e-05,
        "Disp22 (T)": -1.917009e-05,
        "Disp22 (T) (CCD)": -1.930351e-05,
        "Dispersion": -0.0002129652,
        "Electrostatics": -0.18416733221999998,
        "Elst10,r": -0.18410835747999998,
        "Elst12,r": -0.00022751093,
        "Est. Disp22 (T)": -2.275079e-05,
        "Est. Disp22 (T) (CCD)": -2.2909120000000002e-05,
        "Exch-Disp20": 2.43073e-05,
        "Exch-Ind20,r": 0.004255345860000001,
        "Exch-Ind22": 0.00178089559,
        "Exch10": 0.00215289333,
        "Exch10(S^2)": 0.00215163652,
        "Exch11(S^2)": -1.83359e-05,
        "Exch12(S^2)": 0.00126359922,
        "Exchange": 0.0033981566600000002,
        "Ind20,r": -0.010364829329999999,
        "Ind22": -0.00433776229,
        "Induction": -0.00779689256,
        "InteractionEnergy": -0.18894903059,
        "delta HF,r (2)": 0.0002090073,
        "delta MP2,r (2)": 0.0006473803999999999
    },
    "index": "0212",
    "jobtype": "SP",
    "logFile": "0212.log.gz",
    "method": "sapt2+3(ccd)dmp2-aug-cc-pvtz",
    "mols": [
        {
            "atoms": [
                {
                    "coords": [
                        0.0,
                        0.0,
                        -1.303114613542
                    ],
                    "elem": "Na"
                }
            ],
            "charge": 1,
            "compound": "sodium",
            "mult": 1
        },
        {
            "atoms": [
                {
                    "coords": [
                        0.0,
                        0.0,
                        1.576885386458
                    ],
                    "elem": "F"
                }
            ],
            "charge": -1,
            "compound": "fluoride",
            "mult": 1
        }
    ],
    "system": "sodium#fluoride"
}