{
    "energies": {
        "Disp2 (CCD)": -1.2932e-07,
        "Disp20": -1.5206e-07,
        "Disp21": 1.6869999999999998e-08,
        "Disp22 (S) (CCD)": -1.144e-08,
        "Disp22 (SDQ)": -7.780000000000001e-09,
        "Disp22 (T)": -2.372e-08,
        "Disp22 (T) (CCD)": -2.274e-08,
        "Dispersion": -1.6380999999999998e-07,
        "Electrostatics": -0.04233308019,
        "Elst10,r": -0.0423336349,
        "Elst12,r": 2.3755999999999998e-06,
        "Est. Disp22 (T)": -2.3920000000000002e-08,
        "Est. Disp22 (T) (CCD)": -2.2929999999999998e-08,
        "Exch-Disp20": 0.0,
        "Exch-Ind20,r": 2.2000000000000002e-10,
        "Exch-Ind22": 3e-11,
        "Exch10": 4.9999999999999995e-11,
        "Exch10(S^2)": 4.9999999999999995e-11,
        "Exch11(S^2)": -0.0,
        "Exch12(S^2)": 1.6999999999999998e-10,
        "Exchange": 2.2000000000000002e-10,
        "Ind20,r": -1.9805360000000002e-05,
        "Ind22": -2.36277e-06,
        "Induction": -2.582409e-05,
        "InteractionEnergy": -0.04235724698,
        "delta HF,r (2)": -5.9951e-07,
        "delta MP2,r (2)": -3.05682e-06
    },
    "index": "0268",
    "jobtype": "SP",
    "logFile": "0268.log.gz",
    "method": "sapt2+3(ccd)dmp2-aug-cc-pvtz",
    "mols": [
        {
            "atoms": [
                {
                    "coords": [
                        0.0,
                        0.0,
                        -4.097160040787
                    ],
                    "elem": "K"
                }
            ],
            "charge": 1,
            "compound": "potassium",
            "mult": 1
        },
        {
            "atoms": [
                {
                    "coords": [
                        0.0,
                        0.0,
                        8.402839959213
                    ],
                    "elem": "F"
                }
            ],
            "charge": -1,
            "compound": "fluoride",
            "mult": 1
        }
    ],
    "system": "potassium#fluoride"
}