{
    "energies": {
        "Disp2 (CCD)": -1.6418299999999999e-06,
        "Disp20": -1.66992e-06,
        "Disp21": 4.35e-09,
        "Disp22 (S) (CCD)": -1.2653e-07,
        "Disp22 (SDQ)": -9.406000000000001e-08,
        "Disp22 (T)": -1.742e-07,
        "Disp22 (T) (CCD)": -1.8733000000000002e-07,
        "Dispersion": -2.05728e-06,
        "Electrostatics": -0.07874731602999999,
        "Elst10,r": -0.07874249483,
        "Elst12,r": -1.0534800000000001e-05,
        "Est. Disp22 (T)": -1.8458e-07,
        "Est. Disp22 (T) (CCD)": -1.9849e-07,
        "Exch-Disp20": 4.63e-09,
        "Exch-Ind20,r": 1.5722799999999998e-06,
        "Exch-Ind22": 1.5223e-07,
        "Exch10": 4.5286000000000005e-07,
        "Exch10(S^2)": 4.5286000000000005e-07,
        "Exch11(S^2)": -1.67e-09,
        "Exch12(S^2)": 2.2809999999999998e-07,
        "Exchange": 6.7929e-07,
        "Ind20,r": -0.00058745665,
        "Ind22": -5.6878199999999994e-05,
        "Induction": -0.00080708137,
        "InteractionEnergy": -0.07956149123,
        "delta HF,r (2)": -6.644263e-05,
        "delta MP2,r (2)": -9.812571000000001e-05
    },
    "index": "0235",
    "jobtype": "SP",
    "logFile": "0235.log.gz",
    "method": "sapt2+3(ccd)dmp2-aug-cc-pvtz",
    "mols": [
        {
            "atoms": [
                {
                    "coords": [
                        0.0,
                        0.0,
                        -4.054456128529
                    ],
                    "elem": "Na"
                }
            ],
            "charge": 1,
            "compound": "sodium",
            "mult": 1
        },
        {
            "atoms": [
                {
                    "coords": [
                        0.0,
                        0.0,
                        2.665543871471
                    ],
                    "elem": "Cl"
                }
            ],
            "charge": -1,
            "compound": "chloride",
            "mult": 1
        }
    ],
    "system": "sodium#chloride"
}