{
    "energies": {
        "Disp2 (CCD)": -0.00190311018,
        "Disp20": -0.00188571945,
        "Disp21": -5.8826620000000005e-05,
        "Disp22 (S) (CCD)": -3.256615e-05,
        "Disp22 (SDQ)": 7.72371e-06,
        "Disp22 (T)": -0.00010122902,
        "Disp22 (T) (CCD)": -0.00011545371,
        "Dispersion": -0.00245426388,
        "Electrostatics": -0.25787014034,
        "Elst10,r": -0.25913111347,
        "Elst12,r": 0.00206048302,
        "Est. Disp22 (T)": -0.00011986373,
        "Est. Disp22 (T) (CCD)": -0.00013670697,
        "Exch-Disp20": 0.00030976858,
        "Exch-Ind20,r": 0.05790280212,
        "Exch-Ind22": 0.0036287523300000003,
        "Exch10": 0.062438553550000005,
        "Exch10(S^2)": 0.061466942000000004,
        "Exch11(S^2)": -0.00090668233,
        "Exch12(S^2)": 0.0016513690000000002,
        "Exchange": 0.06318324022,
        "Ind20,r": -0.09522003513,
        "Ind22": -0.005967412829999999,
        "Induction": -0.04380181511,
        "InteractionEnergy": -0.24015258473,
        "delta HF,r (2)": -0.0067021527,
        "delta MP2,r (2)": 0.00185546643
    },
    "index": "0005",
    "jobtype": "SP",
    "logFile": "0005.log.gz",
    "method": "sapt2+3(ccd)dmp2-aug-cc-pvtz",
    "mols": [
        {
            "atoms": [
                {
                    "coords": [
                        0.0,
                        0.0,
                        -1.624139488231
                    ],
                    "elem": "Li"
                }
            ],
            "charge": 1,
            "compound": "lithium",
            "mult": 1
        },
        {
            "atoms": [
                {
                    "coords": [
                        0.0,
                        0.0,
                        0.325860511769
                    ],
                    "elem": "Cl"
                }
            ],
            "charge": -1,
            "compound": "chloride",
            "mult": 1
        }
    ],
    "system": "lithium#chloride"
}