{
    "energies": {
        "Disp2 (CCD)": -0.00126538623,
        "Disp20": -0.0015696512,
        "Disp21": 0.00026432881000000005,
        "Disp22 (S) (CCD)": -4.9079310000000004e-05,
        "Disp22 (SDQ)": -1.0045429999999999e-05,
        "Disp22 (T)": -0.00015964042,
        "Disp22 (T) (CCD)": -0.00016429565,
        "Dispersion": -0.00146480555,
        "Electrostatics": -0.14421194377000002,
        "Elst10,r": -0.14401599908,
        "Elst12,r": -0.00026558328,
        "Est. Disp22 (T)": -0.00017987188000000002,
        "Est. Disp22 (T) (CCD)": -0.00018511707,
        "Exch-Disp20": 0.00029420636,
        "Exch-Ind20,r": 0.01310521256,
        "Exch-Ind22": 0.00146501505,
        "Exch10": 0.00493207917,
        "Exch10(S^2)": 0.00492025881,
        "Exch11(S^2)": -2.8369350000000003e-05,
        "Exch12(S^2)": 0.0004913814599999999,
        "Exchange": 0.00539509128,
        "Ind20,r": -0.02264730882,
        "Ind22": -0.00253171385,
        "Induction": -0.00967875279,
        "InteractionEnergy": -0.15003577164999998,
        "delta HF,r (2)": 0.00044746786,
        "delta MP2,r (2)": 0.00021742286999999999
    },
    "index": "0213",
    "jobtype": "SP",
    "logFile": "0213.log.gz",
    "method": "sapt2+3(ccd)dmp2-aug-cc-pvtz",
    "mols": [
        {
            "atoms": [
                {
                    "coords": [
                        0.0,
                        0.0,
                        -2.490423525883
                    ],
                    "elem": "K"
                }
            ],
            "charge": 1,
            "compound": "potassium",
            "mult": 1
        },
        {
            "atoms": [
                {
                    "coords": [
                        0.0,
                        0.0,
                        1.229576474117
                    ],
                    "elem": "Br"
                }
            ],
            "charge": -1,
            "compound": "bromide",
            "mult": 1
        }
    ],
    "system": "potassium#bromide"
}