{
    "energies": {
        "Disp2 (CCD)": -0.0006159026,
        "Disp20": -0.00057395365,
        "Disp21": -4.697026e-05,
        "Disp22 (S) (CCD)": -8.309874000000001e-05,
        "Disp22 (SDQ)": -8.806337e-05,
        "Disp22 (T)": -6.156469e-05,
        "Disp22 (T) (CCD)": -6.154865999999999e-05,
        "Dispersion": -0.0006366712599999999,
        "Electrostatics": -0.23297908511,
        "Elst10,r": -0.23264014599000002,
        "Elst12,r": -0.00054580725,
        "Est. Disp22 (T)": -7.685354e-05,
        "Est. Disp22 (T) (CCD)": -7.683353e-05,
        "Exch-Disp20": 0.0001468712,
        "Exch-Ind20,r": 0.022964150960000002,
        "Exch-Ind22": 0.008296731160000001,
        "Exch10": 0.01436549227,
        "Exch10(S^2)": 0.01431294585,
        "Exch11(S^2)": -0.00019001618,
        "Exch12(S^2)": 0.004985579719999999,
        "Exchange": 0.01916105581,
        "Ind20,r": -0.03412564366,
        "Ind22": -0.01232927321,
        "Induction": -0.01114295305,
        "InteractionEnergy": -0.22580924308,
        "delta HF,r (2)": 0.00194102187,
        "delta MP2,r (2)": 0.00209763089
    },
    "index": "0208",
    "jobtype": "SP",
    "logFile": "0208.log.gz",
    "method": "sapt2+3(ccd)dmp2-aug-cc-pvtz",
    "mols": [
        {
            "atoms": [
                {
                    "coords": [
                        0.0,
                        0.0,
                        -1.040681809426
                    ],
                    "elem": "Na"
                }
            ],
            "charge": 1,
            "compound": "sodium",
            "mult": 1
        },
        {
            "atoms": [
                {
                    "coords": [
                        0.0,
                        0.0,
                        1.259318190574
                    ],
                    "elem": "F"
                }
            ],
            "charge": -1,
            "compound": "fluoride",
            "mult": 1
        }
    ],
    "system": "sodium#fluoride"
}