{
    "energies": {
        "Disp2 (CCD)": -0.00069307743,
        "Disp20": -0.00067826248,
        "Disp21": -2.9424880000000002e-05,
        "Disp22 (S) (CCD)": -1.784603e-05,
        "Disp22 (SDQ)": -3.58746e-06,
        "Disp22 (T)": -3.8372370000000003e-05,
        "Disp22 (T) (CCD)": -4.3612900000000004e-05,
        "Dispersion": -0.00084056419,
        "Electrostatics": -0.22171802509,
        "Elst10,r": -0.22218183496,
        "Elst12,r": 0.00079658428,
        "Est. Disp22 (T)": -4.823963e-05,
        "Est. Disp22 (T) (CCD)": -5.482774e-05,
        "Exch-Disp20": 0.00013307823,
        "Exch-Ind20,r": 0.02300145964,
        "Exch-Ind22": 0.0018199950300000001,
        "Exch10": 0.01904329413,
        "Exch10(S^2)": 0.01895162626,
        "Exch11(S^2)": -0.00020807906000000002,
        "Exch12(S^2)": 0.00115742185,
        "Exchange": 0.019992636919999997,
        "Ind20,r": -0.05076313828,
        "Ind22": -0.00401664332,
        "Induction": -0.03001234368,
        "InteractionEnergy": -0.23225432846000002,
        "delta HF,r (2)": -0.0011413017700000001,
        "delta MP2,r (2)": 0.00087058699
    },
    "index": "0209",
    "jobtype": "SP",
    "logFile": "0209.log.gz",
    "method": "sapt2+3(ccd)dmp2-aug-cc-pvtz",
    "mols": [
        {
            "atoms": [
                {
                    "coords": [
                        0.0,
                        0.0,
                        -1.948967385877
                    ],
                    "elem": "Li"
                }
            ],
            "charge": 1,
            "compound": "lithium",
            "mult": 1
        },
        {
            "atoms": [
                {
                    "coords": [
                        0.0,
                        0.0,
                        0.391032614123
                    ],
                    "elem": "Cl"
                }
            ],
            "charge": -1,
            "compound": "chloride",
            "mult": 1
        }
    ],
    "system": "lithium#chloride"
}