{
    "energies": {
        "Disp2 (CCD)": -4.4490000000000003e-08,
        "Disp20": -4.125e-08,
        "Disp21": -3.79e-09,
        "Disp22 (S) (CCD)": -5.4e-09,
        "Disp22 (SDQ)": -4.93e-09,
        "Disp22 (T)": -5.59e-09,
        "Disp22 (T) (CCD)": -5.77e-09,
        "Dispersion": -5.584e-08,
        "Electrostatics": -0.051882070679999996,
        "Elst10,r": -0.05188144894,
        "Elst12,r": -4.746700000000001e-06,
        "Est. Disp22 (T)": -5.69e-09,
        "Est. Disp22 (T) (CCD)": -5.87e-09,
        "Exch-Disp20": -0.0,
        "Exch-Ind20,r": 1.9999999999999998e-10,
        "Exch-Ind22": 4.0000000000000004e-11,
        "Exch10": 7e-11,
        "Exch10(S^2)": 7e-11,
        "Exch11(S^2)": -0.0,
        "Exch12(S^2)": 1.09e-09,
        "Exchange": 1.16e-09,
        "Ind20,r": -2.816757e-05,
        "Ind22": -6.07598e-06,
        "Induction": -3.670643e-05,
        "InteractionEnergy": -0.05192295675,
        "delta HF,r (2)": -1.3757e-07,
        "delta MP2,r (2)": -2.32563e-06
    },
    "index": "0262",
    "jobtype": "SP",
    "logFile": "0262.log.gz",
    "method": "sapt2+3(ccd)dmp2-aug-cc-pvtz",
    "mols": [
        {
            "atoms": [
                {
                    "coords": [
                        0.0,
                        0.0,
                        -4.615197589629
                    ],
                    "elem": "Na"
                }
            ],
            "charge": 1,
            "compound": "sodium",
            "mult": 1
        },
        {
            "atoms": [
                {
                    "coords": [
                        0.0,
                        0.0,
                        5.584802410371
                    ],
                    "elem": "F"
                }
            ],
            "charge": -1,
            "compound": "fluoride",
            "mult": 1
        }
    ],
    "system": "sodium#fluoride"
}