{
    "energies": {
        "Disp2 (CCD)": -7.9437e-07,
        "Disp20": -8.3781e-07,
        "Disp21": 2.998e-08,
        "Disp22 (S) (CCD)": -3.595e-08,
        "Disp22 (SDQ)": -1.696e-08,
        "Disp22 (T)": -6.295999999999999e-08,
        "Disp22 (T) (CCD)": -6.873999999999999e-08,
        "Dispersion": -9.7495e-07,
        "Electrostatics": -0.08066957216000001,
        "Elst10,r": -0.08066282973,
        "Elst12,r": -8.83254e-06,
        "Est. Disp22 (T)": -6.86e-08,
        "Est. Disp22 (T) (CCD)": -7.491e-08,
        "Exch-Disp20": 8.06e-09,
        "Exch-Ind20,r": 1.94296e-06,
        "Exch-Ind22": 1.7174e-07,
        "Exch10": 6.6484e-07,
        "Exch10(S^2)": 6.6484e-07,
        "Exch11(S^2)": -1.38e-09,
        "Exch12(S^2)": 2.2465000000000002e-07,
        "Exchange": 8.8811e-07,
        "Ind20,r": -0.00092682806,
        "Ind22": -8.192532e-05,
        "Induction": -0.0015006110299999999,
        "InteractionEnergy": -0.08217236158,
        "delta HF,r (2)": -0.00022641854,
        "delta MP2,r (2)": -0.00026763304
    },
    "index": "0238",
    "jobtype": "SP",
    "logFile": "0238.log.gz",
    "method": "sapt2+3(ccd)dmp2-aug-cc-pvtz",
    "mols": [
        {
            "atoms": [
                {
                    "coords": [
                        0.0,
                        0.0,
                        -6.024416879342
                    ],
                    "elem": "Li"
                }
            ],
            "charge": 1,
            "compound": "lithium",
            "mult": 1
        },
        {
            "atoms": [
                {
                    "coords": [
                        0.0,
                        0.0,
                        0.535583120658
                    ],
                    "elem": "Br"
                }
            ],
            "charge": -1,
            "compound": "bromide",
            "mult": 1
        }
    ],
    "system": "lithium#bromide"
}