{
    "energies": {
        "Disp2 (CCD)": -0.00138596379,
        "Disp20": -0.00136434834,
        "Disp21": -4.876665e-05,
        "Disp22 (S) (CCD)": -2.8991929999999998e-05,
        "Disp22 (SDQ)": -4.990199999999999e-07,
        "Disp22 (T)": -7.377349e-05,
        "Disp22 (T) (CCD)": -8.474955000000001e-05,
        "Dispersion": -0.0017576641799999999,
        "Electrostatics": -0.23175857827,
        "Elst10,r": -0.23241092361,
        "Elst12,r": 0.00104336297,
        "Est. Disp22 (T)": -8.540595e-05,
        "Est. Disp22 (T) (CCD)": -9.811269e-05,
        "Exch-Disp20": 0.00026570482,
        "Exch-Ind20,r": 0.04792959467,
        "Exch-Ind22": 0.00304084484,
        "Exch10": 0.04460507491,
        "Exch10(S^2)": 0.04410870986,
        "Exch11(S^2)": -0.00069201411,
        "Exch12(S^2)": 0.0014294622500000001,
        "Exchange": 0.045342523040000006,
        "Ind20,r": -0.08620044442,
        "Ind22": -0.00546890034,
        "Induction": -0.04204351095,
        "InteractionEnergy": -0.2298387702,
        "delta HF,r (2)": -0.0033611913699999997,
        "delta MP2,r (2)": 0.0014937276100000002
    },
    "index": "0007",
    "jobtype": "SP",
    "logFile": "0007.log.gz",
    "method": "sapt2+3(ccd)dmp2-aug-cc-pvtz",
    "mols": [
        {
            "atoms": [
                {
                    "coords": [
                        0.0,
                        0.0,
                        -2.002016584903
                    ],
                    "elem": "Li"
                }
            ],
            "charge": 1,
            "compound": "lithium",
            "mult": 1
        },
        {
            "atoms": [
                {
                    "coords": [
                        0.0,
                        0.0,
                        0.177983415097
                    ],
                    "elem": "Br"
                }
            ],
            "charge": -1,
            "compound": "bromide",
            "mult": 1
        }
    ],
    "system": "lithium#bromide"
}