{
    "energies": {
        "Disp2 (CCD)": -0.00230675367,
        "Disp20": -0.00228300262,
        "Disp21": -7.060587e-05,
        "Disp22 (S) (CCD)": -3.9956199999999995e-05,
        "Disp22 (SDQ)": 8.00577e-06,
        "Disp22 (T)": -0.00011623796999999999,
        "Disp22 (T) (CCD)": -0.0001338579,
        "Dispersion": -0.00306950927,
        "Electrostatics": -0.24781477162999999,
        "Elst10,r": -0.24884660342999998,
        "Elst12,r": 0.00162687103,
        "Est. Disp22 (T)": -0.00013377238999999998,
        "Est. Disp22 (T) (CCD)": -0.00015405026999999998,
        "Exch-Disp20": 0.00038793519,
        "Exch-Ind20,r": 0.07423026882,
        "Exch-Ind22": 0.00416783908,
        "Exch10": 0.0800513298,
        "Exch10(S^2)": 0.07847028746,
        "Exch11(S^2)": -0.00142583395,
        "Exch12(S^2)": 0.0015976786000000002,
        "Exchange": 0.08022317445,
        "Ind20,r": -0.11785797968,
        "Ind22": -0.0066174230700000005,
        "Induction": -0.05122511552,
        "InteractionEnergy": -0.22130071037,
        "delta HF,r (2)": -0.00841692829,
        "delta MP2,r (2)": 0.00230289566
    },
    "index": "0206",
    "jobtype": "SP",
    "logFile": "0206.log.gz",
    "method": "sapt2+3(ccd)dmp2-aug-cc-pvtz",
    "mols": [
        {
            "atoms": [
                {
                    "coords": [
                        0.0,
                        0.0,
                        -1.818345338582
                    ],
                    "elem": "Li"
                }
            ],
            "charge": 1,
            "compound": "lithium",
            "mult": 1
        },
        {
            "atoms": [
                {
                    "coords": [
                        0.0,
                        0.0,
                        0.161654661418
                    ],
                    "elem": "Br"
                }
            ],
            "charge": -1,
            "compound": "bromide",
            "mult": 1
        }
    ],
    "system": "lithium#bromide"
}