{
    "energies": {
        "Disp2 (CCD)": -5.66311e-06,
        "Disp20": -5.13817e-06,
        "Disp21": -5.9023e-07,
        "Disp22 (S) (CCD)": -1.10852e-06,
        "Disp22 (SDQ)": -1.2079899999999998e-06,
        "Disp22 (T)": -6.9189e-07,
        "Disp22 (T) (CCD)": -6.9625e-07,
        "Dispersion": -7.97371e-06,
        "Electrostatics": -0.11023605913,
        "Elst10,r": -0.11024169763000001,
        "Elst12,r": -7.770733e-05,
        "Est. Disp22 (T)": -7.7406e-07,
        "Est. Disp22 (T) (CCD)": -7.7894e-07,
        "Exch-Disp20": 8.623000000000001e-08,
        "Exch-Ind20,r": 2.2076470000000002e-05,
        "Exch-Ind22": 7.74474e-06,
        "Exch10": 7.75355e-06,
        "Exch10(S^2)": 7.75353e-06,
        "Exch11(S^2)": -3.406e-08,
        "Exch12(S^2)": 1.071857e-05,
        "Exchange": 1.843806e-05,
        "Ind20,r": -0.0008042676600000001,
        "Ind22": -0.00028214836,
        "Induction": -0.00151676596,
        "InteractionEnergy": -0.11182573181,
        "delta HF,r (2)": -0.00011890708,
        "delta MP2,r (2)": -0.00034179867
    },
    "index": "0225",
    "jobtype": "SP",
    "logFile": "0225.log.gz",
    "method": "sapt2+3(ccd)dmp2-aug-cc-pvtz",
    "mols": [
        {
            "atoms": [
                {
                    "coords": [
                        0.0,
                        0.0,
                        -2.171857689237
                    ],
                    "elem": "Na"
                }
            ],
            "charge": 1,
            "compound": "sodium",
            "mult": 1
        },
        {
            "atoms": [
                {
                    "coords": [
                        0.0,
                        0.0,
                        2.628142310763
                    ],
                    "elem": "F"
                }
            ],
            "charge": -1,
            "compound": "fluoride",
            "mult": 1
        }
    ],
    "system": "sodium#fluoride"
}