{
    "energies": {
        "Disp2 (CCD)": -0.006417091,
        "Disp20": -0.00797216657,
        "Disp21": 0.0013524467200000001,
        "Disp22 (S) (CCD)": -0.00016707085,
        "Disp22 (SDQ)": 4.5581120000000004e-05,
        "Disp22 (T)": -0.00072174082,
        "Disp22 (T) (CCD)": -0.0007371148499999999,
        "Dispersion": -0.00572780474,
        "Electrostatics": -0.20159363935,
        "Elst10,r": -0.20069149932,
        "Elst12,r": -0.0011120137800000002,
        "Est. Disp22 (T)": -0.00081897498,
        "Est. Disp22 (T) (CCD)": -0.00083642022,
        "Exch-Disp20": 0.0024840313799999996,
        "Exch-Ind20,r": 0.11038471728,
        "Exch-Ind22": 0.00995368757,
        "Exch10": 0.05064437149,
        "Exch10(S^2)": 0.049578727100000004,
        "Exch11(S^2)": -0.00068565532,
        "Exch12(S^2)": 0.0021035896799999998,
        "Exchange": 0.05206230584,
        "Ind20,r": -0.1325409911,
        "Ind22": -0.01195157852,
        "Induction": -0.01817383918,
        "InteractionEnergy": -0.17369030798,
        "delta HF,r (2)": 0.00286534818,
        "delta MP2,r (2)": 0.00227626657
    },
    "index": "0005",
    "jobtype": "SP",
    "logFile": "0005.log.gz",
    "method": "sapt2+3(ccd)dmp2-aug-cc-pvtz",
    "mols": [
        {
            "atoms": [
                {
                    "coords": [
                        0.0,
                        0.0,
                        -1.907985765798
                    ],
                    "elem": "K"
                }
            ],
            "charge": 1,
            "compound": "potassium",
            "mult": 1
        },
        {
            "atoms": [
                {
                    "coords": [
                        0.0,
                        0.0,
                        0.942014234202
                    ],
                    "elem": "Br"
                }
            ],
            "charge": -1,
            "compound": "bromide",
            "mult": 1
        }
    ],
    "system": "potassium#bromide"
}