{
    "energies": {
        "Disp2 (CCD)": -1.0745e-07,
        "Disp20": -1.1163e-07,
        "Disp21": 2.5600000000000003e-09,
        "Disp22 (S) (CCD)": -7.21e-09,
        "Disp22 (SDQ)": -4.740000000000001e-09,
        "Disp22 (T)": -1.213e-08,
        "Disp22 (T) (CCD)": -1.297e-08,
        "Dispersion": -1.2846e-07,
        "Electrostatics": -0.05117937121,
        "Elst10,r": -0.051178224210000005,
        "Elst12,r": -2.0209199999999997e-06,
        "Est. Disp22 (T)": -1.235e-08,
        "Est. Disp22 (T) (CCD)": -1.32e-08,
        "Exch-Disp20": -0.0,
        "Exch-Ind20,r": 2.7e-10,
        "Exch-Ind22": 2.0000000000000002e-11,
        "Exch10": 2.0000000000000002e-11,
        "Exch10(S^2)": 2.0000000000000002e-11,
        "Exch11(S^2)": -0.0,
        "Exch12(S^2)": -7.2e-10,
        "Exchange": -7e-10,
        "Ind20,r": -9.232986e-05,
        "Ind22": -7.49037e-06,
        "Induction": -0.00010417313,
        "InteractionEnergy": -0.051284547439999995,
        "delta HF,r (2)": -1.02037e-06,
        "delta MP2,r (2)": -3.3334200000000003e-06
    },
    "index": "0258",
    "jobtype": "SP",
    "logFile": "0258.log.gz",
    "method": "sapt2+3(ccd)dmp2-aug-cc-pvtz",
    "mols": [
        {
            "atoms": [
                {
                    "coords": [
                        0.0,
                        0.0,
                        -6.2385530311
                    ],
                    "elem": "Na"
                }
            ],
            "charge": 1,
            "compound": "sodium",
            "mult": 1
        },
        {
            "atoms": [
                {
                    "coords": [
                        0.0,
                        0.0,
                        4.1014469689
                    ],
                    "elem": "Cl"
                }
            ],
            "charge": -1,
            "compound": "chloride",
            "mult": 1
        }
    ],
    "system": "sodium#chloride"
}