{
    "energies": {
        "Disp2 (CCD)": -4.936699999999999e-07,
        "Disp20": -5.7933e-07,
        "Disp21": 6.316e-08,
        "Disp22 (S) (CCD)": -4.44e-08,
        "Disp22 (SDQ)": -3.0800000000000004e-08,
        "Disp22 (T)": -9.044e-08,
        "Disp22 (T) (CCD)": -8.674e-08,
        "Dispersion": -6.266299999999999e-07,
        "Electrostatics": -0.05281081981,
        "Elst10,r": -0.05281150647,
        "Elst12,r": 2.7651e-06,
        "Est. Disp22 (T)": -9.126e-08,
        "Est. Disp22 (T) (CCD)": -8.753e-08,
        "Exch-Disp20": 6e-11,
        "Exch-Ind20,r": 2.97e-09,
        "Exch-Ind22": 3.6e-10,
        "Exch10": 7.4e-10,
        "Exch10(S^2)": 7.4e-10,
        "Exch11(S^2)": -1.0000000000000001e-11,
        "Exch12(S^2)": 2.78e-09,
        "Exchange": 3.5099999999999997e-09,
        "Ind20,r": -4.818218e-05,
        "Ind22": -5.84936e-06,
        "Induction": -5.99205e-05,
        "InteractionEnergy": -0.052869284999999995,
        "delta HF,r (2)": -9.3753e-07,
        "delta MP2,r (2)": -4.95585e-06
    },
    "index": "0253",
    "jobtype": "SP",
    "logFile": "0253.log.gz",
    "method": "sapt2+3(ccd)dmp2-aug-cc-pvtz",
    "mols": [
        {
            "atoms": [
                {
                    "coords": [
                        0.0,
                        0.0,
                        -3.284283488695
                    ],
                    "elem": "K"
                }
            ],
            "charge": 1,
            "compound": "potassium",
            "mult": 1
        },
        {
            "atoms": [
                {
                    "coords": [
                        0.0,
                        0.0,
                        6.735716511305
                    ],
                    "elem": "F"
                }
            ],
            "charge": -1,
            "compound": "fluoride",
            "mult": 1
        }
    ],
    "system": "potassium#fluoride"
}