{
    "energies": {
        "Disp2 (CCD)": -1.7953000000000002e-07,
        "Disp20": -2.1101e-07,
        "Disp21": 2.3329999999999998e-08,
        "Disp22 (S) (CCD)": -1.594e-08,
        "Disp22 (SDQ)": -1.0879999999999999e-08,
        "Disp22 (T)": -3.2920000000000006e-08,
        "Disp22 (T) (CCD)": -3.1560000000000006e-08,
        "Dispersion": -2.2749e-07,
        "Electrostatics": -0.044692858610000004,
        "Elst10,r": -0.04469344846,
        "Elst12,r": 2.51836e-06,
        "Est. Disp22 (T)": -3.3210000000000004e-08,
        "Est. Disp22 (T) (CCD)": -3.183e-08,
        "Exch-Disp20": 1.0000000000000001e-11,
        "Exch-Ind20,r": 6.1e-10,
        "Exch-Ind22": 7e-11,
        "Exch10": 1.4e-10,
        "Exch10(S^2)": 1.4e-10,
        "Exch11(S^2)": -0.0,
        "Exch12(S^2)": 4.7e-10,
        "Exchange": 6.1e-10,
        "Ind20,r": -2.462342e-05,
        "Ind22": -2.94303e-06,
        "Induction": -3.157437e-05,
        "InteractionEnergy": -0.04472273137,
        "delta HF,r (2)": -6.2568e-07,
        "delta MP2,r (2)": -3.38313e-06
    },
    "index": "0264",
    "jobtype": "SP",
    "logFile": "0264.log.gz",
    "method": "sapt2+3(ccd)dmp2-aug-cc-pvtz",
    "mols": [
        {
            "atoms": [
                {
                    "coords": [
                        0.0,
                        0.0,
                        -3.880829990633
                    ],
                    "elem": "K"
                }
            ],
            "charge": 1,
            "compound": "potassium",
            "mult": 1
        },
        {
            "atoms": [
                {
                    "coords": [
                        0.0,
                        0.0,
                        7.959170009367
                    ],
                    "elem": "F"
                }
            ],
            "charge": -1,
            "compound": "fluoride",
            "mult": 1
        }
    ],
    "system": "potassium#fluoride"
}