{
    "energies": {
        "Disp2 (CCD)": -8.912e-08,
        "Disp20": -9.265e-08,
        "Disp21": 2.18e-09,
        "Disp22 (S) (CCD)": -5.96e-09,
        "Disp22 (SDQ)": -3.9e-09,
        "Disp22 (T)": -1.008e-08,
        "Disp22 (T) (CCD)": -1.077e-08,
        "Dispersion": -1.0645999999999999e-07,
        "Electrostatics": -0.04964284334,
        "Elst10,r": -0.04964188034,
        "Elst12,r": -1.68431e-06,
        "Est. Disp22 (T)": -1.025e-08,
        "Est. Disp22 (T) (CCD)": -1.096e-08,
        "Exch-Disp20": -0.0,
        "Exch-Ind20,r": 1.5e-10,
        "Exch-Ind22": 1.0000000000000001e-11,
        "Exch10": 1.0000000000000001e-11,
        "Exch10(S^2)": 1.0000000000000001e-11,
        "Exch11(S^2)": -0.0,
        "Exch12(S^2)": -5.1e-10,
        "Exchange": -4.999999999999999e-10,
        "Ind20,r": -8.140102e-05,
        "Ind22": -6.5549099999999996e-06,
        "Induction": -9.137066e-05,
        "InteractionEnergy": -0.04973504228,
        "delta HF,r (2)": -7.594599999999999e-07,
        "delta MP2,r (2)": -2.65585e-06
    },
    "index": "0260",
    "jobtype": "SP",
    "logFile": "0260.log.gz",
    "method": "sapt2+3(ccd)dmp2-aug-cc-pvtz",
    "mols": [
        {
            "atoms": [
                {
                    "coords": [
                        0.0,
                        0.0,
                        -6.431622370553
                    ],
                    "elem": "Na"
                }
            ],
            "charge": 1,
            "compound": "sodium",
            "mult": 1
        },
        {
            "atoms": [
                {
                    "coords": [
                        0.0,
                        0.0,
                        4.228377629446
                    ],
                    "elem": "Cl"
                }
            ],
            "charge": -1,
            "compound": "chloride",
            "mult": 1
        }
    ],
    "system": "sodium#chloride"
}