{
    "energies": {
        "Disp2 (CCD)": -0.0028207562,
        "Disp20": -0.00346908638,
        "Disp21": 0.00054127296,
        "Disp22 (S) (CCD)": -9.43752e-05,
        "Disp22 (SDQ)": 3.3386700000000003e-06,
        "Disp22 (T)": -0.00035491250000000004,
        "Disp22 (T) (CCD)": -0.00036293701,
        "Dispersion": -0.00284096013,
        "Electrostatics": -0.17460939723000002,
        "Elst10,r": -0.17407671667,
        "Elst12,r": -0.0007642160300000001,
        "Est. Disp22 (T)": -0.00039935664999999997,
        "Est. Disp22 (T) (CCD)": -0.00040838603,
        "Exch-Disp20": 0.00085412551,
        "Exch-Ind20,r": 0.03555090158,
        "Exch-Ind22": 0.00447594829,
        "Exch10": 0.015865425330000002,
        "Exch10(S^2)": 0.0157501894,
        "Exch11(S^2)": -0.00011313943,
        "Exch12(S^2)": 0.0013596499500000002,
        "Exchange": 0.01711193586,
        "Ind20,r": -0.048314956619999995,
        "Ind22": -0.00608297505,
        "Induction": -0.01255934708,
        "InteractionEnergy": -0.17314205684,
        "delta HF,r (2)": 0.00023176519000000001,
        "delta MP2,r (2)": 0.0011956485400000001
    },
    "index": "0210",
    "jobtype": "SP",
    "logFile": "0210.log.gz",
    "method": "sapt2+3(ccd)dmp2-aug-cc-pvtz",
    "mols": [
        {
            "atoms": [
                {
                    "coords": [
                        0.0,
                        0.0,
                        -1.475707341867
                    ],
                    "elem": "K"
                }
            ],
            "charge": 1,
            "compound": "potassium",
            "mult": 1
        },
        {
            "atoms": [
                {
                    "coords": [
                        0.0,
                        0.0,
                        1.644292658133
                    ],
                    "elem": "Cl"
                }
            ],
            "charge": -1,
            "compound": "chloride",
            "mult": 1
        }
    ],
    "system": "potassium#chloride"
}