{
    "energies": {
        "Disp2 (CCD)": -0.0015816328799999999,
        "Disp20": -0.00159767147,
        "Disp21": -1.035386e-05,
        "Disp22 (S) (CCD)": -8.304338e-05,
        "Disp22 (SDQ)": -5.305203e-05,
        "Disp22 (T)": -0.00011836576,
        "Disp22 (T) (CCD)": -0.00012969949,
        "Dispersion": -0.00135866511,
        "Electrostatics": -0.2366506099,
        "Elst10,r": -0.2364662951,
        "Elst12,r": -6.240836e-05,
        "Est. Disp22 (T)": -0.00014647444,
        "Est. Disp22 (T) (CCD)": -0.00016049962,
        "Exch-Disp20": 0.0005152297900000001,
        "Exch-Ind20,r": 0.08587191518000001,
        "Exch-Ind22": 0.00697965793,
        "Exch10": 0.051695328160000005,
        "Exch10(S^2)": 0.051047989690000004,
        "Exch11(S^2)": -0.00089800579,
        "Exch12(S^2)": 0.00255661719,
        "Exchange": 0.05335393956,
        "Ind20,r": -0.11201882798,
        "Ind22": -0.009104875549999999,
        "Induction": -0.0197339677,
        "InteractionEnergy": -0.20429440268,
        "delta HF,r (2)": 0.006349255890000001,
        "delta MP2,r (2)": 0.0021131818299999997
    },
    "index": "0207",
    "jobtype": "SP",
    "logFile": "0207.log.gz",
    "method": "sapt2+3(ccd)dmp2-aug-cc-pvtz",
    "mols": [
        {
            "atoms": [
                {
                    "coords": [
                        0.0,
                        0.0,
                        -1.39975271104
                    ],
                    "elem": "Na"
                }
            ],
            "charge": 1,
            "compound": "sodium",
            "mult": 1
        },
        {
            "atoms": [
                {
                    "coords": [
                        0.0,
                        0.0,
                        0.92024728896
                    ],
                    "elem": "Cl"
                }
            ],
            "charge": -1,
            "compound": "chloride",
            "mult": 1
        }
    ],
    "system": "sodium#chloride"
}