{
    "energies": {
        "Disp2 (CCD)": -0.00474115925,
        "Disp20": -0.00543413175,
        "Disp21": 0.00050448203,
        "Disp22 (S) (CCD)": -0.0005446811700000001,
        "Disp22 (SDQ)": -0.00054154441,
        "Disp22 (T)": -0.0007192482999999999,
        "Disp22 (T) (CCD)": -0.0006639064,
        "Dispersion": -0.00442004103,
        "Electrostatics": -0.23317790844,
        "Elst10,r": -0.23157525112,
        "Elst12,r": -0.0038303820700000004,
        "Est. Disp22 (T)": -0.00083072051,
        "Est. Disp22 (T) (CCD)": -0.00076680149,
        "Exch-Disp20": 0.00167071922,
        "Exch-Ind20,r": 0.05795472082,
        "Exch-Ind22": 0.02246988085,
        "Exch10": 0.03560251761,
        "Exch10(S^2)": 0.03511544435,
        "Exch11(S^2)": -0.000519117,
        "Exch12(S^2)": 0.01001437116,
        "Exchange": 0.04509777177,
        "Ind20,r": -0.07206077859,
        "Ind22": -0.02793900282,
        "Induction": -0.016618865320000002,
        "InteractionEnergy": -0.21134947782,
        "delta HF,r (2)": -0.0012995758500000002,
        "delta MP2,r (2)": 0.004215061880000001
    },
    "index": "0008",
    "jobtype": "SP",
    "logFile": "0008.log.gz",
    "method": "sapt2+3(ccd)dmp2-aug-cc-pvtz",
    "mols": [
        {
            "atoms": [
                {
                    "coords": [
                        0.0,
                        0.0,
                        -0.786654727831
                    ],
                    "elem": "K"
                }
            ],
            "charge": 1,
            "compound": "potassium",
            "mult": 1
        },
        {
            "atoms": [
                {
                    "coords": [
                        0.0,
                        0.0,
                        1.613345272169
                    ],
                    "elem": "F"
                }
            ],
            "charge": -1,
            "compound": "fluoride",
            "mult": 1
        }
    ],
    "system": "potassium#fluoride"
}