{
    "energies": {
        "Disp2 (CCD)": -0.00112671064,
        "Disp20": -0.00112095683,
        "Disp21": -2.0821409999999998e-05,
        "Disp22 (S) (CCD)": -6.138516000000001e-05,
        "Disp22 (SDQ)": -4.123745e-05,
        "Disp22 (T)": -8.448381e-05,
        "Disp22 (T) (CCD)": -9.350208999999999e-05,
        "Dispersion": -0.00106523193,
        "Electrostatics": -0.20851901034,
        "Elst10,r": -0.20833955424,
        "Elst12,r": -0.0001459737,
        "Est. Disp22 (T)": -9.964872e-05,
        "Est. Disp22 (T) (CCD)": -0.00011028578999999999,
        "Exch-Disp20": 0.000326254,
        "Exch-Ind20,r": 0.06214973668,
        "Exch-Ind22": 0.0048899595600000005,
        "Exch10": 0.0329178512,
        "Exch10(S^2)": 0.03264954013,
        "Exch11(S^2)": -0.00054289924,
        "Exch12(S^2)": 0.00177082895,
        "Exchange": 0.03414578091,
        "Ind20,r": -0.08817467772000001,
        "Ind22": -0.00693760957,
        "Induction": -0.0211653173,
        "InteractionEnergy": -0.19658787543,
        "delta HF,r (2)": 0.0054108370800000005,
        "delta MP2,r (2)": 0.00138575316
    },
    "index": "0008",
    "jobtype": "SP",
    "logFile": "0008.log.gz",
    "method": "sapt2+3(ccd)dmp2-aug-cc-pvtz",
    "mols": [
        {
            "atoms": [
                {
                    "coords": [
                        0.0,
                        0.0,
                        -2.013457849802
                    ],
                    "elem": "Na"
                }
            ],
            "charge": 1,
            "compound": "sodium",
            "mult": 1
        },
        {
            "atoms": [
                {
                    "coords": [
                        0.0,
                        0.0,
                        0.586542150198
                    ],
                    "elem": "Br"
                }
            ],
            "charge": -1,
            "compound": "bromide",
            "mult": 1
        }
    ],
    "system": "sodium#bromide"
}