{
    "energies": {
        "Disp2 (CCD)": -5.619226e-05,
        "Disp20": -5.434888e-05,
        "Disp21": -2.5895900000000003e-06,
        "Disp22 (S) (CCD)": -4.632329999999999e-06,
        "Disp22 (SDQ)": -3.7407400000000003e-06,
        "Disp22 (T)": -5.14499e-06,
        "Disp22 (T) (CCD)": -5.63645e-06,
        "Dispersion": -7.322495e-05,
        "Electrostatics": -0.13107567834,
        "Elst10,r": -0.13104138093,
        "Elst12,r": -6.20467e-05,
        "Est. Disp22 (T)": -5.89277e-06,
        "Est. Disp22 (T) (CCD)": -6.4556600000000005e-06,
        "Exch-Disp20": 4.6e-06,
        "Exch-Ind20,r": 0.00106363746,
        "Exch-Ind22": 0.00012955531,
        "Exch10": 0.00039397833999999996,
        "Exch10(S^2)": 0.00039393660000000005,
        "Exch11(S^2)": -2.47475e-06,
        "Exch12(S^2)": 8.800925e-05,
        "Exchange": 0.00047951284,
        "Ind20,r": -0.00628733685,
        "Ind22": -0.0007658228799999999,
        "Induction": -0.0071314054100000005,
        "InteractionEnergy": -0.13782914074000002,
        "delta HF,r (2)": -0.00076420292,
        "delta MP2,r (2)": -0.0005183758400000001
    },
    "index": "0218",
    "jobtype": "SP",
    "logFile": "0218.log.gz",
    "method": "sapt2+3(ccd)dmp2-aug-cc-pvtz",
    "mols": [
        {
            "atoms": [
                {
                    "coords": [
                        0.0,
                        0.0,
                        -2.437500410604
                    ],
                    "elem": "Na"
                }
            ],
            "charge": 1,
            "compound": "sodium",
            "mult": 1
        },
        {
            "atoms": [
                {
                    "coords": [
                        0.0,
                        0.0,
                        1.602499589396
                    ],
                    "elem": "Cl"
                }
            ],
            "charge": -1,
            "compound": "chloride",
            "mult": 1
        }
    ],
    "system": "sodium#chloride"
}