{
    "energies": {
        "Disp2 (CCD)": -4.35313e-06,
        "Disp20": -4.413379999999999e-06,
        "Disp21": 1.589e-08,
        "Disp22 (S) (CCD)": -3.5804e-07,
        "Disp22 (SDQ)": -2.7637000000000003e-07,
        "Disp22 (T)": -4.346e-07,
        "Disp22 (T) (CCD)": -4.6874999999999996e-07,
        "Dispersion": -5.69269e-06,
        "Electrostatics": -0.08703140007,
        "Elst10,r": -0.08702157053000001,
        "Elst12,r": -1.384401e-05,
        "Est. Disp22 (T)": -4.7023e-07,
        "Est. Disp22 (T) (CCD)": -5.0718e-07,
        "Exch-Disp20": 4.6759999999999997e-08,
        "Exch-Ind20,r": 1.618924e-05,
        "Exch-Ind22": 1.49406e-06,
        "Exch10": 4.63477e-06,
        "Exch10(S^2)": 4.63477e-06,
        "Exch11(S^2)": -1.982e-08,
        "Exch12(S^2)": 1.3369e-06,
        "Exchange": 5.9518599999999995e-06,
        "Ind20,r": -0.0013200998,
        "Ind22": -0.00012182873,
        "Induction": -0.00195088751,
        "InteractionEnergy": -0.08898605799,
        "delta HF,r (2)": -0.00028777965,
        "delta MP2,r (2)": -0.00023939884
    },
    "index": "0230",
    "jobtype": "SP",
    "logFile": "0230.log.gz",
    "method": "sapt2+3(ccd)dmp2-aug-cc-pvtz",
    "mols": [
        {
            "atoms": [
                {
                    "coords": [
                        0.0,
                        0.0,
                        -4.708393741075
                    ],
                    "elem": "Na"
                }
            ],
            "charge": 1,
            "compound": "sodium",
            "mult": 1
        },
        {
            "atoms": [
                {
                    "coords": [
                        0.0,
                        0.0,
                        1.371606258925
                    ],
                    "elem": "Br"
                }
            ],
            "charge": -1,
            "compound": "bromide",
            "mult": 1
        }
    ],
    "system": "sodium#bromide"
}