{
    "energies": {
        "Disp2 (CCD)": -1.2664999999999999e-07,
        "Disp20": -1.1722e-07,
        "Disp21": -1.1009999999999999e-08,
        "Disp22 (S) (CCD)": -1.606e-08,
        "Disp22 (SDQ)": -1.5000000000000002e-08,
        "Disp22 (T)": -1.573e-08,
        "Disp22 (T) (CCD)": -1.625e-08,
        "Dispersion": -1.6002e-07,
        "Electrostatics": -0.06153752334,
        "Elst10,r": -0.06153590411,
        "Elst12,r": -1.40552e-05,
        "Est. Disp22 (T)": -1.615e-08,
        "Est. Disp22 (T) (CCD)": -1.668e-08,
        "Exch-Disp20": -1.0000000000000001e-11,
        "Exch-Ind20,r": 1.6000000000000002e-10,
        "Exch-Ind22": 4.0000000000000004e-11,
        "Exch10": -9e-11,
        "Exch10(S^2)": -9e-11,
        "Exch11(S^2)": -2.0000000000000002e-11,
        "Exch12(S^2)": -1.72e-09,
        "Exchange": -1.82e-09,
        "Ind20,r": -5.777479e-05,
        "Ind22": -1.368306e-05,
        "Induction": -8.031435e-05,
        "InteractionEnergy": -0.0616304355,
        "delta HF,r (2)": -8.8032e-07,
        "delta MP2,r (2)": -7.977e-06
    },
    "index": "0251",
    "jobtype": "SP",
    "logFile": "0251.log.gz",
    "method": "sapt2+3(ccd)dmp2-aug-cc-pvtz",
    "mols": [
        {
            "atoms": [
                {
                    "coords": [
                        0.0,
                        0.0,
                        -3.89124502655
                    ],
                    "elem": "Na"
                }
            ],
            "charge": 1,
            "compound": "sodium",
            "mult": 1
        },
        {
            "atoms": [
                {
                    "coords": [
                        0.0,
                        0.0,
                        4.70875497345
                    ],
                    "elem": "F"
                }
            ],
            "charge": -1,
            "compound": "fluoride",
            "mult": 1
        }
    ],
    "system": "sodium#fluoride"
}