{
    "energies": {
        "Disp2 (CCD)": -1.8493829999999998e-05,
        "Disp20": -1.699283e-05,
        "Disp21": -1.81698e-06,
        "Disp22 (S) (CCD)": -3.5467699999999997e-06,
        "Disp22 (SDQ)": -4.019499999999999e-06,
        "Disp22 (T)": -1.7345800000000002e-06,
        "Disp22 (T) (CCD)": -1.65957e-06,
        "Dispersion": -2.615123e-05,
        "Electrostatics": -0.15380161898,
        "Elst10,r": -0.15382079172,
        "Elst12,r": -4.780268e-05,
        "Est. Disp22 (T)": -2.2227900000000003e-06,
        "Est. Disp22 (T) (CCD)": -2.1266700000000003e-06,
        "Exch-Disp20": 1.76315e-06,
        "Exch-Ind20,r": 0.00030014066000000003,
        "Exch-Ind22": 0.00010755473999999999,
        "Exch10": 0.00016011058999999998,
        "Exch10(S^2)": 0.00016010408,
        "Exch11(S^2)": -4.4285e-07,
        "Exch12(S^2)": 0.00014345287000000001,
        "Exchange": 0.00030312061,
        "Ind20,r": -0.0034860264199999998,
        "Ind22": -0.00124920989,
        "Induction": -0.0061457227,
        "InteractionEnergy": -0.15973757238,
        "delta HF,r (2)": -0.00070694216,
        "delta MP2,r (2)": -0.00111521139
    },
    "index": "0219",
    "jobtype": "SP",
    "logFile": "0219.log.gz",
    "method": "sapt2+3(ccd)dmp2-aug-cc-pvtz",
    "mols": [
        {
            "atoms": [
                {
                    "coords": [
                        0.0,
                        0.0,
                        -2.512242846296
                    ],
                    "elem": "Li"
                }
            ],
            "charge": 1,
            "compound": "lithium",
            "mult": 1
        },
        {
            "atoms": [
                {
                    "coords": [
                        0.0,
                        0.0,
                        0.927757153704
                    ],
                    "elem": "F"
                }
            ],
            "charge": -1,
            "compound": "fluoride",
            "mult": 1
        }
    ],
    "system": "lithium#fluoride"
}