{
    "energies": {
        "Disp2 (CCD)": -1.9708e-06,
        "Disp20": -2.66365e-06,
        "Disp21": 6.7151e-07,
        "Disp22 (S) (CCD)": -6.044e-08,
        "Disp22 (SDQ)": -2.5389999999999998e-08,
        "Disp22 (T)": -3.1976e-07,
        "Disp22 (T) (CCD)": -3.1603e-07,
        "Dispersion": -2.37412e-06,
        "Electrostatics": -0.0538107113,
        "Elst10,r": -0.05381044904,
        "Elst12,r": -9.700999999999999e-08,
        "Est. Disp22 (T)": -3.2366e-07,
        "Est. Disp22 (T) (CCD)": -3.1989e-07,
        "Exch-Disp20": 2.2000000000000002e-10,
        "Exch-Ind20,r": 1.2459999999999999e-08,
        "Exch-Ind22": 8.500000000000001e-10,
        "Exch10": 3.4300000000000004e-09,
        "Exch10(S^2)": 3.4300000000000004e-09,
        "Exch11(S^2)": -1.0000000000000001e-11,
        "Exch12(S^2)": 1.82e-09,
        "Exchange": 5.24e-09,
        "Ind20,r": -0.00017849425,
        "Ind22": -1.215231e-05,
        "Induction": -5.418759e-05,
        "InteractionEnergy": -0.05386710264,
        "delta HF,r (2)": 0.00013878028000000002,
        "delta MP2,r (2)": -2.35795e-06
    },
    "index": "0247",
    "jobtype": "SP",
    "logFile": "0247.log.gz",
    "method": "sapt2+3(ccd)dmp2-aug-cc-pvtz",
    "mols": [
        {
            "atoms": [
                {
                    "coords": [
                        0.0,
                        0.0,
                        -6.600961280971
                    ],
                    "elem": "K"
                }
            ],
            "charge": 1,
            "compound": "potassium",
            "mult": 1
        },
        {
            "atoms": [
                {
                    "coords": [
                        0.0,
                        0.0,
                        3.259038719029
                    ],
                    "elem": "Br"
                }
            ],
            "charge": -1,
            "compound": "bromide",
            "mult": 1
        }
    ],
    "system": "potassium#bromide"
}