{
    "energies": {
        "Disp2 (CCD)": -1.4554999999999998e-07,
        "Disp20": -1.5336000000000002e-07,
        "Disp21": 6.2e-09,
        "Disp22 (S) (CCD)": -1.045e-08,
        "Disp22 (SDQ)": -7.25e-09,
        "Disp22 (T)": -1.61e-08,
        "Disp22 (T) (CCD)": -1.711e-08,
        "Dispersion": -1.7468e-07,
        "Electrostatics": -0.05147420422,
        "Elst10,r": -0.05147318913,
        "Elst12,r": -1.53466e-06,
        "Est. Disp22 (T)": -1.641e-08,
        "Est. Disp22 (T) (CCD)": -1.744e-08,
        "Exch-Disp20": 0.0,
        "Exch-Ind20,r": 1.46e-09,
        "Exch-Ind22": 1.2e-10,
        "Exch10": 2.3e-10,
        "Exch10(S^2)": 2.3e-10,
        "Exch11(S^2)": -0.0,
        "Exch12(S^2)": -9.3e-10,
        "Exchange": -7e-10,
        "Ind20,r": -0.00013629563,
        "Ind22": -1.075626e-05,
        "Induction": -0.00015752505,
        "InteractionEnergy": -0.05163242423,
        "delta HF,r (2)": -5.894800000000001e-06,
        "delta MP2,r (2)": -4.581209999999999e-06
    },
    "index": "0256",
    "jobtype": "SP",
    "logFile": "0256.log.gz",
    "method": "sapt2+3(ccd)dmp2-aug-cc-pvtz",
    "mols": [
        {
            "atoms": [
                {
                    "coords": [
                        0.0,
                        0.0,
                        -7.96090257537
                    ],
                    "elem": "Na"
                }
            ],
            "charge": 1,
            "compound": "sodium",
            "mult": 1
        },
        {
            "atoms": [
                {
                    "coords": [
                        0.0,
                        0.0,
                        2.31909742463
                    ],
                    "elem": "Br"
                }
            ],
            "charge": -1,
            "compound": "bromide",
            "mult": 1
        }
    ],
    "system": "sodium#bromide"
}