{
    "energies": {
        "Disp2 (CCD)": -6.8888e-07,
        "Disp20": -7.1818e-07,
        "Disp21": 2.191e-08,
        "Disp22 (S) (CCD)": -5.125e-08,
        "Disp22 (SDQ)": -3.706e-08,
        "Disp22 (T)": -7.277e-08,
        "Disp22 (T) (CCD)": -7.773000000000001e-08,
        "Dispersion": -8.4272e-07,
        "Electrostatics": -0.06597790494,
        "Elst10,r": -0.06597417069,
        "Elst12,r": -4.86393e-06,
        "Est. Disp22 (T)": -7.605000000000001e-08,
        "Est. Disp22 (T) (CCD)": -8.124e-08,
        "Exch-Disp20": 5.6e-10,
        "Exch-Ind20,r": 2.0007e-07,
        "Exch-Ind22": 1.682e-08,
        "Exch10": 5.427e-08,
        "Exch10(S^2)": 5.427e-08,
        "Exch11(S^2)": -1.9000000000000002e-10,
        "Exch12(S^2)": 1.851e-08,
        "Exchange": 7.258e-08,
        "Ind20,r": -0.00038951291999999996,
        "Ind22": -3.2736960000000006e-05,
        "Induction": -0.00049612341,
        "InteractionEnergy": -0.06647592847,
        "delta HF,r (2)": -3.569695e-05,
        "delta MP2,r (2)": -3.841568e-05
    },
    "index": "0242",
    "jobtype": "SP",
    "logFile": "0242.log.gz",
    "method": "sapt2+3(ccd)dmp2-aug-cc-pvtz",
    "mols": [
        {
            "atoms": [
                {
                    "coords": [
                        0.0,
                        0.0,
                        -6.210743059773
                    ],
                    "elem": "Na"
                }
            ],
            "charge": 1,
            "compound": "sodium",
            "mult": 1
        },
        {
            "atoms": [
                {
                    "coords": [
                        0.0,
                        0.0,
                        1.809256940227
                    ],
                    "elem": "Br"
                }
            ],
            "charge": -1,
            "compound": "bromide",
            "mult": 1
        }
    ],
    "system": "sodium#bromide"
}