{
    "energies": {
        "Disp2 (CCD)": -4.020100000000001e-06,
        "Disp20": -5.3199600000000005e-06,
        "Disp21": 1.21231e-06,
        "Disp22 (S) (CCD)": -1.1122e-07,
        "Disp22 (SDQ)": -1.1600000000000001e-08,
        "Disp22 (T)": -6.536899999999999e-07,
        "Disp22 (T) (CCD)": -6.508399999999999e-07,
        "Dispersion": -4.8688799999999995e-06,
        "Electrostatics": -0.06300065887,
        "Elst10,r": -0.06299989593000001,
        "Elst12,r": -1.3202400000000001e-06,
        "Est. Disp22 (T)": -6.6553e-07,
        "Est. Disp22 (T) (CCD)": -6.626400000000001e-07,
        "Exch-Disp20": 1.99e-09,
        "Exch-Ind20,r": 1.1830000000000001e-07,
        "Exch-Ind22": 8.11e-09,
        "Exch10": 3.004e-08,
        "Exch10(S^2)": 3.004e-08,
        "Exch11(S^2)": -1.6999999999999998e-10,
        "Exch12(S^2)": 1.885e-08,
        "Exchange": 4.872e-08,
        "Ind20,r": -0.00025050964999999995,
        "Ind22": -1.716758e-05,
        "Induction": -0.00028200655000000004,
        "InteractionEnergy": -0.06328804348,
        "delta HF,r (2)": -4.0554900000000005e-06,
        "delta MP2,r (2)": -1.0477739999999999e-05
    },
    "index": "0240",
    "jobtype": "SP",
    "logFile": "0240.log.gz",
    "method": "sapt2+3(ccd)dmp2-aug-cc-pvtz",
    "mols": [
        {
            "atoms": [
                {
                    "coords": [
                        0.0,
                        0.0,
                        -3.973058228104
                    ],
                    "elem": "K"
                }
            ],
            "charge": 1,
            "compound": "potassium",
            "mult": 1
        },
        {
            "atoms": [
                {
                    "coords": [
                        0.0,
                        0.0,
                        4.426941771896
                    ],
                    "elem": "Cl"
                }
            ],
            "charge": -1,
            "compound": "chloride",
            "mult": 1
        }
    ],
    "system": "potassium#chloride"
}