{
    "energies": {
        "Disp2 (CCD)": -1.5777e-07,
        "Disp20": -1.4594e-07,
        "Disp21": -1.379e-08,
        "Disp22 (S) (CCD)": -2.0270000000000002e-08,
        "Disp22 (SDQ)": -1.906e-08,
        "Disp22 (T)": -1.95e-08,
        "Disp22 (T) (CCD)": -2.015e-08,
        "Dispersion": -1.9974000000000001e-07,
        "Electrostatics": -0.06376244571,
        "Elst10,r": -0.06376055887,
        "Elst12,r": -1.717546e-05,
        "Est. Disp22 (T)": -2.009e-08,
        "Est. Disp22 (T) (CCD)": -2.0760000000000002e-08,
        "Exch-Disp20": -1.0000000000000001e-11,
        "Exch-Ind20,r": 8.2e-10,
        "Exch-Ind22": 1.9999999999999998e-10,
        "Exch10": -1.0000000000000001e-11,
        "Exch10(S^2)": -1.0000000000000001e-11,
        "Exch11(S^2)": -2.0000000000000002e-11,
        "Exch12(S^2)": -1.81e-09,
        "Exchange": -1.84e-09,
        "Ind20,r": -6.730542000000001e-05,
        "Ind22": -1.63131e-05,
        "Induction": -9.529682000000001e-05,
        "InteractionEnergy": -0.06387323274,
        "delta HF,r (2)": -1.2632699999999998e-06,
        "delta MP2,r (2)": -1.0416979999999999e-05
    },
    "index": "0249",
    "jobtype": "SP",
    "logFile": "0249.log.gz",
    "method": "sapt2+3(ccd)dmp2-aug-cc-pvtz",
    "mols": [
        {
            "atoms": [
                {
                    "coords": [
                        0.0,
                        0.0,
                        -3.755503920973
                    ],
                    "elem": "Na"
                }
            ],
            "charge": 1,
            "compound": "sodium",
            "mult": 1
        },
        {
            "atoms": [
                {
                    "coords": [
                        0.0,
                        0.0,
                        4.544496079027
                    ],
                    "elem": "F"
                }
            ],
            "charge": -1,
            "compound": "fluoride",
            "mult": 1
        }
    ],
    "system": "sodium#fluoride"
}