{
    "energies": {
        "Disp2 (CCD)": -6.881999999999999e-08,
        "Disp20": -7.16e-08,
        "Disp21": 1.73e-09,
        "Disp22 (S) (CCD)": -4.58e-09,
        "Disp22 (SDQ)": -2.98e-09,
        "Disp22 (T)": -7.8e-09,
        "Disp22 (T) (CCD)": -8.329999999999999e-09,
        "Dispersion": -8.213e-08,
        "Electrostatics": -0.04758901796,
        "Elst10,r": -0.04758826978,
        "Elst12,r": -1.2970099999999999e-06,
        "Est. Disp22 (T)": -7.92e-09,
        "Est. Disp22 (T) (CCD)": -8.460000000000001e-09,
        "Exch-Disp20": 0.0,
        "Exch-Ind20,r": 9e-11,
        "Exch-Ind22": 1.0000000000000001e-11,
        "Exch10": 1.0000000000000001e-11,
        "Exch10(S^2)": 1.0000000000000001e-11,
        "Exch11(S^2)": -0.0,
        "Exch12(S^2)": -4.1e-10,
        "Exchange": -3.9999999999999996e-10,
        "Ind20,r": -6.842232e-05,
        "Ind22": -5.46271e-06,
        "Induction": -7.637824e-05,
        "InteractionEnergy": -0.047666027560000004,
        "delta HF,r (2)": -5.236200000000001e-07,
        "delta MP2,r (2)": -1.9699499999999997e-06
    },
    "index": "0263",
    "jobtype": "SP",
    "logFile": "0263.log.gz",
    "method": "sapt2+3(ccd)dmp2-aug-cc-pvtz",
    "mols": [
        {
            "atoms": [
                {
                    "coords": [
                        0.0,
                        0.0,
                        -6.709159546018
                    ],
                    "elem": "Na"
                }
            ],
            "charge": 1,
            "compound": "sodium",
            "mult": 1
        },
        {
            "atoms": [
                {
                    "coords": [
                        0.0,
                        0.0,
                        4.410840453982
                    ],
                    "elem": "Cl"
                }
            ],
            "charge": -1,
            "compound": "chloride",
            "mult": 1
        }
    ],
    "system": "sodium#chloride"
}