{
    "energies": {
        "Disp2 (CCD)": -0.00271167968,
        "Disp20": -0.00279684279,
        "Disp21": 3.742771e-05,
        "Disp22 (S) (CCD)": -0.00013712731999999999,
        "Disp22 (SDQ)": -8.322770999999999e-05,
        "Disp22 (T)": -0.00020344816,
        "Disp22 (T) (CCD)": -0.00022100085999999998,
        "Dispersion": -0.00198253956,
        "Electrostatics": -0.26964227805,
        "Elst10,r": -0.2694912772,
        "Elst12,r": 0.00018465439,
        "Est. Disp22 (T)": -0.00025196181,
        "Est. Disp22 (T) (CCD)": -0.00027370007000000003,
        "Exch-Disp20": 0.00106633184,
        "Exch-Ind20,r": 0.15382212343,
        "Exch-Ind22": 0.010417881810000001,
        "Exch10": 0.10262310555000001,
        "Exch10(S^2)": 0.10019956844,
        "Exch11(S^2)": -0.00217281646,
        "Exch12(S^2)": 0.00341537213,
        "Exchange": 0.10386566123,
        "Ind20,r": -0.18731475691,
        "Ind22": -0.01268623105,
        "Induction": -0.02159409104,
        "InteractionEnergy": -0.1890834655,
        "delta HF,r (2)": 0.01075823789,
        "delta MP2,r (2)": 0.00341641614
    },
    "index": "0002",
    "jobtype": "SP",
    "logFile": "0002.log.gz",
    "method": "sapt2+3(ccd)dmp2-aug-cc-pvtz",
    "mols": [
        {
            "atoms": [
                {
                    "coords": [
                        0.0,
                        0.0,
                        -1.267017540165
                    ],
                    "elem": "Na"
                }
            ],
            "charge": 1,
            "compound": "sodium",
            "mult": 1
        },
        {
            "atoms": [
                {
                    "coords": [
                        0.0,
                        0.0,
                        0.832982459835
                    ],
                    "elem": "Cl"
                }
            ],
            "charge": -1,
            "compound": "chloride",
            "mult": 1
        }
    ],
    "system": "sodium#chloride"
}