{
    "energies": {
        "Disp2 (CCD)": -1.40492e-06,
        "Disp20": -1.43206e-06,
        "Disp21": 6.72e-09,
        "Disp22 (S) (CCD)": -1.0698e-07,
        "Disp22 (SDQ)": -7.876e-08,
        "Disp22 (T)": -1.5017e-07,
        "Disp22 (T) (CCD)": -1.6138e-07,
        "Dispersion": -1.75111e-06,
        "Electrostatics": -0.07691579946,
        "Elst10,r": -0.07691131087,
        "Elst12,r": -9.94932e-06,
        "Est. Disp22 (T)": -1.5829e-07,
        "Est. Disp22 (T) (CCD)": -1.7011e-07,
        "Exch-Disp20": 3.1999999999999997e-09,
        "Exch-Ind20,r": 1.08e-06,
        "Exch-Ind22": 1.0338e-07,
        "Exch10": 3.12e-07,
        "Exch10(S^2)": 3.12e-07,
        "Exch11(S^2)": -1.13e-09,
        "Exch12(S^2)": 1.6263e-07,
        "Exchange": 4.7351e-07,
        "Ind20,r": -0.00052891991,
        "Ind22": -5.0628100000000004e-05,
        "Induction": -0.0007160843099999999,
        "InteractionEnergy": -0.07763862371000001,
        "delta HF,r (2)": -5.437457e-05,
        "delta MP2,r (2)": -8.341903000000001e-05
    },
    "index": "0236",
    "jobtype": "SP",
    "logFile": "0236.log.gz",
    "method": "sapt2+3(ccd)dmp2-aug-cc-pvtz",
    "mols": [
        {
            "atoms": [
                {
                    "coords": [
                        0.0,
                        0.0,
                        -4.150990798256
                    ],
                    "elem": "Na"
                }
            ],
            "charge": 1,
            "compound": "sodium",
            "mult": 1
        },
        {
            "atoms": [
                {
                    "coords": [
                        0.0,
                        0.0,
                        2.729009201744
                    ],
                    "elem": "Cl"
                }
            ],
            "charge": -1,
            "compound": "chloride",
            "mult": 1
        }
    ],
    "system": "sodium#chloride"
}