{
    "energies": {
        "Disp2 (CCD)": -0.00581793269,
        "Disp20": -0.00722235243,
        "Disp21": 0.00121974251,
        "Disp22 (S) (CCD)": -0.00015645303999999998,
        "Disp22 (SDQ)": 3.667221e-05,
        "Disp22 (T)": -0.0006602888799999999,
        "Disp22 (T) (CCD)": -0.00067503833,
        "Dispersion": -0.00528671543,
        "Electrostatics": -0.19633460764,
        "Elst10,r": -0.19550377019999998,
        "Elst12,r": -0.00103613587,
        "Est. Disp22 (T)": -0.0007483534400000001,
        "Est. Disp22 (T) (CCD)": -0.00076507005,
        "Exch-Disp20": 0.0022019748,
        "Exch-Ind20,r": 0.09760358535000001,
        "Exch-Ind22": 0.00899130383,
        "Exch10": 0.04412406144,
        "Exch10(S^2)": 0.043304216230000005,
        "Exch11(S^2)": -0.00056581143,
        "Exch12(S^2)": 0.00196866741,
        "Exchange": 0.04552691741999999,
        "Ind20,r": -0.1182897445,
        "Ind22": -0.010896925850000001,
        "Induction": -0.017502873699999998,
        "InteractionEnergy": -0.17384300774,
        "delta HF,r (2)": 0.00232865718,
        "delta MP2,r (2)": 0.00197058589
    },
    "index": "0006",
    "jobtype": "SP",
    "logFile": "0006.log.gz",
    "method": "sapt2+3(ccd)dmp2-aug-cc-pvtz",
    "mols": [
        {
            "atoms": [
                {
                    "coords": [
                        0.0,
                        0.0,
                        -1.941459200285
                    ],
                    "elem": "K"
                }
            ],
            "charge": 1,
            "compound": "potassium",
            "mult": 1
        },
        {
            "atoms": [
                {
                    "coords": [
                        0.0,
                        0.0,
                        0.958540799715
                    ],
                    "elem": "Br"
                }
            ],
            "charge": -1,
            "compound": "bromide",
            "mult": 1
        }
    ],
    "system": "potassium#bromide"
}