{
    "energies": {
        "Disp2 (CCD)": -0.01769930679,
        "Disp20": -0.02218858251,
        "Disp21": 0.00393266813,
        "Disp22 (S) (CCD)": -0.0002884479,
        "Disp22 (SDQ)": 0.00028732229999999995,
        "Disp22 (T)": -0.00198545994,
        "Disp22 (T) (CCD)": -0.00198325102,
        "Dispersion": -0.01285591252,
        "Electrostatics": -0.30307850767,
        "Elst10,r": -0.30102221748,
        "Elst12,r": -0.00242519075,
        "Est. Disp22 (T)": -0.00214835589,
        "Est. Disp22 (T) (CCD)": -0.0021459657399999998,
        "Exch-Disp20": 0.0076881797399999995,
        "Exch-Ind20,r": 0.33595786622999996,
        "Exch-Ind22": 0.02540224948,
        "Exch10": 0.20495973916,
        "Exch10(S^2)": 0.19058240987,
        "Exch11(S^2)": -0.0039717304,
        "Exch12(S^2)": 0.00323369656,
        "Exchange": 0.20422170533,
        "Ind20,r": -0.40780771483,
        "Ind22": -0.030834918160000002,
        "Induction": -0.028119400370000002,
        "InteractionEnergy": -0.14048472742999998,
        "delta HF,r (2)": 0.03465684754,
        "delta MP2,r (2)": 0.01381218591
    },
    "index": "0205",
    "jobtype": "SP",
    "logFile": "0205.log.gz",
    "method": "sapt2+3(ccd)dmp2-aug-cc-pvtz",
    "mols": [
        {
            "atoms": [
                {
                    "coords": [
                        0.0,
                        0.0,
                        -1.059482194161
                    ],
                    "elem": "K"
                }
            ],
            "charge": 1,
            "compound": "potassium",
            "mult": 1
        },
        {
            "atoms": [
                {
                    "coords": [
                        0.0,
                        0.0,
                        1.180517805839
                    ],
                    "elem": "Cl"
                }
            ],
            "charge": -1,
            "compound": "chloride",
            "mult": 1
        }
    ],
    "system": "potassium#chloride"
}