{
    "energies": {
        "Disp2 (CCD)": -0.00479083843,
        "Disp20": -0.0059398599,
        "Disp21": 0.00099556233,
        "Disp22 (S) (CCD)": -0.00013715633,
        "Disp22 (SDQ)": 2.2296679999999998e-05,
        "Disp22 (T)": -0.0005518906300000001,
        "Disp22 (T) (CCD)": -0.00056461298,
        "Dispersion": -0.00450827886,
        "Electrostatics": -0.18696810117999998,
        "Elst10,r": -0.18626469885,
        "Elst12,r": -0.0008934451799999999,
        "Est. Disp22 (T)": -0.0006256336,
        "Est. Disp22 (T) (CCD)": -0.00064005589,
        "Exch-Disp20": 0.00172802999,
        "Exch-Ind20,r": 0.07628793740999999,
        "Exch-Ind22": 0.00730780822,
        "Exch10": 0.033542416809999996,
        "Exch10(S^2)": 0.03305670561,
        "Exch11(S^2)": -0.00038635929,
        "Exch12(S^2)": 0.0017077747800000001,
        "Exchange": 0.0348638323,
        "Ind20,r": -0.09461956721,
        "Ind22": -0.009063839899999999,
        "Induction": -0.01622484771,
        "InteractionEnergy": -0.17305737748000002,
        "delta HF,r (2)": 0.00166276733,
        "delta MP2,r (2)": 0.00150184907
    },
    "index": "0008",
    "jobtype": "SP",
    "logFile": "0008.log.gz",
    "method": "sapt2+3(ccd)dmp2-aug-cc-pvtz",
    "mols": [
        {
            "atoms": [
                {
                    "coords": [
                        0.0,
                        0.0,
                        -2.008406069261
                    ],
                    "elem": "K"
                }
            ],
            "charge": 1,
            "compound": "potassium",
            "mult": 1
        },
        {
            "atoms": [
                {
                    "coords": [
                        0.0,
                        0.0,
                        0.991593930739
                    ],
                    "elem": "Br"
                }
            ],
            "charge": -1,
            "compound": "bromide",
            "mult": 1
        }
    ],
    "system": "potassium#bromide"
}