{
    "energies": {
        "Disp2 (CCD)": -1.4223999999999998e-07,
        "Disp20": -1.3161999999999998e-07,
        "Disp21": -1.24e-08,
        "Disp22 (S) (CCD)": -1.816e-08,
        "Disp22 (SDQ)": -1.702e-08,
        "Disp22 (T)": -1.762e-08,
        "Disp22 (T) (CCD)": -1.821e-08,
        "Dispersion": -1.7990000000000002e-07,
        "Electrostatics": -0.06270446674,
        "Elst10,r": -0.06270270706,
        "Elst12,r": -1.56568e-05,
        "Est. Disp22 (T)": -1.813e-08,
        "Est. Disp22 (T) (CCD)": -1.873e-08,
        "Exch-Disp20": -1.0000000000000001e-11,
        "Exch-Ind20,r": 3.9000000000000005e-10,
        "Exch-Ind22": 9e-11,
        "Exch10": -7e-11,
        "Exch10(S^2)": -7e-11,
        "Exch11(S^2)": -2.0000000000000002e-11,
        "Exch12(S^2)": -1.87e-09,
        "Exchange": -1.96e-09,
        "Ind20,r": -6.262817e-05,
        "Ind22": -1.501512e-05,
        "Induction": -8.789838e-05,
        "InteractionEnergy": -0.06280644411,
        "delta HF,r (2)": -1.07077e-06,
        "delta MP2,r (2)": -9.18557e-06
    },
    "index": "0250",
    "jobtype": "SP",
    "logFile": "0250.log.gz",
    "method": "sapt2+3(ccd)dmp2-aug-cc-pvtz",
    "mols": [
        {
            "atoms": [
                {
                    "coords": [
                        0.0,
                        0.0,
                        -3.818849770242
                    ],
                    "elem": "Na"
                }
            ],
            "charge": 1,
            "compound": "sodium",
            "mult": 1
        },
        {
            "atoms": [
                {
                    "coords": [
                        0.0,
                        0.0,
                        4.621150229758
                    ],
                    "elem": "F"
                }
            ],
            "charge": -1,
            "compound": "fluoride",
            "mult": 1
        }
    ],
    "system": "sodium#fluoride"
}