{
    "energies": {
        "Disp2 (CCD)": -7.206953e-05,
        "Disp20": -6.607855e-05,
        "Disp21": -7.18057e-06,
        "Disp22 (S) (CCD)": -1.206918e-05,
        "Disp22 (SDQ)": -1.317281e-05,
        "Disp22 (T)": -6.9563799999999995e-06,
        "Disp22 (T) (CCD)": -6.6058599999999995e-06,
        "Dispersion": -9.673254e-05,
        "Electrostatics": -0.18879484039,
        "Elst10,r": -0.18884807195,
        "Elst12,r": 0.00014984559,
        "Est. Disp22 (T)": -8.5571e-06,
        "Est. Disp22 (T) (CCD)": -8.12592e-06,
        "Exch-Disp20": 1.024184e-05,
        "Exch-Ind20,r": 0.0016611625999999999,
        "Exch-Ind22": 0.00056402359,
        "Exch10": 0.00107756986,
        "Exch10(S^2)": 0.00107727199,
        "Exch11(S^2)": -4.393140000000001e-06,
        "Exch12(S^2)": 0.00068124242,
        "Exchange": 0.00175441914,
        "Ind20,r": -0.008421403059999999,
        "Ind22": -0.00285936485,
        "Induction": -0.01058878137,
        "InteractionEnergy": -0.19763021935,
        "delta HF,r (2)": -0.00089266308,
        "delta MP2,r (2)": -0.0006561445299999999
    },
    "index": "0214",
    "jobtype": "SP",
    "logFile": "0214.log.gz",
    "method": "sapt2+3(ccd)dmp2-aug-cc-pvtz",
    "mols": [
        {
            "atoms": [
                {
                    "coords": [
                        0.0,
                        0.0,
                        -2.04484882838
                    ],
                    "elem": "Li"
                }
            ],
            "charge": 1,
            "compound": "lithium",
            "mult": 1
        },
        {
            "atoms": [
                {
                    "coords": [
                        0.0,
                        0.0,
                        0.75515117162
                    ],
                    "elem": "F"
                }
            ],
            "charge": -1,
            "compound": "fluoride",
            "mult": 1
        }
    ],
    "system": "lithium#fluoride"
}