{
    "energies": {
        "Disp2 (CCD)": -6.36e-08,
        "Disp20": -5.893e-08,
        "Disp21": -5.45e-09,
        "Disp22 (S) (CCD)": -7.82e-09,
        "Disp22 (SDQ)": -7.189999999999999e-09,
        "Disp22 (T)": -7.98e-09,
        "Disp22 (T) (CCD)": -8.230000000000002e-09,
        "Dispersion": -7.998e-08,
        "Electrostatics": -0.055010873099999996,
        "Elst10,r": -0.05500998636,
        "Elst12,r": -6.92043e-06,
        "Est. Disp22 (T)": -8.13e-09,
        "Est. Disp22 (T) (CCD)": -8.39e-09,
        "Exch-Disp20": -1.0000000000000001e-11,
        "Exch-Ind20,r": 1.2e-10,
        "Exch-Ind22": 3e-11,
        "Exch10": 3e-11,
        "Exch10(S^2)": 3e-11,
        "Exch11(S^2)": -0.0,
        "Exch12(S^2)": 5.2e-10,
        "Exchange": 5.4e-10,
        "Ind20,r": -3.592981e-05,
        "Ind22": -7.956700000000001e-06,
        "Induction": -4.7655259999999995e-05,
        "InteractionEnergy": -0.055064641479999996,
        "delta HF,r (2)": -2.8583e-07,
        "delta MP2,r (2)": -3.48324e-06
    },
    "index": "0258",
    "jobtype": "SP",
    "logFile": "0258.log.gz",
    "method": "sapt2+3(ccd)dmp2-aug-cc-pvtz",
    "mols": [
        {
            "atoms": [
                {
                    "coords": [
                        0.0,
                        0.0,
                        -4.352764785513
                    ],
                    "elem": "Na"
                }
            ],
            "charge": 1,
            "compound": "sodium",
            "mult": 1
        },
        {
            "atoms": [
                {
                    "coords": [
                        0.0,
                        0.0,
                        5.267235214487
                    ],
                    "elem": "F"
                }
            ],
            "charge": -1,
            "compound": "fluoride",
            "mult": 1
        }
    ],
    "system": "sodium#fluoride"
}