{
    "energies": {
        "Disp2 (CCD)": -0.00605306661,
        "Disp20": -0.00696645334,
        "Disp21": 0.0006896286299999999,
        "Disp22 (S) (CCD)": -0.0006496554,
        "Disp22 (SDQ)": -0.00064766507,
        "Disp22 (T)": -0.00091526402,
        "Disp22 (T) (CCD)": -0.00083754545,
        "Dispersion": -0.00536749098,
        "Electrostatics": -0.24775966184999998,
        "Elst10,r": -0.2457264904,
        "Elst12,r": -0.0046060647,
        "Est. Disp22 (T)": -0.0010396447799999999,
        "Est. Disp22 (T) (CCD)": -0.00095136455,
        "Exch-Disp20": 0.0022532390800000003,
        "Exch-Ind20,r": 0.07776706461,
        "Exch-Ind22": 0.028566428850000002,
        "Exch10": 0.049722341229999995,
        "Exch10(S^2)": 0.04881530254,
        "Exch11(S^2)": -0.0007730591799999999,
        "Exch12(S^2)": 0.01232286969,
        "Exchange": 0.061272151729999995,
        "Ind20,r": -0.09456352053,
        "Ind22": -0.03473632565,
        "Induction": -0.01959551013,
        "InteractionEnergy": -0.21402997497,
        "delta HF,r (2)": -0.00143918197,
        "delta MP2,r (2)": 0.00483681059
    },
    "index": "0006",
    "jobtype": "SP",
    "logFile": "0006.log.gz",
    "method": "sapt2+3(ccd)dmp2-aug-cc-pvtz",
    "mols": [
        {
            "atoms": [
                {
                    "coords": [
                        0.0,
                        0.0,
                        -0.753877447505
                    ],
                    "elem": "K"
                }
            ],
            "charge": 1,
            "compound": "potassium",
            "mult": 1
        },
        {
            "atoms": [
                {
                    "coords": [
                        0.0,
                        0.0,
                        1.546122552495
                    ],
                    "elem": "F"
                }
            ],
            "charge": -1,
            "compound": "fluoride",
            "mult": 1
        }
    ],
    "system": "potassium#fluoride"
}