{
    "energies": {
        "Disp2 (CCD)": -0.00481763383,
        "Disp20": -0.005944784109999999,
        "Disp21": 0.00094848079,
        "Disp22 (S) (CCD)": -0.00013592529000000002,
        "Disp22 (SDQ)": 3.366606e-05,
        "Disp22 (T)": -0.00057598748,
        "Disp22 (T) (CCD)": -0.00058740437,
        "Dispersion": -0.00442116981,
        "Electrostatics": -0.19644654476,
        "Elst10,r": -0.19556994369,
        "Elst12,r": -0.00119754364,
        "Est. Disp22 (T)": -0.00065551724,
        "Est. Disp22 (T) (CCD)": -0.0006685105099999999,
        "Exch-Disp20": 0.00170424269,
        "Exch-Ind20,r": 0.07121248280999999,
        "Exch-Ind22": 0.00810949131,
        "Exch10": 0.03415063333,
        "Exch10(S^2)": 0.033649931019999996,
        "Exch11(S^2)": -0.00032639465,
        "Exch12(S^2)": 0.00208629853,
        "Exchange": 0.03591053721,
        "Ind20,r": -0.0882054271,
        "Ind22": -0.01004460337,
        "Induction": -0.01552897906,
        "InteractionEnergy": -0.18083344659,
        "delta HF,r (2)": 0.0007203724500000001,
        "delta MP2,r (2)": 0.0021490143599999997
    },
    "index": "0009",
    "jobtype": "SP",
    "logFile": "0009.log.gz",
    "method": "sapt2+3(ccd)dmp2-aug-cc-pvtz",
    "mols": [
        {
            "atoms": [
                {
                    "coords": [
                        0.0,
                        0.0,
                        -1.348001898821
                    ],
                    "elem": "K"
                }
            ],
            "charge": 1,
            "compound": "potassium",
            "mult": 1
        },
        {
            "atoms": [
                {
                    "coords": [
                        0.0,
                        0.0,
                        1.501998101179
                    ],
                    "elem": "Cl"
                }
            ],
            "charge": -1,
            "compound": "chloride",
            "mult": 1
        }
    ],
    "system": "potassium#chloride"
}