{
    "energies": {
        "Disp2 (CCD)": -2.0142e-07,
        "Disp20": -1.9065e-07,
        "Disp21": -1.454e-08,
        "Disp22 (S) (CCD)": -2.188e-08,
        "Disp22 (SDQ)": -2.177e-08,
        "Disp22 (T)": -1.952e-08,
        "Disp22 (T) (CCD)": -1.986e-08,
        "Dispersion": -2.4958e-07,
        "Electrostatics": -0.07946344636000001,
        "Elst10,r": -0.07946143492999999,
        "Elst12,r": -3.891301e-05,
        "Est. Disp22 (T)": -2.094e-08,
        "Est. Disp22 (T) (CCD)": -2.131e-08,
        "Exch-Disp20": 3.1e-10,
        "Exch-Ind20,r": 6.767e-08,
        "Exch-Ind22": 1.897e-08,
        "Exch10": 2.815e-08,
        "Exch10(S^2)": 2.815e-08,
        "Exch11(S^2)": -4.0000000000000004e-11,
        "Exch12(S^2)": 4.8810000000000005e-08,
        "Exchange": 7.692e-08,
        "Ind20,r": -0.00016864351,
        "Ind22": -4.728206e-05,
        "Induction": -0.00028308522,
        "InteractionEnergy": -0.07978360587,
        "delta HF,r (2)": -1.1455709999999998e-05,
        "delta MP2,r (2)": -5.579592e-05
    },
    "index": "0244",
    "jobtype": "SP",
    "logFile": "0244.log.gz",
    "method": "sapt2+3(ccd)dmp2-aug-cc-pvtz",
    "mols": [
        {
            "atoms": [
                {
                    "coords": [
                        0.0,
                        0.0,
                        -4.863818998933
                    ],
                    "elem": "Li"
                }
            ],
            "charge": 1,
            "compound": "lithium",
            "mult": 1
        },
        {
            "atoms": [
                {
                    "coords": [
                        0.0,
                        0.0,
                        1.796181001067
                    ],
                    "elem": "F"
                }
            ],
            "charge": -1,
            "compound": "fluoride",
            "mult": 1
        }
    ],
    "system": "lithium#fluoride"
}