{
    "energies": {
        "Disp2 (CCD)": -0.0026357811299999997,
        "Disp20": -0.00262440643,
        "Disp21": -6.948371000000001e-05,
        "Disp22 (S) (CCD)": -3.89855e-05,
        "Disp22 (SDQ)": 1.741409e-05,
        "Disp22 (T)": -0.00013447376,
        "Disp22 (T) (CCD)": -0.00015363456,
        "Dispersion": -0.00351946021,
        "Electrostatics": -0.26990279564,
        "Elst10,r": -0.27157467039,
        "Elst12,r": 0.0027095813899999997,
        "Est. Disp22 (T)": -0.00015947925,
        "Est. Disp22 (T) (CCD)": -0.00018220301,
        "Exch-Disp20": 0.00038297929,
        "Exch-Ind20,r": 0.07608345147,
        "Exch-Ind22": 0.00434446717,
        "Exch10": 0.09086884264,
        "Exch10(S^2)": 0.08883172915,
        "Exch11(S^2)": -0.0014262473899999998,
        "Exch12(S^2)": 0.0015773624,
        "Exchange": 0.09101995766,
        "Ind20,r": -0.11696173707,
        "Ind22": -0.0066786721299999996,
        "Induction": -0.05067134901,
        "InteractionEnergy": -0.2320410602,
        "delta HF,r (2)": -0.011100176619999999,
        "delta MP2,r (2)": 0.00259072868
    },
    "index": "0001",
    "jobtype": "SP",
    "logFile": "0001.log.gz",
    "method": "sapt2+3(ccd)dmp2-aug-cc-pvtz",
    "mols": [
        {
            "atoms": [
                {
                    "coords": [
                        0.0,
                        0.0,
                        -1.524192442801
                    ],
                    "elem": "Li"
                }
            ],
            "charge": 1,
            "compound": "lithium",
            "mult": 1
        },
        {
            "atoms": [
                {
                    "coords": [
                        0.0,
                        0.0,
                        0.305807557199
                    ],
                    "elem": "Cl"
                }
            ],
            "charge": -1,
            "compound": "chloride",
            "mult": 1
        }
    ],
    "system": "lithium#chloride"
}