{
    "energies": {
        "Disp2 (CCD)": -2.1675499999999997e-06,
        "Disp20": -2.87952e-06,
        "Disp21": 6.666e-07,
        "Disp22 (S) (CCD)": -5.697e-08,
        "Disp22 (SDQ)": -2.6e-09,
        "Disp22 (T)": -3.5608e-07,
        "Disp22 (T) (CCD)": -3.5380999999999996e-07,
        "Dispersion": -2.60537e-06,
        "Electrostatics": -0.05702557656,
        "Elst10,r": -0.05702541447,
        "Elst12,r": -1.8619e-07,
        "Est. Disp22 (T)": -3.6065e-07,
        "Est. Disp22 (T) (CCD)": -3.5835000000000003e-07,
        "Exch-Disp20": 3.3999999999999996e-10,
        "Exch-Ind20,r": 1.8219999999999997e-08,
        "Exch-Ind22": 1.2100000000000002e-09,
        "Exch10": 5.21e-09,
        "Exch10(S^2)": 5.21e-09,
        "Exch11(S^2)": -3e-11,
        "Exch12(S^2)": 3.19e-09,
        "Exchange": 8.36e-09,
        "Ind20,r": -0.000166075,
        "Ind22": -1.1014349999999999e-05,
        "Induction": -0.0001825504,
        "InteractionEnergy": -0.057210748199999995,
        "delta HF,r (2)": -5.943800000000001e-07,
        "delta MP2,r (2)": -4.90908e-06
    },
    "index": "0245",
    "jobtype": "SP",
    "logFile": "0245.log.gz",
    "method": "sapt2+3(ccd)dmp2-aug-cc-pvtz",
    "mols": [
        {
            "atoms": [
                {
                    "coords": [
                        0.0,
                        0.0,
                        -4.38928337581
                    ],
                    "elem": "K"
                }
            ],
            "charge": 1,
            "compound": "potassium",
            "mult": 1
        },
        {
            "atoms": [
                {
                    "coords": [
                        0.0,
                        0.0,
                        4.89071662419
                    ],
                    "elem": "Cl"
                }
            ],
            "charge": -1,
            "compound": "chloride",
            "mult": 1
        }
    ],
    "system": "potassium#chloride"
}