{
    "energies": {
        "Disp2 (CCD)": -0.00420660813,
        "Disp20": -0.00481269314,
        "Disp21": 0.00043374781,
        "Disp22 (S) (CCD)": -0.0004988586,
        "Disp22 (SDQ)": -0.00049630184,
        "Disp22 (T)": -0.00064692486,
        "Disp22 (T) (CCD)": -0.00059808778,
        "Dispersion": -0.0040152600100000005,
        "Electrostatics": -0.22675905498,
        "Elst10,r": -0.22534019885,
        "Elst12,r": -0.0034850931100000003,
        "Est. Disp22 (T)": -0.00074440168,
        "Est. Disp22 (T) (CCD)": -0.00068820596,
        "Exch-Disp20": 0.00143903511,
        "Exch-Ind20,r": 0.050061127829999996,
        "Exch-Ind22": 0.0198714217,
        "Exch10": 0.03017686139,
        "Exch10(S^2)": 0.02981922888,
        "Exch11(S^2)": -0.00042540161,
        "Exch12(S^2)": 0.009007604819999999,
        "Exchange": 0.03875906459,
        "Ind20,r": -0.06311803508,
        "Ind22": -0.02505427157,
        "Induction": -0.01537872907,
        "InteractionEnergy": -0.20946200692,
        "delta HF,r (2)": -0.00117484912,
        "delta MP2,r (2)": 0.00397346427
    },
    "index": "0009",
    "jobtype": "SP",
    "logFile": "0009.log.gz",
    "method": "sapt2+3(ccd)dmp2-aug-cc-pvtz",
    "mols": [
        {
            "atoms": [
                {
                    "coords": [
                        0.0,
                        0.0,
                        -0.803043367994
                    ],
                    "elem": "K"
                }
            ],
            "charge": 1,
            "compound": "potassium",
            "mult": 1
        },
        {
            "atoms": [
                {
                    "coords": [
                        0.0,
                        0.0,
                        1.646956632006
                    ],
                    "elem": "F"
                }
            ],
            "charge": -1,
            "compound": "fluoride",
            "mult": 1
        }
    ],
    "system": "potassium#fluoride"
}