{
    "energies": {
        "Disp2 (CCD)": -4.60203e-06,
        "Disp20": -6.184730000000001e-06,
        "Disp21": 1.52688e-06,
        "Disp22 (S) (CCD)": -1.4668e-07,
        "Disp22 (SDQ)": -6.383000000000001e-08,
        "Disp22 (T)": -7.360199999999999e-07,
        "Disp22 (T) (CCD)": -7.295799999999999e-07,
        "Dispersion": -5.6047299999999994e-06,
        "Electrostatics": -0.06171710816,
        "Elst10,r": -0.061716174719999996,
        "Elst12,r": -1.0645400000000002e-06,
        "Est. Disp22 (T)": -7.4991e-07,
        "Est. Disp22 (T) (CCD)": -7.4335e-07,
        "Exch-Disp20": 2.82e-09,
        "Exch-Ind20,r": 1.7746e-07,
        "Exch-Ind22": 1.24e-08,
        "Exch10": 4.262e-08,
        "Exch10(S^2)": 4.262e-08,
        "Exch11(S^2)": -1.9999999999999998e-10,
        "Exch12(S^2)": 1.961e-08,
        "Exchange": 6.203000000000001e-08,
        "Ind20,r": -0.00031334453,
        "Ind22": -2.189734e-05,
        "Induction": -0.00016922105000000002,
        "InteractionEnergy": -0.06189200381,
        "delta HF,r (2)": 0.00017441197,
        "delta MP2,r (2)": -8.6973e-06
    },
    "index": "0240",
    "jobtype": "SP",
    "logFile": "0240.log.gz",
    "method": "sapt2+3(ccd)dmp2-aug-cc-pvtz",
    "mols": [
        {
            "atoms": [
                {
                    "coords": [
                        0.0,
                        0.0,
                        -5.757430731881
                    ],
                    "elem": "K"
                }
            ],
            "charge": 1,
            "compound": "potassium",
            "mult": 1
        },
        {
            "atoms": [
                {
                    "coords": [
                        0.0,
                        0.0,
                        2.842569268119
                    ],
                    "elem": "Br"
                }
            ],
            "charge": -1,
            "compound": "bromide",
            "mult": 1
        }
    ],
    "system": "potassium#bromide"
}