{
    "energies": {
        "Disp2 (CCD)": -2.3311e-07,
        "Disp20": -2.7388999999999997e-07,
        "Disp21": 3.019e-08,
        "Disp22 (S) (CCD)": -2.0760000000000002e-08,
        "Disp22 (SDQ)": -1.422e-08,
        "Disp22 (T)": -4.274e-08,
        "Disp22 (T) (CCD)": -4.097e-08,
        "Dispersion": -2.9548999999999995e-07,
        "Electrostatics": -0.046663444910000004,
        "Elst10,r": -0.04666406319,
        "Elst12,r": 2.62583e-06,
        "Est. Disp22 (T)": -4.311e-08,
        "Est. Disp22 (T) (CCD)": -4.133e-08,
        "Exch-Disp20": 2.0000000000000002e-11,
        "Exch-Ind20,r": 1.1400000000000002e-09,
        "Exch-Ind22": 1.4e-10,
        "Exch10": 2.7e-10,
        "Exch10(S^2)": 2.7e-10,
        "Exch11(S^2)": -0.0,
        "Exch12(S^2)": 9e-10,
        "Exchange": 1.17e-09,
        "Ind20,r": -2.928312e-05,
        "Ind22": -3.50834e-06,
        "Induction": -3.719451e-05,
        "InteractionEnergy": -0.04669892618,
        "delta HF,r (2)": -7.0496e-07,
        "delta MP2,r (2)": -3.6997000000000003e-06
    },
    "index": "0261",
    "jobtype": "SP",
    "logFile": "0261.log.gz",
    "method": "sapt2+3(ccd)dmp2-aug-cc-pvtz",
    "mols": [
        {
            "atoms": [
                {
                    "coords": [
                        0.0,
                        0.0,
                        -3.716943589002
                    ],
                    "elem": "K"
                }
            ],
            "charge": 1,
            "compound": "potassium",
            "mult": 1
        },
        {
            "atoms": [
                {
                    "coords": [
                        0.0,
                        0.0,
                        7.623056410998
                    ],
                    "elem": "F"
                }
            ],
            "charge": -1,
            "compound": "fluoride",
            "mult": 1
        }
    ],
    "system": "potassium#fluoride"
}