{
    "energies": {
        "Disp2 (CCD)": -0.00578815989,
        "Disp20": -0.007154594720000001,
        "Disp21": 0.00115452036,
        "Disp22 (S) (CCD)": -0.00015285914000000002,
        "Disp22 (SDQ)": 5.101311e-05,
        "Disp22 (T)": -0.00067957197,
        "Disp22 (T) (CCD)": -0.00069206486,
        "Dispersion": -0.00514026723,
        "Electrostatics": -0.20571805198,
        "Elst10,r": -0.20469425905,
        "Elst12,r": -0.00137401996,
        "Est. Disp22 (T)": -0.0007759600100000001,
        "Est. Disp22 (T) (CCD)": -0.0007902248400000001,
        "Exch-Disp20": 0.0021420192299999997,
        "Exch-Ind20,r": 0.08982873942000001,
        "Exch-Ind22": 0.00979335996,
        "Exch10": 0.04426327878,
        "Exch10(S^2)": 0.04344335396,
        "Exch11(S^2)": -0.00046756291,
        "Exch12(S^2)": 0.00235976342,
        "Exchange": 0.04615547928,
        "Ind20,r": -0.10895905748,
        "Ind22": -0.01187899638,
        "Induction": -0.01675337775,
        "InteractionEnergy": -0.18184154574,
        "delta HF,r (2)": 0.00119954746,
        "delta MP2,r (2)": 0.00267688566
    },
    "index": "0208",
    "jobtype": "SP",
    "logFile": "0208.log.gz",
    "method": "sapt2+3(ccd)dmp2-aug-cc-pvtz",
    "mols": [
        {
            "atoms": [
                {
                    "coords": [
                        0.0,
                        0.0,
                        -1.305433417806
                    ],
                    "elem": "K"
                }
            ],
            "charge": 1,
            "compound": "potassium",
            "mult": 1
        },
        {
            "atoms": [
                {
                    "coords": [
                        0.0,
                        0.0,
                        1.454566582194
                    ],
                    "elem": "Cl"
                }
            ],
            "charge": -1,
            "compound": "chloride",
            "mult": 1
        }
    ],
    "system": "potassium#chloride"
}