{
    "energies": {
        "Disp2 (CCD)": -0.00201729536,
        "Disp20": -0.0019471111699999998,
        "Disp21": -8.779405e-05,
        "Disp22 (S) (CCD)": -0.00013754015,
        "Disp22 (SDQ)": -0.00014242107000000002,
        "Disp22 (T)": -0.00013582370999999999,
        "Disp22 (T) (CCD)": -0.00013370059,
        "Dispersion": -0.00266295267,
        "Electrostatics": -0.32909208598,
        "Elst10,r": -0.33104743004,
        "Elst12,r": 0.00640078642,
        "Est. Disp22 (T)": -0.00017589272999999999,
        "Est. Disp22 (T) (CCD)": -0.00017314329,
        "Exch-Disp20": 0.00023308991,
        "Exch-Ind20,r": 0.050338972419999996,
        "Exch-Ind22": 0.01003307624,
        "Exch10": 0.06953635735000001,
        "Exch10(S^2)": 0.06834384297,
        "Exch11(S^2)": -0.0007469913700000001,
        "Exch12(S^2)": 0.009800878649999999,
        "Exchange": 0.07859024463,
        "Ind20,r": -0.07429932252,
        "Ind22": -0.01480862106,
        "Induction": -0.03953724962,
        "InteractionEnergy": -0.28825545018000004,
        "delta HF,r (2)": -0.01004768096,
        "delta MP2,r (2)": -0.0013205864300000001
    },
    "index": "0300",
    "jobtype": "SP",
    "logFile": "0300.log.gz",
    "method": "sapt2+3(ccd)dmp2-aug-cc-pvtz",
    "mols": [
        {
            "atoms": [
                {
                    "coords": [
                        0.0,
                        0.0,
                        -1.139272918669
                    ],
                    "elem": "Li"
                }
            ],
            "charge": 1,
            "compound": "lithium",
            "mult": 1
        },
        {
            "atoms": [
                {
                    "coords": [
                        0.0,
                        0.0,
                        0.420727081331
                    ],
                    "elem": "F"
                }
            ],
            "charge": -1,
            "compound": "fluoride",
            "mult": 1
        }
    ],
    "system": "lithium#fluoride"
}