{
    "energies": {
        "Disp2 (CCD)": -0.00057825083,
        "Disp20": -0.00056468103,
        "Disp21": -2.4300439999999998e-05,
        "Disp22 (S) (CCD)": -1.629942e-05,
        "Disp22 (SDQ)": -4.58524e-06,
        "Disp22 (T)": -3.289496e-05,
        "Disp22 (T) (CCD)": -3.7503839999999994e-05,
        "Dispersion": -0.00070239544,
        "Electrostatics": -0.20429492064,
        "Elst10,r": -0.20454540855,
        "Elst12,r": 0.00042281602000000004,
        "Est. Disp22 (T)": -3.9248360000000006e-05,
        "Est. Disp22 (T) (CCD)": -4.474741e-05,
        "Exch-Disp20": 0.00012318177,
        "Exch-Ind20,r": 0.02122214903,
        "Exch-Ind22": 0.00158680552,
        "Exch10": 0.01595790414,
        "Exch10(S^2)": 0.01589397611,
        "Exch11(S^2)": -0.00018934841,
        "Exch12(S^2)": 0.00089790612,
        "Exchange": 0.01666646185,
        "Ind20,r": -0.0506376044,
        "Ind22": -0.0037862343799999996,
        "Induction": -0.03140755157,
        "InteractionEnergy": -0.21957532245,
        "delta HF,r (2)": -0.0008063479399999999,
        "delta MP2,r (2)": 0.00081815629
    },
    "index": "0210",
    "jobtype": "SP",
    "logFile": "0210.log.gz",
    "method": "sapt2+3(ccd)dmp2-aug-cc-pvtz",
    "mols": [
        {
            "atoms": [
                {
                    "coords": [
                        0.0,
                        0.0,
                        -2.332624828282
                    ],
                    "elem": "Li"
                }
            ],
            "charge": 1,
            "compound": "lithium",
            "mult": 1
        },
        {
            "atoms": [
                {
                    "coords": [
                        0.0,
                        0.0,
                        0.207375171718
                    ],
                    "elem": "Br"
                }
            ],
            "charge": -1,
            "compound": "bromide",
            "mult": 1
        }
    ],
    "system": "lithium#bromide"
}