{
    "energies": {
        "Disp2 (CCD)": -1.9354999999999998e-07,
        "Disp20": -2.0058000000000001e-07,
        "Disp21": 4.120000000000001e-09,
        "Disp22 (S) (CCD)": -1.3149999999999999e-08,
        "Disp22 (SDQ)": -8.790000000000001e-09,
        "Disp22 (T)": -2.1610000000000003e-08,
        "Disp22 (T) (CCD)": -2.3139999999999997e-08,
        "Dispersion": -2.3215e-07,
        "Electrostatics": -0.05629775476,
        "Elst10,r": -0.05629586477,
        "Elst12,r": -3.38026e-06,
        "Est. Disp22 (T)": -2.213e-08,
        "Est. Disp22 (T) (CCD)": -2.369e-08,
        "Exch-Disp20": 1.0000000000000001e-11,
        "Exch-Ind20,r": 3.7e-09,
        "Exch-Ind22": 3.1e-10,
        "Exch10": 6.700000000000001e-10,
        "Exch10(S^2)": 6.700000000000001e-10,
        "Exch11(S^2)": -1.0000000000000001e-11,
        "Exch12(S^2)": -1.6300000000000002e-09,
        "Exchange": -9.7e-10,
        "Ind20,r": -0.00013761286000000002,
        "Ind22": -1.1521699999999998e-05,
        "Induction": -0.00015899375,
        "InteractionEnergy": -0.05645847192,
        "delta HF,r (2)": -2.7115e-06,
        "delta MP2,r (2)": -7.1534800000000005e-06
    },
    "index": "0252",
    "jobtype": "SP",
    "logFile": "0252.log.gz",
    "method": "sapt2+3(ccd)dmp2-aug-cc-pvtz",
    "mols": [
        {
            "atoms": [
                {
                    "coords": [
                        0.0,
                        0.0,
                        -5.671411846454
                    ],
                    "elem": "Na"
                }
            ],
            "charge": 1,
            "compound": "sodium",
            "mult": 1
        },
        {
            "atoms": [
                {
                    "coords": [
                        0.0,
                        0.0,
                        3.728588153546
                    ],
                    "elem": "Cl"
                }
            ],
            "charge": -1,
            "compound": "chloride",
            "mult": 1
        }
    ],
    "system": "sodium#chloride"
}