{
    "energies": {
        "Disp2 (CCD)": -8.85367e-06,
        "Disp20": -8.012699999999999e-06,
        "Disp21": -9.4208e-07,
        "Disp22 (S) (CCD)": -1.78622e-06,
        "Disp22 (SDQ)": -1.9630200000000002e-06,
        "Disp22 (T)": -1.05509e-06,
        "Disp22 (T) (CCD)": -1.06057e-06,
        "Dispersion": -1.256834e-05,
        "Electrostatics": -0.11758295642,
        "Elst10,r": -0.11759064587,
        "Elst12,r": -8.155163e-05,
        "Est. Disp22 (T)": -1.21231e-06,
        "Est. Disp22 (T) (CCD)": -1.21861e-06,
        "Exch-Disp20": 2.1343999999999998e-07,
        "Exch-Ind20,r": 5.087023e-05,
        "Exch-Ind22": 1.862559e-05,
        "Exch10": 1.8660929999999998e-05,
        "Exch10(S^2)": 1.8660840000000002e-05,
        "Exch11(S^2)": -8.746e-08,
        "Exch12(S^2)": 2.3012899999999998e-05,
        "Exchange": 4.158637e-05,
        "Ind20,r": -0.00109313438,
        "Ind22": -0.00040023950000000005,
        "Induction": -0.00201508675,
        "InteractionEnergy": -0.11965831554999999,
        "delta HF,r (2)": -0.00016570048000000002,
        "delta MP2,r (2)": -0.00042648082
    },
    "index": "0223",
    "jobtype": "SP",
    "logFile": "0223.log.gz",
    "method": "sapt2+3(ccd)dmp2-aug-cc-pvtz",
    "mols": [
        {
            "atoms": [
                {
                    "coords": [
                        0.0,
                        0.0,
                        -2.03611658366
                    ],
                    "elem": "Na"
                }
            ],
            "charge": 1,
            "compound": "sodium",
            "mult": 1
        },
        {
            "atoms": [
                {
                    "coords": [
                        0.0,
                        0.0,
                        2.46388341634
                    ],
                    "elem": "F"
                }
            ],
            "charge": -1,
            "compound": "fluoride",
            "mult": 1
        }
    ],
    "system": "sodium#fluoride"
}