{
    "energies": {
        "Disp2 (CCD)": -0.00124552087,
        "Disp20": -0.0012429155700000001,
        "Disp21": -1.9600429999999998e-05,
        "Disp22 (S) (CCD)": -6.707615e-05,
        "Disp22 (SDQ)": -4.462043e-05,
        "Disp22 (T)": -9.288366e-05,
        "Disp22 (T) (CCD)": -0.00010263261,
        "Dispersion": -0.00115061407,
        "Electrostatics": -0.21330900215,
        "Elst10,r": -0.21312505819,
        "Elst12,r": -0.00013391214,
        "Est. Disp22 (T)": -0.0001100111,
        "Est. Disp22 (T) (CCD)": -0.00012155773,
        "Exch-Disp20": 0.00037492125,
        "Exch-Ind20,r": 0.0704473415,
        "Exch-Ind22": 0.00539404942,
        "Exch10": 0.03800358677,
        "Exch10(S^2)": 0.03764850416,
        "Exch11(S^2)": -0.00065251543,
        "Exch12(S^2)": 0.0019202409,
        "Exchange": 0.03927131223,
        "Ind20,r": -0.09752370878000001,
        "Ind22": -0.00746724708,
        "Induction": -0.021626919050000002,
        "InteractionEnergy": -0.19678543429999998,
        "delta HF,r (2)": 0.00592458365,
        "delta MP2,r (2)": 0.00148643859
    },
    "index": "0007",
    "jobtype": "SP",
    "logFile": "0007.log.gz",
    "method": "sapt2+3(ccd)dmp2-aug-cc-pvtz",
    "mols": [
        {
            "atoms": [
                {
                    "coords": [
                        0.0,
                        0.0,
                        -1.974737506536
                    ],
                    "elem": "Na"
                }
            ],
            "charge": 1,
            "compound": "sodium",
            "mult": 1
        },
        {
            "atoms": [
                {
                    "coords": [
                        0.0,
                        0.0,
                        0.575262493464
                    ],
                    "elem": "Br"
                }
            ],
            "charge": -1,
            "compound": "bromide",
            "mult": 1
        }
    ],
    "system": "sodium#bromide"
}