{
    "energies": {
        "Disp2 (CCD)": -2.7986e-07,
        "Disp20": -3.7435e-07,
        "Disp21": 8.903000000000001e-08,
        "Disp22 (S) (CCD)": -7.03e-09,
        "Disp22 (SDQ)": -1.1000000000000001e-10,
        "Disp22 (T)": -4.651e-08,
        "Disp22 (T) (CCD)": -4.6029999999999996e-08,
        "Dispersion": -3.3417000000000003e-07,
        "Electrostatics": -0.04076946157,
        "Elst10,r": -0.040769637760000005,
        "Elst12,r": 4.0106e-07,
        "Est. Disp22 (T)": -4.696e-08,
        "Est. Disp22 (T) (CCD)": -4.6489999999999995e-08,
        "Exch-Disp20": 0.0,
        "Exch-Ind20,r": 1.6999999999999998e-10,
        "Exch-Ind22": 1.0000000000000001e-11,
        "Exch10": 4.0000000000000004e-11,
        "Exch10(S^2)": 4.0000000000000004e-11,
        "Exch11(S^2)": -0.0,
        "Exch12(S^2)": 4.0000000000000004e-11,
        "Exchange": 8.000000000000001e-11,
        "Ind20,r": -4.275969e-05,
        "Ind22": -2.75818e-06,
        "Induction": -4.573337e-05,
        "InteractionEnergy": -0.04081530417,
        "delta HF,r (2)": 8.3729e-07,
        "delta MP2,r (2)": -1.05377e-06
    },
    "index": "0266",
    "jobtype": "SP",
    "logFile": "0266.log.gz",
    "method": "sapt2+3(ccd)dmp2-aug-cc-pvtz",
    "mols": [
        {
            "atoms": [
                {
                    "coords": [
                        0.0,
                        0.0,
                        -6.139320928665
                    ],
                    "elem": "K"
                }
            ],
            "charge": 1,
            "compound": "potassium",
            "mult": 1
        },
        {
            "atoms": [
                {
                    "coords": [
                        0.0,
                        0.0,
                        6.840679071334
                    ],
                    "elem": "Cl"
                }
            ],
            "charge": -1,
            "compound": "chloride",
            "mult": 1
        }
    ],
    "system": "potassium#chloride"
}