{
    "energies": {
        "Disp2 (CCD)": -2.7901800000000003e-06,
        "Disp20": -3.7635e-06,
        "Disp21": 9.4184e-07,
        "Disp22 (S) (CCD)": -8.660000000000001e-08,
        "Disp22 (SDQ)": -3.667e-08,
        "Disp22 (T)": -4.5065e-07,
        "Disp22 (T) (CCD)": -4.4587e-07,
        "Dispersion": -3.37224e-06,
        "Electrostatics": -0.05693585598,
        "Elst10,r": -0.05693539075,
        "Elst12,r": -3.8808e-07,
        "Est. Disp22 (T)": -4.5698e-07,
        "Est. Disp22 (T) (CCD)": -4.5213e-07,
        "Exch-Disp20": 6.5e-10,
        "Exch-Ind20,r": 3.9110000000000004e-08,
        "Exch-Ind22": 2.6800000000000003e-09,
        "Exch10": 9.85e-09,
        "Exch10(S^2)": 9.85e-09,
        "Exch11(S^2)": -4.9999999999999995e-11,
        "Exch12(S^2)": 4.97e-09,
        "Exchange": 1.477e-08,
        "Ind20,r": -0.00022474912,
        "Ind22": -1.542705e-05,
        "Induction": -9.17333e-05,
        "InteractionEnergy": -0.05703086985,
        "delta HF,r (2)": 0.00015231749,
        "delta MP2,r (2)": -3.960639999999999e-06
    },
    "index": "0244",
    "jobtype": "SP",
    "logFile": "0244.log.gz",
    "method": "sapt2+3(ccd)dmp2-aug-cc-pvtz",
    "mols": [
        {
            "atoms": [
                {
                    "coords": [
                        0.0,
                        0.0,
                        -6.239448188504
                    ],
                    "elem": "K"
                }
            ],
            "charge": 1,
            "compound": "potassium",
            "mult": 1
        },
        {
            "atoms": [
                {
                    "coords": [
                        0.0,
                        0.0,
                        3.080551811496
                    ],
                    "elem": "Br"
                }
            ],
            "charge": -1,
            "compound": "bromide",
            "mult": 1
        }
    ],
    "system": "potassium#bromide"
}