{
    "energies": {
        "Disp2 (CCD)": -4.4914999999999997e-07,
        "Disp20": -6.1049e-07,
        "Disp21": 1.5703e-07,
        "Disp22 (S) (CCD)": -1.354e-08,
        "Disp22 (SDQ)": -5.85e-09,
        "Disp22 (T)": -7.358e-08,
        "Disp22 (T) (CCD)": -7.249000000000001e-08,
        "Dispersion": -5.3804e-07,
        "Electrostatics": -0.042230206,
        "Elst10,r": -0.04223019848,
        "Elst12,r": 2.1482000000000001e-07,
        "Est. Disp22 (T)": -7.432e-08,
        "Est. Disp22 (T) (CCD)": -7.321999999999999e-08,
        "Exch-Disp20": 0.0,
        "Exch-Ind20,r": 1.6000000000000002e-10,
        "Exch-Ind22": 1.0000000000000001e-11,
        "Exch10": 3e-11,
        "Exch10(S^2)": 3e-11,
        "Exch11(S^2)": 0.0,
        "Exch12(S^2)": 4.0000000000000004e-11,
        "Exchange": 7e-11,
        "Ind20,r": -6.705687000000001e-05,
        "Ind22": -4.51195e-06,
        "Induction": 2.583071e-05,
        "InteractionEnergy": -0.042204690919999996,
        "delta HF,r (2)": 9.793390000000001e-05,
        "delta MP2,r (2)": -5.3666e-07
    },
    "index": "0262",
    "jobtype": "SP",
    "logFile": "0262.log.gz",
    "method": "sapt2+3(ccd)dmp2-aug-cc-pvtz",
    "mols": [
        {
            "atoms": [
                {
                    "coords": [
                        0.0,
                        0.0,
                        -8.408526743305
                    ],
                    "elem": "K"
                }
            ],
            "charge": 1,
            "compound": "potassium",
            "mult": 1
        },
        {
            "atoms": [
                {
                    "coords": [
                        0.0,
                        0.0,
                        4.151473256695
                    ],
                    "elem": "Br"
                }
            ],
            "charge": -1,
            "compound": "bromide",
            "mult": 1
        }
    ],
    "system": "potassium#bromide"
}