{
    "energies": {
        "Disp2 (CCD)": -2.428e-08,
        "Disp20": -2.3119999999999998e-08,
        "Disp21": -1.61e-09,
        "Disp22 (S) (CCD)": -2.0600000000000003e-09,
        "Disp22 (SDQ)": -1.7600000000000001e-09,
        "Disp22 (T)": -2.48e-09,
        "Disp22 (T) (CCD)": -2.5100000000000002e-09,
        "Dispersion": -2.901e-08,
        "Electrostatics": -0.0565382842,
        "Elst10,r": -0.05653766274,
        "Elst12,r": -5.7649099999999995e-06,
        "Est. Disp22 (T)": -2.55e-09,
        "Est. Disp22 (T) (CCD)": -2.5799999999999998e-09,
        "Exch-Disp20": -1.0000000000000001e-11,
        "Exch-Ind20,r": 1.5e-10,
        "Exch-Ind22": 3e-11,
        "Exch10": -8.000000000000001e-11,
        "Exch10(S^2)": -8.000000000000001e-11,
        "Exch11(S^2)": 0.0,
        "Exch12(S^2)": 8.000000000000001e-11,
        "Exchange": 1.0000000000000001e-11,
        "Ind20,r": -3.839658e-05,
        "Ind22": -8.47815e-06,
        "Induction": -5.0758739999999995e-05,
        "InteractionEnergy": -0.0565942154,
        "delta HF,r (2)": -2.5435e-07,
        "delta MP2,r (2)": -3.62992e-06
    },
    "index": "0265",
    "jobtype": "SP",
    "logFile": "0265.log.gz",
    "method": "sapt2+3(ccd)dmp2-aug-cc-pvtz",
    "mols": [
        {
            "atoms": [
                {
                    "coords": [
                        0.0,
                        0.0,
                        -6.835637512013
                    ],
                    "elem": "Li"
                }
            ],
            "charge": 1,
            "compound": "lithium",
            "mult": 1
        },
        {
            "atoms": [
                {
                    "coords": [
                        0.0,
                        0.0,
                        2.524362487986
                    ],
                    "elem": "F"
                }
            ],
            "charge": -1,
            "compound": "fluoride",
            "mult": 1
        }
    ],
    "system": "lithium#fluoride"
}