{
    "energies": {
        "Disp2 (CCD)": -5.20766e-06,
        "Disp20": -6.87731e-06,
        "Disp21": 1.5537999999999998e-06,
        "Disp22 (S) (CCD)": -1.4839000000000002e-07,
        "Disp22 (SDQ)": -2.052e-08,
        "Disp22 (T)": -8.4128e-07,
        "Disp22 (T) (CCD)": -8.3853e-07,
        "Dispersion": -6.33842e-06,
        "Electrostatics": -0.06565854847,
        "Elst10,r": -0.06565742432999999,
        "Elst12,r": -2.0198299999999997e-06,
        "Est. Disp22 (T)": -8.5974e-07,
        "Est. Disp22 (T) (CCD)": -8.5693e-07,
        "Exch-Disp20": 4.09e-09,
        "Exch-Ind20,r": 2.4596999999999997e-07,
        "Exch-Ind22": 1.719e-08,
        "Exch10": 6.215000000000001e-08,
        "Exch10(S^2)": 6.215000000000001e-08,
        "Exch11(S^2)": -3.1e-10,
        "Exch12(S^2)": 3.743e-08,
        "Exchange": 9.927e-08,
        "Ind20,r": -0.00029781828999999997,
        "Ind22": -2.0813519999999998e-05,
        "Induction": -0.00033987659999999996,
        "InteractionEnergy": -0.06600556100999999,
        "delta HF,r (2)": -6.89002e-06,
        "delta MP2,r (2)": -1.474855e-05
    },
    "index": "0238",
    "jobtype": "SP",
    "logFile": "0238.log.gz",
    "method": "sapt2+3(ccd)dmp2-aug-cc-pvtz",
    "mols": [
        {
            "atoms": [
                {
                    "coords": [
                        0.0,
                        0.0,
                        -3.81224396649
                    ],
                    "elem": "K"
                }
            ],
            "charge": 1,
            "compound": "potassium",
            "mult": 1
        },
        {
            "atoms": [
                {
                    "coords": [
                        0.0,
                        0.0,
                        4.24775603351
                    ],
                    "elem": "Cl"
                }
            ],
            "charge": -1,
            "compound": "chloride",
            "mult": 1
        }
    ],
    "system": "potassium#chloride"
}