{
    "energies": {
        "Disp2 (CCD)": -2.4460100000000002e-06,
        "Disp20": -3.2473e-06,
        "Disp21": 7.497600000000001e-07,
        "Disp22 (S) (CCD)": -6.48e-08,
        "Disp22 (SDQ)": -3.53e-09,
        "Disp22 (T)": -4.0121e-07,
        "Disp22 (T) (CCD)": -3.9879e-07,
        "Dispersion": -2.94329e-06,
        "Electrostatics": -0.058153726919999996,
        "Elst10,r": -0.05815347697,
        "Elst12,r": -3.4876999999999997e-07,
        "Est. Disp22 (T)": -4.0664e-07,
        "Est. Disp22 (T) (CCD)": -4.0419e-07,
        "Exch-Disp20": 4.9e-10,
        "Exch-Ind20,r": 2.704e-08,
        "Exch-Ind22": 1.8e-09,
        "Exch10": 7.45e-09,
        "Exch10(S^2)": 7.45e-09,
        "Exch11(S^2)": -4.9999999999999995e-11,
        "Exch12(S^2)": 4.65e-09,
        "Exchange": 1.206e-08,
        "Ind20,r": -0.00017995807,
        "Ind22": -1.199523e-05,
        "Induction": -0.00019852446,
        "InteractionEnergy": -0.05835528162,
        "delta HF,r (2)": -9.905e-07,
        "delta MP2,r (2)": -5.638480000000001e-06
    },
    "index": "0244",
    "jobtype": "SP",
    "logFile": "0244.log.gz",
    "method": "sapt2+3(ccd)dmp2-aug-cc-pvtz",
    "mols": [
        {
            "atoms": [
                {
                    "coords": [
                        0.0,
                        0.0,
                        -4.304146413779
                    ],
                    "elem": "K"
                }
            ],
            "charge": 1,
            "compound": "potassium",
            "mult": 1
        },
        {
            "atoms": [
                {
                    "coords": [
                        0.0,
                        0.0,
                        4.795853586221
                    ],
                    "elem": "Cl"
                }
            ],
            "charge": -1,
            "compound": "chloride",
            "mult": 1
        }
    ],
    "system": "potassium#chloride"
}