{
    "energies": {
        "Disp2 (CCD)": -0.00071869467,
        "Disp20": -0.00081420386,
        "Disp21": 5.9562669999999996e-05,
        "Disp22 (S) (CCD)": -0.00011710230000000001,
        "Disp22 (SDQ)": -0.00012544091,
        "Disp22 (T)": -0.00011964345,
        "Disp22 (T) (CCD)": -0.00011153451,
        "Dispersion": -0.0008995073,
        "Electrostatics": -0.16314764528,
        "Elst10,r": -0.16299790035999998,
        "Elst12,r": -0.0007054864699999999,
        "Est. Disp22 (T)": -0.00013949117,
        "Est. Disp22 (T) (CCD)": -0.00013003703,
        "Exch-Disp20": 0.00013412644,
        "Exch-Ind20,r": 0.0048384967,
        "Exch-Ind22": 0.00217103682,
        "Exch10": 0.00236405079,
        "Exch10(S^2)": 0.00236123073,
        "Exch11(S^2)": -1.588918e-05,
        "Exch12(S^2)": 0.00142537864,
        "Exchange": 0.00377354024,
        "Ind20,r": -0.00981648337,
        "Ind22": -0.00440466288,
        "Induction": -0.00603743785,
        "InteractionEnergy": -0.16686787027,
        "delta HF,r (2)": -0.00018078405,
        "delta MP2,r (2)": 0.0012860806700000001
    },
    "index": "0212",
    "jobtype": "SP",
    "logFile": "0212.log.gz",
    "method": "sapt2+3(ccd)dmp2-aug-cc-pvtz",
    "mols": [
        {
            "atoms": [
                {
                    "coords": [
                        0.0,
                        0.0,
                        -1.068539338637
                    ],
                    "elem": "K"
                }
            ],
            "charge": 1,
            "compound": "potassium",
            "mult": 1
        },
        {
            "atoms": [
                {
                    "coords": [
                        0.0,
                        0.0,
                        2.191460661363
                    ],
                    "elem": "F"
                }
            ],
            "charge": -1,
            "compound": "fluoride",
            "mult": 1
        }
    ],
    "system": "potassium#fluoride"
}