{
    "energies": {
        "Disp2 (CCD)": -4.046e-08,
        "Disp20": -3.752e-08,
        "Disp21": -3.44e-09,
        "Disp22 (S) (CCD)": -4.9e-09,
        "Disp22 (SDQ)": -4.46e-09,
        "Disp22 (T)": -5.0900000000000004e-09,
        "Disp22 (T) (CCD)": -5.25e-09,
        "Dispersion": -5.076e-08,
        "Electrostatics": -0.05108064702,
        "Elst10,r": -0.05108008148,
        "Elst12,r": -4.3037e-06,
        "Est. Disp22 (T)": -5.169999999999999e-09,
        "Est. Disp22 (T) (CCD)": -5.3299999999999996e-09,
        "Exch-Disp20": -0.0,
        "Exch-Ind20,r": 2.3e-10,
        "Exch-Ind22": 4.9999999999999995e-11,
        "Exch10": 8.000000000000001e-11,
        "Exch10(S^2)": 8.000000000000001e-11,
        "Exch11(S^2)": -0.0,
        "Exch12(S^2)": 1.13e-09,
        "Exchange": 1.2100000000000002e-09,
        "Ind20,r": -2.641381e-05,
        "Ind22": -5.66487e-06,
        "Induction": -3.429624e-05,
        "InteractionEnergy": -0.05111873098,
        "delta HF,r (2)": -1.1809000000000001e-07,
        "delta MP2,r (2)": -2.09982e-06
    },
    "index": "0263",
    "jobtype": "SP",
    "logFile": "0263.log.gz",
    "method": "sapt2+3(ccd)dmp2-aug-cc-pvtz",
    "mols": [
        {
            "atoms": [
                {
                    "coords": [
                        0.0,
                        0.0,
                        -4.687592845937
                    ],
                    "elem": "Na"
                }
            ],
            "charge": 1,
            "compound": "sodium",
            "mult": 1
        },
        {
            "atoms": [
                {
                    "coords": [
                        0.0,
                        0.0,
                        5.672407154063
                    ],
                    "elem": "F"
                }
            ],
            "charge": -1,
            "compound": "fluoride",
            "mult": 1
        }
    ],
    "system": "sodium#fluoride"
}