{
    "energies": {
        "Disp2 (CCD)": -0.0002607571,
        "Disp20": -0.0002406062,
        "Disp21": -2.421503e-05,
        "Disp22 (S) (CCD)": -3.351742e-05,
        "Disp22 (SDQ)": -3.492041e-05,
        "Disp22 (T)": -2.299683e-05,
        "Disp22 (T) (CCD)": -2.227304e-05,
        "Dispersion": -0.00033088552,
        "Electrostatics": -0.23102756648,
        "Elst10,r": -0.23125023845999998,
        "Elst12,r": 0.00085907316,
        "Est. Disp22 (T)": -2.817258e-05,
        "Est. Disp22 (T) (CCD)": -2.7285890000000002e-05,
        "Exch-Disp20": 4.1299580000000005e-05,
        "Exch-Ind20,r": 0.00695168839,
        "Exch-Ind22": 0.0020760866299999996,
        "Exch10": 0.00562776048,
        "Exch10(S^2)": 0.00561959768,
        "Exch11(S^2)": -3.6562699999999995e-05,
        "Exch12(S^2)": 0.0023328795800000002,
        "Exchange": 0.00792407736,
        "Ind20,r": -0.0191890747,
        "Ind22": -0.00573072023,
        "Induction": -0.016154703739999998,
        "InteractionEnergy": -0.23895550538000002,
        "delta HF,r (2)": -0.00071801473,
        "delta MP2,r (2)": 0.00040187803
    },
    "index": "0210",
    "jobtype": "SP",
    "logFile": "0210.log.gz",
    "method": "sapt2+3(ccd)dmp2-aug-cc-pvtz",
    "mols": [
        {
            "atoms": [
                {
                    "coords": [
                        0.0,
                        0.0,
                        -1.665091188824
                    ],
                    "elem": "Li"
                }
            ],
            "charge": 1,
            "compound": "lithium",
            "mult": 1
        },
        {
            "atoms": [
                {
                    "coords": [
                        0.0,
                        0.0,
                        0.614908811176
                    ],
                    "elem": "F"
                }
            ],
            "charge": -1,
            "compound": "fluoride",
            "mult": 1
        }
    ],
    "system": "lithium#fluoride"
}