{
    "energies": {
        "Disp2 (CCD)": -2.7724e-07,
        "Disp20": -3.2566e-07,
        "Disp21": 3.5809999999999994e-08,
        "Disp22 (S) (CCD)": -2.4740000000000002e-08,
        "Disp22 (SDQ)": -1.7e-08,
        "Disp22 (T)": -5.082e-08,
        "Disp22 (T) (CCD)": -4.873e-08,
        "Dispersion": -3.5152e-07,
        "Electrostatics": -0.04801846965,
        "Elst10,r": -0.048019106379999996,
        "Elst12,r": 2.6883200000000003e-06,
        "Est. Disp22 (T)": -5.127e-08,
        "Est. Disp22 (T) (CCD)": -4.915e-08,
        "Exch-Disp20": 3e-11,
        "Exch-Ind20,r": 1.61e-09,
        "Exch-Ind22": 1.9000000000000002e-10,
        "Exch10": 3.8000000000000003e-10,
        "Exch10(S^2)": 3.8000000000000003e-10,
        "Exch11(S^2)": -1.0000000000000001e-11,
        "Exch12(S^2)": 1.3e-09,
        "Exchange": 1.67e-09,
        "Ind20,r": -3.285359e-05,
        "Ind22": -3.94457e-06,
        "Induction": -4.147261e-05,
        "InteractionEnergy": -0.048058240519999997,
        "delta HF,r (2)": -7.460999999999999e-07,
        "delta MP2,r (2)": -3.9305700000000006e-06
    },
    "index": "0259",
    "jobtype": "SP",
    "logFile": "0259.log.gz",
    "method": "sapt2+3(ccd)dmp2-aug-cc-pvtz",
    "mols": [
        {
            "atoms": [
                {
                    "coords": [
                        0.0,
                        0.0,
                        -3.612056291958
                    ],
                    "elem": "K"
                }
            ],
            "charge": 1,
            "compound": "potassium",
            "mult": 1
        },
        {
            "atoms": [
                {
                    "coords": [
                        0.0,
                        0.0,
                        7.407943708042
                    ],
                    "elem": "F"
                }
            ],
            "charge": -1,
            "compound": "fluoride",
            "mult": 1
        }
    ],
    "system": "potassium#fluoride"
}