{
    "energies": {
        "Disp2 (CCD)": -4.56617e-06,
        "Disp20": -4.57081e-06,
        "Disp21": -5.933e-08,
        "Disp22 (S) (CCD)": -3.7772e-07,
        "Disp22 (SDQ)": -2.9802e-07,
        "Disp22 (T)": -4.6997e-07,
        "Disp22 (T) (CCD)": -5.0778e-07,
        "Dispersion": -5.93762e-06,
        "Electrostatics": -0.09156162519,
        "Elst10,r": -0.09155374505000001,
        "Elst12,r": -1.666689e-05,
        "Est. Disp22 (T)": -5.091199999999999e-07,
        "Est. Disp22 (T) (CCD)": -5.5008e-07,
        "Exch-Disp20": 4.868e-08,
        "Exch-Ind20,r": 1.575393e-05,
        "Exch-Ind22": 1.65172e-06,
        "Exch10": 4.74657e-06,
        "Exch10(S^2)": 4.74656e-06,
        "Exch11(S^2)": -2.037e-08,
        "Exch12(S^2)": 1.86152e-06,
        "Exchange": 6.58771e-06,
        "Ind20,r": -0.00116602919,
        "Ind22": -0.00012225241,
        "Induction": -0.00171737724,
        "InteractionEnergy": -0.09328715533000001,
        "delta HF,r (2)": -0.00020540311,
        "delta MP2,r (2)": -0.00024160676
    },
    "index": "0229",
    "jobtype": "SP",
    "logFile": "0229.log.gz",
    "method": "sapt2+3(ccd)dmp2-aug-cc-pvtz",
    "mols": [
        {
            "atoms": [
                {
                    "coords": [
                        0.0,
                        0.0,
                        -3.487314943884
                    ],
                    "elem": "Na"
                }
            ],
            "charge": 1,
            "compound": "sodium",
            "mult": 1
        },
        {
            "atoms": [
                {
                    "coords": [
                        0.0,
                        0.0,
                        2.292685056116
                    ],
                    "elem": "Cl"
                }
            ],
            "charge": -1,
            "compound": "chloride",
            "mult": 1
        }
    ],
    "system": "sodium#chloride"
}