{
    "energies": {
        "Disp2 (CCD)": -0.0020633487599999996,
        "Disp20": -0.00204686799,
        "Disp21": -6.153886e-05,
        "Disp22 (S) (CCD)": -3.40838e-05,
        "Disp22 (SDQ)": 9.7168e-06,
        "Disp22 (T)": -0.00010864443999999999,
        "Disp22 (T) (CCD)": -0.00012395953,
        "Dispersion": -0.00268181352,
        "Electrostatics": -0.26086540974,
        "Elst10,r": -0.26221962901,
        "Elst12,r": 0.0022084236499999997,
        "Est. Disp22 (T)": -0.00012869378,
        "Est. Disp22 (T) (CCD)": -0.00014683513,
        "Exch-Disp20": 0.00032785724,
        "Exch-Ind20,r": 0.06203540012,
        "Exch-Ind22": 0.00380213783,
        "Exch10": 0.06855035581,
        "Exch10(S^2)": 0.06738178550000001,
        "Exch11(S^2)": -0.0010155327,
        "Exch12(S^2)": 0.00165145943,
        "Exchange": 0.06918628255,
        "Ind20,r": -0.10018315346,
        "Ind22": -0.00614020634,
        "Induction": -0.04535465897,
        "InteractionEnergy": -0.23886982422,
        "delta HF,r (2)": -0.0076440603999999995,
        "delta MP2,r (2)": 0.00200139129
    },
    "index": "0206",
    "jobtype": "SP",
    "logFile": "0206.log.gz",
    "method": "sapt2+3(ccd)dmp2-aug-cc-pvtz",
    "mols": [
        {
            "atoms": [
                {
                    "coords": [
                        0.0,
                        0.0,
                        -1.599152726873
                    ],
                    "elem": "Li"
                }
            ],
            "charge": 1,
            "compound": "lithium",
            "mult": 1
        },
        {
            "atoms": [
                {
                    "coords": [
                        0.0,
                        0.0,
                        0.320847273127
                    ],
                    "elem": "Cl"
                }
            ],
            "charge": -1,
            "compound": "chloride",
            "mult": 1
        }
    ],
    "system": "lithium#chloride"
}