{
    "Br": {
        "q_c_Br_0": 10.068238261858315,
        "q_s_Br_0": -11.068238261858315,
        "z2_Br_0": 1.5763390303234615,
        "q_c_Br_1": 6.44453977398094,
        "q_s_Br_1": -7.44453977398094,
        "z2_Br_1": 2.1518395062877196,
        "q_c_Br_2": 9.116659515227031,
        "q_s1_Br_2": -4.4687715068478076,
        "q_s2_Br_2": -5.647888008379224,
        "z1_Br_2": 2.7156342567689404,
        "z2_Br_2": 1.316889620708315,
        "q_c_Br_3": 6.443307881649761,
        "q_s_Br_3": -7.443307881649761,
        "z1_Br_3": 16.389744899691138,
        "z2_Br_3": 2.1517009081321583,
        "q_c_Br_4": -1,
        "q_c_Br_5": 8.034820449825212,
        "q_s1_Br_5": -1.8831703946255631,
        "q_s2_Br_5": -7.1516500551996485,
        "z1_Br_5": 1.2174639781983778,
        "z2_Br_5": 0.6982232516543342,
        "q_c_Br_6": -0.9999999999,
        "z2_Br_6": 0.2885519211941104,
        "q_c_Br_7": 5.613829751519467,
        "q_s_Br_7": -6.613829751519467,
        "z2_Br_7": 0.9346015927278254,
        "q_c_Br_8": 10.06799864385047,
        "q_s_Br_8": -11.06799864385047,
        "z1_Br_8": 30.0,
        "z2_Br_8": 1.5763255670371854,
        "q_c_Br_9": 6.829066147152308,
        "q_s_Br_9": -7.829066147152308,
        "z1_Br_9": 30.0,
        "z2_Br_9": 1.000000000033868
    },
    "F": {
        "q_c_F_0": 3.383252399871921,
        "q_s_F_0": -4.383252399871921,
        "z2_F_0": 1.943909319590083,
        "q_c_F_1": 1.6757232696118256,
        "q_s_F_1": -2.675723269611826,
        "z2_F_1": 2.57661996069313,
        "q_c_F_2": 4.028861316738096,
        "q_s1_F_2": -1.9183029495882633,
        "q_s2_F_2": -3.110558367149833,
        "z1_F_2": 3.6960503559811646,
        "z2_F_2": 1.6384910632414043,
        "q_c_F_3": 1.6757235179494858,
        "q_s_F_3": -2.6757235179494856,
        "z1_F_3": 14.001963276092827,
        "z2_F_3": 2.5766200391369836,
        "q_c_F_4": -1,
        "q_c_F_5": 2.689356698770363,
        "q_s1_F_5": -3.0902409522262304,
        "q_s2_F_5": -0.5991157465441326,
        "z1_F_5": 0.8258893625036976,
        "z2_F_5": 1.4682403012479965,
        "q_c_F_6": -0.9999999999,
        "z2_F_6": 0.8107832882544643,
        "q_c_F_7": 1.195181008687622,
        "q_s_F_7": -2.195181008687622,
        "z2_F_7": 1.0927859833897289,
        "q_c_F_8": 3.3829566353024574,
        "q_s_F_8": -4.382956635302458,
        "z1_F_8": 30.0,
        "z2_F_8": 1.9438675654353765,
        "q_c_F_9": 1.1950083051194753,
        "q_s_F_9": -2.195008305119475,
        "z1_F_9": 30.0,
        "z2_F_9": 1.0927569205863434
    },
    "Cl": {
        "q_c_Cl_0": 8.628751867753028,
        "q_s_Cl_0": -9.628751867753028,
        "z2_Cl_0": 1.6810906969854678,
        "q_c_Cl_1": 5.299017330388081,
        "q_s_Cl_1": -6.299017330388081,
        "z2_Cl_1": 2.274292419183799,
        "q_c_Cl_2": 10.868067256396165,
        "q_s1_Cl_2": -11.113349609836725,
        "q_s2_Cl_2": -0.7547176465594404,
        "z1_Cl_2": 1.5582186612253395,
        "z2_Cl_2": 1.9574747968552575,
        "q_c_Cl_3": 3.6261985248942006,
        "q_s_Cl_3": -4.626198524894201,
        "z1_Cl_3": 3.9999999999999996,
        "z2_Cl_3": 1.9999999999999998,
        "q_c_Cl_4": -1,
        "q_c_Cl_5": 7.049976488030291,
        "q_s1_Cl_5": -6.462782370749543,
        "q_s2_Cl_5": -1.5871941172807478,
        "z1_Cl_5": 0.737354009774572,
        "z2_Cl_5": 1.304451716661358,
        "q_c_Cl_6": -0.9999999999,
        "z2_Cl_6": 0.3847867969071749,
        "q_c_Cl_7": 4.4792883108891415,
        "q_s_Cl_7": -5.4792883108891415,
        "z2_Cl_7": 0.9811422453731797,
        "q_c_Cl_8": 8.628415448748738,
        "q_s_Cl_8": -9.628415448748738,
        "z1_Cl_8": 30.0,
        "z2_Cl_8": 1.681068993436963,
        "q_c_Cl_9": 4.755667208157597,
        "q_s_Cl_9": -5.755667208157597,
        "z1_Cl_9": 30.0,
        "z2_Cl_9": 1.0000000000003109
    },
    "I": {
        "q_c_I_0": 11.81305007560004,
        "q_s_I_0": -12.81305007560004,
        "z2_I_0": 1.4340616949469513,
        "q_c_I_1": 7.951574823868083,
        "q_s_I_1": -8.951574823868082,
        "z2_I_1": 1.9835915444870114,
        "q_c_I_2": 10.347135181060825,
        "q_s1_I_2": -5.193867705778961,
        "q_s2_I_2": -6.153267475281864,
        "z1_I_2": 2.411773622224828,
        "z2_I_2": 1.207980946755774,
        "q_c_I_3": 7.950460204843642,
        "q_s_I_3": -8.950460204843642,
        "z1_I_3": 23.94978325008646,
        "z2_I_3": 1.9834863184941287,
        "q_c_I_4": -1,
        "q_c_I_5": 9.496554596660458,
        "q_s1_I_5": -8.072843602685005,
        "q_s2_I_5": -2.423710993975453,
        "z1_I_5": 0.6508508588108906,
        "z2_I_5": 1.1226628852069958,
        "q_c_I_6": -0.9999999999,
        "z2_I_6": 0.17942235402397272,
        "q_c_I_7": 7.163453045108753,
        "q_s_I_7": -8.163453045108753,
        "z2_I_7": 0.8692655320727595,
        "q_c_I_8": 11.812868970434927,
        "q_s_I_8": -12.812868970434927,
        "z1_I_8": 30.0,
        "z2_I_8": 1.4340531997571957,
        "q_c_I_9": 10.37344706105166,
        "q_s_I_9": -11.37344706105166,
        "z1_I_9": 30.0,
        "z2_I_9": 1.0000000000000697
    },
    "Li": {
        "q_c_Li_0": 1.130235099303561,
        "q_s_Li_0": -0.13023509930356103,
        "z2_Li_0": 2.99999999999991,
        "q_c_Li_1": 1.0236254511101486,
        "q_s_Li_1": -0.023625451110148576,
        "z2_Li_1": 2.9999999999999973,
        "q_c_Li_2": 1.0014137539203551,
        "q_s1_Li_2": 0.00858624607972221,
        "q_s2_Li_2": -0.010000000000077353,
        "z1_Li_2": 0.25582253751119155,
        "z2_Li_2": 0.10000000001655761,
        "q_c_Li_3": 1.0021766806478143,
        "q_s_Li_3": -0.0021766806478142886,
        "z1_Li_3": 19.083958429835135,
        "z2_Li_3": 0.9999999999996755,
        "q_c_Li_4": 1,
        "q_c_Li_5": 1.1964570504462908,
        "q_s1_Li_5": -0.0003425895203170992,
        "q_s2_Li_5": -0.1961144609259737,
        "z1_Li_5": 2.022951335204897,
        "z2_Li_5": 0.10000000000000002,
        "q_c_Li_6": 0.9999900001,
        "z2_Li_6": 7.164630352417799,
        "q_c_Li_7": 1.0088597934140238,
        "q_s_Li_7": -0.008859793414023764,
        "z2_Li_7": 0.9999999999999999,
        "q_c_Li_8": 1.0047018751262056,
        "q_s_Li_8": -0.004701875126205568,
        "z1_Li_8": 17.188772096623424,
        "z2_Li_8": 0.9999999999932283,
        "q_c_Li_9": 1.0088597935084807,
        "q_s_Li_9": -0.008859793508480651,
        "z1_Li_9": 18.884911918104866,
        "z2_Li_9": 0.9999999999999997
    },
    "Na": {
        "q_c_Na_0": 7.604041150992742,
        "q_s_Na_0": -6.604041150992742,
        "z2_Na_0": 3.668194079982376,
        "q_c_Na_1": 3.6361351181460266,
        "q_s_Na_1": -2.6361351181460266,
        "z2_Na_1": 4.458491900564206,
        "q_c_Na_2": 4.245676718209235,
        "q_s1_Na_2": -0.00394530952892902,
        "q_s2_Na_2": -3.2417314086803057,
        "z1_Na_2": 4.642471852808054,
        "z2_Na_2": 1.0000000000000013,
        "q_c_Na_3": 3.636141405365674,
        "q_s_Na_3": -2.636141405365674,
        "z1_Na_3": 16.658104770473994,
        "z2_Na_3": 4.4584936746534725,
        "q_c_Na_4": 1,
        "q_c_Na_5": 2.955643802139473,
        "q_s1_Na_5": -1.9121208892976038,
        "q_s2_Na_5": -0.043522912841869155,
        "z1_Na_5": 1.095209360286344,
        "z2_Na_5": 1.8845461014630633,
        "q_c_Na_6": 0.9999900001,
        "z2_Na_6": 6.417373031027485,
        "q_c_Na_7": 2.2362221881936,
        "q_s_Na_7": -1.2362221881936,
        "z2_Na_7": 1.6941268617197374,
        "q_c_Na_8": 7.604048642102554,
        "q_s_Na_8": -6.604048642102554,
        "z1_Na_8": 14.787806812347592,
        "z2_Na_8": 3.6681947630607534,
        "q_c_Na_9": 2.236226915078758,
        "q_s_Na_9": -1.236226915078758,
        "z1_Na_9": 34.048831558325084,
        "z2_Na_9": 1.6941279865997734
    },
    "K": {
        "q_c_K_0": 16.882793049982926,
        "q_s_K_0": -15.882793049982926,