{
    "energies": {
        "Disp2 (CCD)": -0.00898374736,
        "Disp20": -0.0111588975,
        "Disp21": 0.00186051643,
        "Disp22 (S) (CCD)": -0.00019985289,
        "Disp22 (SDQ)": 0.00011285532,
        "Disp22 (T)": -0.0010462097,
        "Disp22 (T) (CCD)": -0.00105586903,
        "Dispersion": -0.00738255848,
        "Electrostatics": -0.23353651022,
        "Elst10,r": -0.23212049182000002,
        "Elst12,r": -0.00182807592,
        "Est. Disp22 (T)": -0.00116679325,
        "Est. Disp22 (T) (CCD)": -0.00117756589,
        "Exch-Disp20": 0.0036298428999999998,
        "Exch-Ind20,r": 0.15418742777,
        "Exch-Ind22": 0.0148648123,
        "Exch10": 0.08165684519,
        "Exch10(S^2)": 0.07905238235999999,
        "Exch11(S^2)": -0.00109459811,
        "Exch12(S^2)": 0.0029853093,
        "Exchange": 0.08354755638,
        "Ind20,r": -0.1819858184,
        "Ind22": -0.01754478346,
        "Induction": -0.020285762460000002,
        "InteractionEnergy": -0.17814493672,
        "delta HF,r (2)": 0.00465958038,
        "delta MP2,r (2)": 0.0048061792800000004
    },
    "index": "0003",
    "jobtype": "SP",
    "logFile": "0003.log.gz",
    "method": "sapt2+3(ccd)dmp2-aug-cc-pvtz",
    "mols": [
        {
            "atoms": [
                {
                    "coords": [
                        0.0,
                        0.0,
                        -1.206106962103
                    ],
                    "elem": "K"
                }
            ],
            "charge": 1,
            "compound": "potassium",
            "mult": 1
        },
        {
            "atoms": [
                {
                    "coords": [
                        0.0,
                        0.0,
                        1.343893037897
                    ],
                    "elem": "Cl"
                }
            ],
            "charge": -1,
            "compound": "chloride",
            "mult": 1
        }
    ],
    "system": "potassium#chloride"
}