{
    "energies": {
        "Disp2 (CCD)": -3.7400000000000004e-08,
        "Disp20": -3.559e-08,
        "Disp21": -2.5100000000000002e-09,
        "Disp22 (S) (CCD)": -3.2499999999999997e-09,
        "Disp22 (SDQ)": -2.83e-09,
        "Disp22 (T)": -3.8e-09,
        "Disp22 (T) (CCD)": -3.86e-09,
        "Dispersion": -4.485e-08,
        "Electrostatics": -0.06068897248,
        "Elst10,r": -0.060688008179999996,
        "Elst12,r": -8.68618e-06,
        "Est. Disp22 (T)": -3.92e-09,
        "Est. Disp22 (T) (CCD)": -3.98e-09,
        "Exch-Disp20": -2.0000000000000002e-11,
        "Exch-Ind20,r": 1.0000000000000001e-11,
        "Exch-Ind22": 0.0,
        "Exch10": -9.999999999999999e-11,
        "Exch10(S^2)": -9.999999999999999e-11,
        "Exch11(S^2)": 0.0,
        "Exch12(S^2)": -3.5e-10,
        "Exchange": -4.6e-10,
        "Ind20,r": -5.1544e-05,
        "Ind22": -1.171896e-05,
        "Induction": -6.981233000000001e-05,
        "InteractionEnergy": -0.06076655199,
        "delta HF,r (2)": -5.2534e-07,
        "delta MP2,r (2)": -6.02424e-06
    },
    "index": "0260",
    "jobtype": "SP",
    "logFile": "0260.log.gz",
    "method": "sapt2+3(ccd)dmp2-aug-cc-pvtz",
    "mols": [
        {
            "atoms": [
                {
                    "coords": [
                        0.0,
                        0.0,
                        -6.368243494098
                    ],
                    "elem": "Li"
                }
            ],
            "charge": 1,
            "compound": "lithium",
            "mult": 1
        },
        {
            "atoms": [
                {
                    "coords": [
                        0.0,
                        0.0,
                        2.351756505902
                    ],
                    "elem": "F"
                }
            ],
            "charge": -1,
            "compound": "fluoride",
            "mult": 1
        }
    ],
    "system": "lithium#fluoride"
}