{
    "energies": {
        "Disp2 (CCD)": -4.2849e-07,
        "Disp20": -5.726e-07,
        "Disp21": 1.3566e-07,
        "Disp22 (S) (CCD)": -1.079e-08,
        "Disp22 (SDQ)": -1.5e-10,
        "Disp22 (T)": -7.111999999999999e-08,
        "Disp22 (T) (CCD)": -7.043e-08,
        "Dispersion": -5.1193e-07,
        "Electrostatics": -0.04373454829,
        "Elst10,r": -0.04373473224,
        "Elst12,r": 4.2213e-07,
        "Est. Disp22 (T)": -7.182e-08,
        "Est. Disp22 (T) (CCD)": -7.113e-08,
        "Exch-Disp20": 0.0,
        "Exch-Ind20,r": 2.9e-10,
        "Exch-Ind22": 2.0000000000000002e-11,
        "Exch10": 6e-11,
        "Exch10(S^2)": 6e-11,
        "Exch11(S^2)": -0.0,
        "Exch12(S^2)": 8.000000000000001e-11,
        "Exchange": 1.4e-10,
        "Ind20,r": -5.6710200000000005e-05,
        "Ind22": -3.66185e-06,
        "Induction": -6.088349e-05,
        "InteractionEnergy": -0.04379570539,
        "delta HF,r (2)": 8.1374e-07,
        "delta MP2,r (2)": -1.3270300000000002e-06
    },
    "index": "0261",
    "jobtype": "SP",
    "logFile": "0261.log.gz",
    "method": "sapt2+3(ccd)dmp2-aug-cc-pvtz",
    "mols": [
        {
            "atoms": [
                {
                    "coords": [
                        0.0,
                        0.0,
                        -5.723095780959
                    ],
                    "elem": "K"
                }
            ],
            "charge": 1,
            "compound": "potassium",
            "mult": 1
        },
        {
            "atoms": [
                {
                    "coords": [
                        0.0,
                        0.0,
                        6.376904219041
                    ],
                    "elem": "Cl"
                }
            ],
            "charge": -1,
            "compound": "chloride",
            "mult": 1
        }
    ],
    "system": "potassium#chloride"
}