{
    "energies": {
        "Disp2 (CCD)": -0.00169570919,
        "Disp20": -0.00167277538,
        "Disp21": -5.666438e-05,
        "Disp22 (S) (CCD)": -3.300297e-05,
        "Disp22 (SDQ)": 2.0713799999999996e-06,
        "Disp22 (T)": -8.805794e-05,
        "Disp22 (T) (CCD)": -0.00010120055,
        "Dispersion": -0.00218706679,
        "Electrostatics": -0.23821021475,
        "Elst10,r": -0.23899603074999998,
        "Elst12,r": 0.00125195623,
        "Est. Disp22 (T)": -0.00010206178000000001,
        "Est. Disp22 (T) (CCD)": -0.00011729444,
        "Exch-Disp20": 0.00031122013,
        "Exch-Ind20,r": 0.05719765932,
        "Exch-Ind22": 0.0034652937,
        "Exch10": 0.05629776498,
        "Exch10(S^2)": 0.055509860109999996,
        "Exch11(S^2)": -0.00092426331,
        "Exch12(S^2)": 0.00152217176,
        "Exchange": 0.05689567343,
        "Ind20,r": -0.09753068438,
        "Ind22": -0.00590885135,
        "Induction": -0.045323224940000004,
        "InteractionEnergy": -0.22837080875000002,
        "delta HF,r (2)": -0.00494902529,
        "delta MP2,r (2)": 0.0017379868
    },
    "index": "0005",
    "jobtype": "SP",
    "logFile": "0005.log.gz",
    "method": "sapt2+3(ccd)dmp2-aug-cc-pvtz",
    "mols": [
        {
            "atoms": [
                {
                    "coords": [
                        0.0,
                        0.0,
                        -1.928548086375
                    ],
                    "elem": "Li"
                }
            ],
            "charge": 1,
            "compound": "lithium",
            "mult": 1
        },
        {
            "atoms": [
                {
                    "coords": [
                        0.0,
                        0.0,
                        0.171451913625
                    ],
                    "elem": "Br"
                }
            ],
            "charge": -1,
            "compound": "bromide",
            "mult": 1
        }
    ],
    "system": "lithium#bromide"
}