{
    "energies": {
        "Disp2 (CCD)": -0.00028860324,
        "Disp20": -0.00028074437,
        "Disp21": -1.3090539999999999e-05,
        "Disp22 (S) (CCD)": -1.010503e-05,
        "Disp22 (SDQ)": -4.18027e-06,
        "Disp22 (T)": -1.6099169999999998e-05,
        "Disp22 (T) (CCD)": -1.822849e-05,
        "Dispersion": -0.0003498926,
        "Electrostatics": -0.18454089719,
        "Elst10,r": -0.18462469276,
        "Elst12,r": 0.00016971368,
        "Est. Disp22 (T)": -2.0611979999999997e-05,
        "Est. Disp22 (T) (CCD)": -2.333818e-05,
        "Exch-Disp20": 6.188508e-05,
        "Exch-Ind20,r": 0.0106221702,
        "Exch-Ind22": 0.0008704367,
        "Exch10": 0.006941932160000001,
        "Exch10(S^2)": 0.00692985331,
        "Exch11(S^2)": -6.563033e-05,
        "Exch12(S^2)": 0.0005389424000000001,
        "Exchange": 0.00741524423,
        "Ind20,r": -0.03337917844,
        "Ind22": -0.0027352661,
        "Induction": -0.02541784999,
        "InteractionEnergy": -0.20281298242,
        "delta HF,r (2)": -0.0011954357900000002,
        "delta MP2,r (2)": 0.00030418721999999997
    },
    "index": "0212",
    "jobtype": "SP",
    "logFile": "0212.log.gz",
    "method": "sapt2+3(ccd)dmp2-aug-cc-pvtz",
    "mols": [
        {
            "atoms": [
                {
                    "coords": [
                        0.0,
                        0.0,
                        -2.608131697764
                    ],
                    "elem": "Li"
                }
            ],
            "charge": 1,
            "compound": "lithium",
            "mult": 1
        },
        {
            "atoms": [
                {
                    "coords": [
                        0.0,
                        0.0,
                        0.231868302236
                    ],
                    "elem": "Br"
                }
            ],
            "charge": -1,
            "compound": "bromide",
            "mult": 1
        }
    ],
    "system": "lithium#bromide"
}