{
    "energies": {
        "Disp2 (CCD)": -1.463307e-05,
        "Disp20": -1.451918e-05,
        "Disp21": -2.5883e-07,
        "Disp22 (S) (CCD)": -1.2262900000000002e-06,
        "Disp22 (SDQ)": -9.7342e-07,
        "Disp22 (T)": -1.3072e-06,
        "Disp22 (T) (CCD)": -1.42522e-06,
        "Dispersion": -1.980061e-05,
        "Electrostatics": -0.10336353892,
        "Elst10,r": -0.10334338334,
        "Elst12,r": -2.587157e-05,
        "Est. Disp22 (T)": -1.51618e-06,
        "Est. Disp22 (T) (CCD)": -1.65308e-06,
        "Exch-Disp20": 4.937700000000001e-07,
        "Exch-Ind20,r": 0.00014846978,
        "Exch-Ind22": 1.456964e-05,
        "Exch10": 4.62109e-05,
        "Exch10(S^2)": 4.621033e-05,
        "Exch11(S^2)": -2.3756e-07,
        "Exch12(S^2)": 1.0815969999999999e-05,
        "Exchange": 5.6789319999999997e-05,
        "Ind20,r": -0.0028921780699999997,
        "Ind22": -0.00028381537,
        "Induction": -0.00416470787,
        "InteractionEnergy": -0.10749708133,
        "delta HF,r (2)": -0.0006944566399999999,
        "delta MP2,r (2)": -0.0004601864
    },
    "index": "0224",
    "jobtype": "SP",
    "logFile": "0224.log.gz",
    "method": "sapt2+3(ccd)dmp2-aug-cc-pvtz",
    "mols": [
        {
            "atoms": [
                {
                    "coords": [
                        0.0,
                        0.0,
                        -3.964963150379
                    ],
                    "elem": "Na"
                }
            ],
            "charge": 1,
            "compound": "sodium",
            "mult": 1
        },
        {
            "atoms": [
                {
                    "coords": [
                        0.0,
                        0.0,
                        1.155036849621
                    ],
                    "elem": "Br"
                }
            ],
            "charge": -1,
            "compound": "bromide",
            "mult": 1
        }
    ],
    "system": "sodium#bromide"
}