{
    "energies": {
        "Disp2 (CCD)": -0.00162112554,
        "Disp20": -0.00160273828,
        "Disp21": -5.3482540000000004e-05,
        "Disp22 (S) (CCD)": -2.970505e-05,
        "Disp22 (SDQ)": 4.42469e-06,
        "Disp22 (T)": -8.793832e-05,
        "Disp22 (T) (CCD)": -0.00010021672,
        "Dispersion": -0.0020614223200000003,
        "Electrostatics": -0.25193896385,
        "Elst10,r": -0.25303063424,
        "Elst12,r": 0.00179074383,
        "Est. Disp22 (T)": -0.00010407002,
        "Est. Disp22 (T) (CCD)": -0.00011860081,
        "Exch-Disp20": 0.00027501119,
        "Exch-Ind20,r": 0.050386575110000005,
        "Exch-Ind22": 0.00329514517,
        "Exch10": 0.0518462109,
        "Exch10(S^2)": 0.05117375361,
        "Exch11(S^2)": -0.0007226160499999999,
        "Exch12(S^2)": 0.00162362557,
        "Exchange": 0.05274722042,
        "Ind20,r": -0.08611630683999999,
        "Ind22": -0.00563177258,
        "Induction": -0.040974922569999996,
        "InteractionEnergy": -0.24153902101,
        "delta HF,r (2)": -0.00510251014,
        "delta MP2,r (2)": 0.00161693847
    },
    "index": "0007",
    "jobtype": "SP",
    "logFile": "0007.log.gz",
    "method": "sapt2+3(ccd)dmp2-aug-cc-pvtz",
    "mols": [
        {
            "atoms": [
                {
                    "coords": [
                        0.0,
                        0.0,
                        -1.674113010945
                    ],
                    "elem": "Li"
                }
            ],
            "charge": 1,
            "compound": "lithium",
            "mult": 1
        },
        {
            "atoms": [
                {
                    "coords": [
                        0.0,
                        0.0,
                        0.335886989055
                    ],
                    "elem": "Cl"
                }
            ],
            "charge": -1,
            "compound": "chloride",
            "mult": 1
        }
    ],
    "system": "lithium#chloride"
}