{
    "energies": {
        "Disp2 (CCD)": -0.00668722195,
        "Disp20": -0.00771052158,
        "Disp21": 0.000784428,
        "Disp22 (S) (CCD)": -0.00069691088,
        "Disp22 (SDQ)": -0.00069703103,
        "Disp22 (T)": -0.00100008565,
        "Disp22 (T) (CCD)": -0.00091351103,
        "Dispersion": -0.00580746031,
        "Electrostatics": -0.25437576308000004,
        "Elst10,r": -0.25214345541,
        "Elst12,r": -0.0049487199300000005,
        "Est. Disp22 (T)": -0.0011376819,
        "Est. Disp22 (T) (CCD)": -0.00103919596,
        "Exch-Disp20": 0.00253984296,
        "Exch-Ind20,r": 0.0875142053,
        "Exch-Ind22": 0.03137279517,
        "Exch10": 0.05690117786,
        "Exch10(S^2)": 0.055736352850000004,
        "Exch11(S^2)": -0.00090674426,
        "Exch12(S^2)": 0.01336158661,
        "Exchange": 0.06935602021,
        "Ind20,r": -0.10569961248,
        "Ind22": -0.03789204599,
        "Induction": -0.021007754,
        "InteractionEnergy": -0.21456067437999998,
        "delta HF,r (2)": -0.0014051556000000002,
        "delta MP2,r (2)": 0.00516878018
    },
    "index": "0206",
    "jobtype": "SP",
    "logFile": "0206.log.gz",
    "method": "sapt2+3(ccd)dmp2-aug-cc-pvtz",
    "mols": [
        {
            "atoms": [
                {
                    "coords": [
                        0.0,
                        0.0,
                        -0.740766535374
                    ],
                    "elem": "K"
                }
            ],
            "charge": 1,
            "compound": "potassium",
            "mult": 1
        },
        {
            "atoms": [
                {
                    "coords": [
                        0.0,
                        0.0,
                        1.519233464626
                    ],
                    "elem": "F"
                }
            ],
            "charge": -1,
            "compound": "fluoride",
            "mult": 1
        }
    ],
    "system": "potassium#fluoride"
}