{
    "energies": {
        "Disp2 (CCD)": -0.00012429912,
        "Disp20": -0.00011201195,
        "Disp21": -1.35185e-05,
        "Disp22 (S) (CCD)": -2.236011e-05,
        "Disp22 (SDQ)": -2.390632e-05,
        "Disp22 (T)": -1.417722e-05,
        "Disp22 (T) (CCD)": -1.422294e-05,
        "Dispersion": -0.00015808449,
        "Electrostatics": -0.17434127471,
        "Elst10,r": -0.17430735372999998,
        "Elst12,r": -0.00018238172,
        "Est. Disp22 (T)": -1.6665550000000002e-05,
        "Est. Disp22 (T) (CCD)": -1.67193e-05,
        "Exch-Disp20": 1.5224980000000001e-05,
        "Exch-Ind20,r": 0.0027019371099999997,
        "Exch-Ind22": 0.00114086917,
        "Exch10": 0.00131234895,
        "Exch10(S^2)": 0.0013118760300000001,
        "Exch11(S^2)": -1.0126970000000001e-05,
        "Exch12(S^2)": 0.00085701173,
        "Exchange": 0.00215923371,
        "Ind20,r": -0.00780328633,
        "Ind22": -0.0032948689999999997,
        "Induction": -0.00700071102,
        "InteractionEnergy": -0.17949037151,
        "delta HF,r (2)": -2.622528e-05,
        "delta MP2,r (2)": 0.00026985811
    },
    "index": "0213",
    "jobtype": "SP",
    "logFile": "0213.log.gz",
    "method": "sapt2+3(ccd)dmp2-aug-cc-pvtz",
    "mols": [
        {
            "atoms": [
                {
                    "coords": [
                        0.0,
                        0.0,
                        -1.37550986985
                    ],
                    "elem": "Na"
                }
            ],
            "charge": 1,
            "compound": "sodium",
            "mult": 1
        },
        {
            "atoms": [
                {
                    "coords": [
                        0.0,
                        0.0,
                        1.66449013015
                    ],
                    "elem": "F"
                }
            ],
            "charge": -1,
            "compound": "fluoride",
            "mult": 1
        }
    ],
    "system": "sodium#fluoride"
}