{
    "energies": {
        "Disp2 (CCD)": -0.0013796813599999999,
        "Disp20": -0.0013812423599999998,
        "Disp21": -1.766277e-05,
        "Disp22 (S) (CCD)": -7.355828000000001e-05,
        "Disp22 (SDQ)": -4.844719e-05,
        "Disp22 (T)": -0.00010251766,
        "Disp22 (T) (CCD)": -0.00011301872,
        "Dispersion": -0.00124298752,
        "Electrostatics": -0.21840133416000002,
        "Elst10,r": -0.21820943282,
        "Elst12,r": -0.00012233834000000002,
        "Est. Disp22 (T)": -0.00012184307,
        "Est. Disp22 (T) (CCD)": -0.00013432366,
        "Exch-Disp20": 0.00043206216,
        "Exch-Ind20,r": 0.0798892918,
        "Exch-Ind22": 0.00594701715,
        "Exch10": 0.04390841234,
        "Exch10(S^2)": 0.043438018450000004,
        "Exch11(S^2)": -0.00078593488,
        "Exch12(S^2)": 0.00208035865,
        "Exchange": 0.04520283612,
        "Ind20,r": -0.10807761924999999,
        "Ind22": -0.008045376810000001,
        "Induction": -0.0220927361,
        "InteractionEnergy": -0.19648817166000002,
        "delta HF,r (2)": 0.006483249609999999,
        "delta MP2,r (2)": 0.00159970202
    },
    "index": "0006",
    "jobtype": "SP",
    "logFile": "0006.log.gz",
    "method": "sapt2+3(ccd)dmp2-aug-cc-pvtz",
    "mols": [
        {
            "atoms": [
                {
                    "coords": [
                        0.0,
                        0.0,
                        -1.936017163271
                    ],
                    "elem": "Na"
                }
            ],
            "charge": 1,
            "compound": "sodium",
            "mult": 1
        },
        {
            "atoms": [
                {
                    "coords": [
                        0.0,
                        0.0,
                        0.563982836729
                    ],
                    "elem": "Br"
                }
            ],
            "charge": -1,
            "compound": "bromide",
            "mult": 1
        }
    ],
    "system": "sodium#bromide"
}