{
    "energies": {
        "Disp2 (CCD)": -0.00505407548,
        "Disp20": -0.00505304596,
        "Disp21": -0.00011123208,
        "Disp22 (S) (CCD)": -6.435046e-05,
        "Disp22 (SDQ)": 4.369683e-05,
        "Disp22 (T)": -0.00022525592,
        "Disp22 (T) (CCD)": -0.00025978015,
        "Dispersion": -0.007555614590000001,
        "Electrostatics": -0.26775253126000004,
        "Elst10,r": -0.26957756023,
        "Elst12,r": 0.0029000641699999997,
        "Est. Disp22 (T)": -0.00026335937999999996,
        "Est. Disp22 (T) (CCD)": -0.00030372361,
        "Exch-Disp20": 0.0005455803700000001,
        "Exch-Ind20,r": 0.13766251719,
        "Exch-Ind22": 0.006135300670000001,
        "Exch10": 0.19515090331999999,
        "Exch10(S^2)": 0.18608593958,
        "Exch11(S^2)": -0.00417849183,
        "Exch12(S^2)": 0.00105038358,
        "Exchange": 0.19202279507,
        "Ind20,r": -0.19437001143000002,
        "Ind22": -0.00866262281,
        "Induction": -0.07373900147000001,
        "InteractionEnergy": -0.15593278138,
        "delta HF,r (2)": -0.023539038600000003,
        "delta MP2,r (2)": 0.0063723437499999995
    },
    "index": "0204",
    "jobtype": "SP",
    "logFile": "0204.log.gz",
    "method": "sapt2+3(ccd)dmp2-aug-cc-pvtz",
    "mols": [
        {
            "atoms": [
                {
                    "coords": [
                        0.0,
                        0.0,
                        -1.5428384691
                    ],
                    "elem": "Li"
                }
            ],
            "charge": 1,
            "compound": "lithium",
            "mult": 1
        },
        {
            "atoms": [
                {
                    "coords": [
                        0.0,
                        0.0,
                        0.1371615309
                    ],
                    "elem": "Br"
                }
            ],
            "charge": -1,
            "compound": "bromide",
            "mult": 1
        }
    ],
    "system": "lithium#bromide"
}