{
    "energies": {
        "Disp2 (CCD)": -0.00139258536,
        "Disp20": -0.0013442691899999998,
        "Disp21": -5.277586e-05,
        "Disp22 (S) (CCD)": -0.00015978197,
        "Disp22 (SDQ)": -0.00017646917,
        "Disp22 (T)": -0.00013095292,
        "Disp22 (T) (CCD)": -0.00012821252,
        "Dispersion": -0.0012561529,
        "Electrostatics": -0.27318778033,
        "Elst10,r": -0.27252409618,
        "Elst12,r": -0.00065659068,
        "Est. Disp22 (T)": -0.00016776575,
        "Est. Disp22 (T) (CCD)": -0.00016425498,
        "Exch-Disp20": 0.00043523465,
        "Exch-Ind20,r": 0.05663056805,
        "Exch-Ind22": 0.01702580344,
        "Exch10": 0.041278345960000004,
        "Exch10(S^2)": 0.04087386146,
        "Exch11(S^2)": -0.00069401961,
        "Exch12(S^2)": 0.00966264321,
        "Exchange": 0.05024696955999999,
        "Ind20,r": -0.07158203732,
        "Ind22": -0.02152091599,
        "Induction": -0.01391610875,
        "InteractionEnergy": -0.23811858564,
        "delta HF,r (2)": 0.00337216131,
        "delta MP2,r (2)": 0.00217093982
    },
    "index": "0006",
    "jobtype": "SP",
    "logFile": "0006.log.gz",
    "method": "sapt2+3(ccd)dmp2-aug-cc-pvtz",
    "mols": [
        {
            "atoms": [
                {
                    "coords": [
                        0.0,
                        0.0,
                        -0.904940703849
                    ],
                    "elem": "Na"
                }
            ],
            "charge": 1,
            "compound": "sodium",
            "mult": 1
        },
        {
            "atoms": [
                {
                    "coords": [
                        0.0,
                        0.0,
                        1.095059296151
                    ],
                    "elem": "F"
                }
            ],
            "charge": -1,
            "compound": "fluoride",
            "mult": 1
        }
    ],
    "system": "sodium#fluoride"
}