{
    "energies": {
        "Disp2 (CCD)": -2.14904e-06,
        "Disp20": -2.5121100000000003e-06,
        "Disp21": 2.6373e-07,
        "Disp22 (S) (CCD)": -2.0912e-07,
        "Disp22 (SDQ)": -1.5983999999999998e-07,
        "Disp22 (T)": -3.8992e-07,
        "Disp22 (T) (CCD)": -3.7477e-07,
        "Dispersion": -2.7596500000000003e-06,
        "Electrostatics": -0.06715523768,
        "Elst10,r": -0.06715552285,
        "Elst12,r": -1.6281799999999998e-06,
        "Est. Disp22 (T)": -3.9642e-07,
        "Est. Disp22 (T) (CCD)": -3.8102999999999996e-07,
        "Exch-Disp20": 7.3e-10,
        "Exch-Ind20,r": 3.62e-08,
        "Exch-Ind22": 4.83e-09,
        "Exch10": 1.324e-08,
        "Exch10(S^2)": 1.324e-08,
        "Exch11(S^2)": -4.0000000000000004e-11,
        "Exch12(S^2)": 2.9450000000000002e-08,
        "Exchange": 4.265e-08,
        "Ind20,r": -0.0001280856,
        "Ind22": -1.708044e-05,
        "Induction": -0.00016150265,
        "InteractionEnergy": -0.06732137092000001,
        "delta HF,r (2)": -2.9288399999999996e-06,
        "delta MP2,r (2)": -1.347024e-05
    },
    "index": "0240",
    "jobtype": "SP",
    "logFile": "0240.log.gz",
    "method": "sapt2+3(ccd)dmp2-aug-cc-pvtz",
    "mols": [
        {
            "atoms": [
                {
                    "coords": [
                        0.0,
                        0.0,
                        -2.582849689712
                    ],
                    "elem": "K"
                }
            ],
            "charge": 1,
            "compound": "potassium",
            "mult": 1
        },
        {
            "atoms": [
                {
                    "coords": [
                        0.0,
                        0.0,
                        5.297150310288
                    ],
                    "elem": "F"
                }
            ],
            "charge": -1,
            "compound": "fluoride",
            "mult": 1
        }
    ],
    "system": "potassium#fluoride"
}