{
    "energies": {
        "Disp2 (CCD)": -2.722e-07,
        "Disp20": -3.7045e-07,
        "Disp21": 9.571e-08,
        "Disp22 (S) (CCD)": -8.199999999999999e-09,
        "Disp22 (SDQ)": -3.59e-09,
        "Disp22 (T)": -4.4669999999999996e-08,
        "Disp22 (T) (CCD)": -4.397e-08,
        "Dispersion": -3.2581e-07,
        "Electrostatics": -0.03888437443,
        "Elst10,r": -0.038884373459999996,
        "Elst12,r": 2.0293e-07,
        "Est. Disp22 (T)": -4.512e-08,
        "Est. Disp22 (T) (CCD)": -4.442e-08,
        "Exch-Disp20": 0.0,
        "Exch-Ind20,r": 9e-11,
        "Exch-Ind22": 1.0000000000000001e-11,
        "Exch10": 2.0000000000000002e-11,
        "Exch10(S^2)": 2.0000000000000002e-11,
        "Exch11(S^2)": -0.0,
        "Exch12(S^2)": 2.0000000000000002e-11,
        "Exchange": 3e-11,
        "Ind20,r": -4.8121869999999995e-05,
        "Ind22": -3.2368700000000003e-06,
        "Induction": 3.644714e-05,
        "InteractionEnergy": -0.03884804917,
        "delta HF,r (2)": 8.821083e-05,
        "delta MP2,r (2)": -4.0603e-07
    },
    "index": "0268",
    "jobtype": "SP",
    "logFile": "0268.log.gz",
    "method": "sapt2+3(ccd)dmp2-aug-cc-pvtz",
    "mols": [
        {
            "atoms": [
                {
                    "coords": [
                        0.0,
                        0.0,
                        -9.131552928239
                    ],
                    "elem": "K"
                }
            ],
            "charge": 1,
            "compound": "potassium",
            "mult": 1
        },
        {
            "atoms": [
                {
                    "coords": [
                        0.0,
                        0.0,
                        4.508447071761
                    ],
                    "elem": "Br"
                }
            ],
            "charge": -1,
            "compound": "bromide",
            "mult": 1
        }
    ],
    "system": "potassium#bromide"
}