{
    "energies": {
        "Disp2 (CCD)": -0.01408782179,
        "Disp20": -0.01764158202,
        "Disp21": 0.0031428484399999997,
        "Disp22 (S) (CCD)": -0.00027197673999999997,
        "Disp22 (SDQ)": 0.00016898276,
        "Disp22 (T)": -0.00157674594,
        "Disp22 (T) (CCD)": -0.00158606322,
        "Dispersion": -0.010794965469999999,
        "Electrostatics": -0.26352819914000003,
        "Elst10,r": -0.26201002526,
        "Elst12,r": -0.00173351564,
        "Est. Disp22 (T)": -0.00167531687,
        "Est. Disp22 (T) (CCD)": -0.0016852166200000001,
        "Exch-Disp20": 0.006217026289999999,
        "Exch-Ind20,r": 0.28509266745999995,
        "Exch-Ind22": 0.02087947149,
        "Exch10": 0.15073342341,
        "Exch10(S^2)": 0.14246798378,
        "Exch11(S^2)": -0.00315099792,
        "Exch12(S^2)": 0.00306847935,
        "Exchange": 0.15065090485,
        "Ind20,r": -0.33791704592000005,
        "Ind22": -0.024748196400000002,
        "Induction": -0.02470554206,
        "InteractionEnergy": -0.14879803972,
        "delta HF,r (2)": 0.022426682540000003,
        "delta MP2,r (2)": 0.00838900602
    },
    "index": "0206",
    "jobtype": "SP",
    "logFile": "0206.log.gz",
    "method": "sapt2+3(ccd)dmp2-aug-cc-pvtz",
    "mols": [
        {
            "atoms": [
                {
                    "coords": [
                        0.0,
                        0.0,
                        -1.646892976794
                    ],
                    "elem": "K"
                }
            ],
            "charge": 1,
            "compound": "potassium",
            "mult": 1
        },
        {
            "atoms": [
                {
                    "coords": [
                        0.0,
                        0.0,
                        0.813107023206
                    ],
                    "elem": "Br"
                }
            ],
            "charge": -1,
            "compound": "bromide",
            "mult": 1
        }
    ],
    "system": "potassium#bromide"
}