{
    "energies": {
        "Disp2 (CCD)": -1.65525e-06,
        "Disp20": -1.93666e-06,
        "Disp21": 2.0519e-07,
        "Disp22 (S) (CCD)": -1.5689999999999998e-07,
        "Disp22 (SDQ)": -1.1605e-07,
        "Disp22 (T)": -3.0137e-07,
        "Disp22 (T) (CCD)": -2.8949e-07,
        "Dispersion": -2.11718e-06,
        "Electrostatics": -0.06437670223000001,
        "Elst10,r": -0.06437718637999999,
        "Elst12,r": 2.3439000000000002e-07,
        "Est. Disp22 (T)": -3.0552e-07,
        "Est. Disp22 (T) (CCD)": -2.9348e-07,
        "Exch-Disp20": 2.9e-10,
        "Exch-Ind20,r": 1.35e-08,
        "Exch-Ind22": 1.75e-09,
        "Exch10": 5.92e-09,
        "Exch10(S^2)": 5.92e-09,
        "Exch11(S^2)": 1.0000000000000001e-11,
        "Exch12(S^2)": 1.316e-08,
        "Exchange": 1.908e-08,
        "Ind20,r": -0.00010763164999999999,
        "Ind22": -1.393828e-05,
        "Induction": -0.0001344805,
        "InteractionEnergy": -0.06451353072,
        "delta HF,r (2)": -2.29899e-06,
        "delta MP2,r (2)": -1.06388e-05
    },
    "index": "0242",
    "jobtype": "SP",
    "logFile": "0242.log.gz",
    "method": "sapt2+3(ccd)dmp2-aug-cc-pvtz",
    "mols": [
        {
            "atoms": [
                {
                    "coords": [
                        0.0,
                        0.0,
                        -2.694292442821
                    ],
                    "elem": "K"
                }
            ],
            "charge": 1,
            "compound": "potassium",
            "mult": 1
        },
        {
            "atoms": [
                {
                    "coords": [
                        0.0,
                        0.0,
                        5.525707557178
                    ],
                    "elem": "F"
                }
            ],
            "charge": -1,
            "compound": "fluoride",
            "mult": 1
        }
    ],
    "system": "potassium#fluoride"
}