{
    "energies": {
        "Disp2 (CCD)": -1.1414e-07,
        "Disp20": -1.2144e-07,
        "Disp21": 4.91e-09,
        "Disp22 (S) (CCD)": -3.69e-09,
        "Disp22 (SDQ)": -6e-10,
        "Disp22 (T)": -9.96e-09,
        "Disp22 (T) (CCD)": -1.086e-08,
        "Dispersion": -1.3111000000000001e-07,
        "Electrostatics": -0.0624051885,
        "Elst10,r": -0.06240302483,
        "Elst12,r": -4.10302e-06,
        "Est. Disp22 (T)": -1.0349999999999998e-08,
        "Est. Disp22 (T) (CCD)": -1.129e-08,
        "Exch-Disp20": 6e-11,
        "Exch-Ind20,r": 1.282e-08,
        "Exch-Ind22": 1.08e-09,
        "Exch10": 4.16e-09,
        "Exch10(S^2)": 4.16e-09,
        "Exch11(S^2)": -0.0,
        "Exch12(S^2)": 1.16e-09,
        "Exchange": 5.3299999999999996e-09,
        "Ind20,r": -0.00020762618999999998,
        "Ind22": -1.753784e-05,
        "Induction": -0.00025535790000000004,
        "InteractionEnergy": -0.06266261155,
        "delta HF,r (2)": -8.39571e-06,
        "delta MP2,r (2)": -2.181413e-05
    },
    "index": "0253",
    "jobtype": "SP",
    "logFile": "0253.log.gz",
    "method": "sapt2+3(ccd)dmp2-aug-cc-pvtz",
    "mols": [
        {
            "atoms": [
                {
                    "coords": [
                        0.0,
                        0.0,
                        -7.06292454369
                    ],
                    "elem": "Li"
                }
            ],
            "charge": 1,
            "compound": "lithium",
            "mult": 1
        },
        {
            "atoms": [
                {
                    "coords": [
                        0.0,
                        0.0,
                        1.41707545631
                    ],
                    "elem": "Cl"
                }
            ],
            "charge": -1,
            "compound": "chloride",
            "mult": 1
        }
    ],
    "system": "lithium#chloride"
}