{
    "energies": {
        "Disp2 (CCD)": -2.4004e-07,
        "Disp20": -2.4847e-07,
        "Disp21": 4.840000000000001e-09,
        "Disp22 (S) (CCD)": -1.6399999999999998e-08,
        "Disp22 (SDQ)": -1.104e-08,
        "Disp22 (T)": -2.666e-08,
        "Disp22 (T) (CCD)": -2.8560000000000002e-08,
        "Dispersion": -2.8837e-07,
        "Electrostatics": -0.058281889049999994,
        "Elst10,r": -0.05827966485,
        "Elst12,r": -3.9768700000000004e-06,
        "Est. Disp22 (T)": -2.7379999999999998e-08,
        "Est. Disp22 (T) (CCD)": -2.933e-08,
        "Exch-Disp20": 2.0000000000000002e-11,
        "Exch-Ind20,r": 8.559999999999999e-09,
        "Exch-Ind22": 7.3e-10,
        "Exch10": 1.87e-09,
        "Exch10(S^2)": 1.87e-09,
        "Exch11(S^2)": -2.0000000000000002e-11,
        "Exch12(S^2)": -1.41e-09,
        "Exchange": 4.4000000000000003e-10,
        "Ind20,r": -0.00015940133,
        "Ind22": -1.353498e-05,
        "Induction": -0.00018634867,
        "InteractionEnergy": -0.05847027835,
        "delta HF,r (2)": -3.88005e-06,
        "delta MP2,r (2)": -9.54424e-06
    },
    "index": "0250",
    "jobtype": "SP",
    "logFile": "0250.log.gz",
    "method": "sapt2+3(ccd)dmp2-aug-cc-pvtz",
    "mols": [
        {
            "atoms": [
                {
                    "coords": [
                        0.0,
                        0.0,
                        -5.478342507001
                    ],
                    "elem": "Na"
                }
            ],
            "charge": 1,
            "compound": "sodium",
            "mult": 1
        },
        {
            "atoms": [
                {
                    "coords": [
                        0.0,
                        0.0,
                        3.601657492999
                    ],
                    "elem": "Cl"
                }
            ],
            "charge": -1,
            "compound": "chloride",
            "mult": 1
        }
    ],
    "system": "sodium#chloride"
}