{
    "energies": {
        "Disp2 (CCD)": -4.4307999999999997e-07,
        "Disp20": -5.2007e-07,
        "Disp21": 5.68e-08,
        "Disp22 (S) (CCD)": -3.9789999999999994e-08,
        "Disp22 (SDQ)": -2.755e-08,
        "Disp22 (T)": -8.118e-08,
        "Disp22 (T) (CCD)": -7.786e-08,
        "Dispersion": -5.6229e-07,
        "Electrostatics": -0.05187883762,
        "Elst10,r": -0.05187951723,
        "Elst12,r": 2.7744100000000003e-06,
        "Est. Disp22 (T)": -8.191e-08,
        "Est. Disp22 (T) (CCD)": -7.856e-08,
        "Exch-Disp20": 4.9999999999999995e-11,
        "Exch-Ind20,r": 2.83e-09,
        "Exch-Ind22": 3.3999999999999996e-10,
        "Exch10": 6.9e-10,
        "Exch10(S^2)": 6.9e-10,
        "Exch11(S^2)": -1.0000000000000001e-11,
        "Exch12(S^2)": 2.55e-09,
        "Exchange": 3.23e-09,
        "Ind20,r": -4.484603e-05,
        "Ind22": -5.43026e-06,
        "Induction": -5.58884e-05,
        "InteractionEnergy": -0.05193319028,
        "delta HF,r (2)": -8.9452e-07,
        "delta MP2,r (2)": -4.721689999999999e-06
    },
    "index": "0254",
    "jobtype": "SP",
    "logFile": "0254.log.gz",
    "method": "sapt2+3(ccd)dmp2-aug-cc-pvtz",
    "mols": [
        {
            "atoms": [
                {
                    "coords": [
                        0.0,
                        0.0,
                        -3.343282593282
                    ],
                    "elem": "K"
                }
            ],
            "charge": 1,
            "compound": "potassium",
            "mult": 1
        },
        {
            "atoms": [
                {
                    "coords": [
                        0.0,
                        0.0,
                        6.856717406718
                    ],
                    "elem": "F"
                }
            ],
            "charge": -1,
            "compound": "fluoride",
            "mult": 1
        }
    ],
    "system": "potassium#fluoride"
}