{
    "energies": {
        "Disp2 (CCD)": -5.4439e-07,
        "Disp20": -6.3873e-07,
        "Disp21": 6.951e-08,
        "Disp22 (S) (CCD)": -4.905e-08,
        "Disp22 (SDQ)": -3.408e-08,
        "Disp22 (T)": -9.971000000000001e-08,
        "Disp22 (T) (CCD)": -9.565e-08,
        "Dispersion": -6.9118e-07,
        "Electrostatics": -0.05366782135,
        "Elst10,r": -0.053668512909999994,
        "Elst12,r": 2.74253e-06,
        "Est. Disp22 (T)": -1.0062e-07,
        "Est. Disp22 (T) (CCD)": -9.652000000000001e-08,
        "Exch-Disp20": 6e-11,
        "Exch-Ind20,r": 3e-09,
        "Exch-Ind22": 3.7e-10,
        "Exch10": 7.7e-10,
        "Exch10(S^2)": 7.7e-10,
        "Exch11(S^2)": -1.0000000000000001e-11,
        "Exch12(S^2)": 2.96e-09,
        "Exchange": 3.73e-09,
        "Ind20,r": -5.141367e-05,
        "Ind22": -6.2578699999999994e-06,
        "Induction": -6.382585e-05,
        "InteractionEnergy": -0.05373028368,
        "delta HF,r (2)": -9.729800000000001e-07,
        "delta MP2,r (2)": -5.1859799999999994e-06
    },
    "index": "0252",
    "jobtype": "SP",
    "logFile": "0252.log.gz",
    "method": "sapt2+3(ccd)dmp2-aug-cc-pvtz",
    "mols": [
        {
            "atoms": [
                {
                    "coords": [
                        0.0,
                        0.0,
                        -3.231839840173
                    ],
                    "elem": "K"
                }
            ],
            "charge": 1,
            "compound": "potassium",
            "mult": 1
        },
        {
            "atoms": [
                {
                    "coords": [
                        0.0,
                        0.0,
                        6.628160159827
                    ],
                    "elem": "F"
                }
            ],
            "charge": -1,
            "compound": "fluoride",
            "mult": 1
        }
    ],
    "system": "potassium#fluoride"
}