{
    "energies": {
        "Disp2 (CCD)": -0.00037330457000000003,
        "Disp20": -0.00036299553,
        "Disp21": -1.437782e-05,
        "Disp22 (S) (CCD)": -2.4144909999999997e-05,
        "Disp22 (SDQ)": -1.782824e-05,
        "Disp22 (T)": -2.807159e-05,
        "Disp22 (T) (CCD)": -3.1445399999999995e-05,
        "Dispersion": -0.00042369335,
        "Electrostatics": -0.1673961868,
        "Elst10,r": -0.16726772801,
        "Elst12,r": -0.00016526106,
        "Est. Disp22 (T)": -3.381666e-05,
        "Est. Disp22 (T) (CCD)": -3.788094e-05,
        "Exch-Disp20": 7.114188000000001e-05,
        "Exch-Ind20,r": 0.0148605168,
        "Exch-Ind22": 0.0014441454000000001,
        "Exch10": 0.00653555728,
        "Exch10(S^2)": 0.0065243943700000005,
        "Exch11(S^2)": -7.189086e-05,
        "Exch12(S^2)": 0.00061810659,
        "Exchange": 0.007081773,
        "Ind20,r": -0.03086991956,
        "Ind22": -0.00299993957,
        "Induction": -0.015989466350000002,
        "InteractionEnergy": -0.17676935275,
        "delta HF,r (2)": 0.0010835732499999999,
        "delta MP2,r (2)": 0.00042767553
    },
    "index": "0212",
    "jobtype": "SP",
    "logFile": "0212.log.gz",
    "method": "sapt2+3(ccd)dmp2-aug-cc-pvtz",
    "mols": [
        {
            "atoms": [
                {
                    "coords": [
                        0.0,
                        0.0,
                        -2.462613831681
                    ],
                    "elem": "Na"
                }
            ],
            "charge": 1,
            "compound": "sodium",
            "mult": 1
        },
        {
            "atoms": [
                {
                    "coords": [
                        0.0,
                        0.0,
                        0.717386168319
                    ],
                    "elem": "Br"
                }
            ],
            "charge": -1,
            "compound": "bromide",
            "mult": 1
        }
    ],
    "system": "sodium#bromide"
}