{
    "energies": {
        "Disp2 (CCD)": -1.748e-08,
        "Disp20": -1.665e-08,
        "Disp21": -1.16e-09,
        "Disp22 (S) (CCD)": -1.46e-09,
        "Disp22 (SDQ)": -1.24e-09,
        "Disp22 (T)": -1.79e-09,
        "Disp22 (T) (CCD)": -1.81e-09,
        "Dispersion": -2.084e-08,
        "Electrostatics": -0.05356211763,
        "Elst10,r": -0.05356165662,
        "Elst12,r": -4.34283e-06,
        "Est. Disp22 (T)": -1.83e-09,
        "Est. Disp22 (T) (CCD)": -1.86e-09,
        "Exch-Disp20": -0.0,
        "Exch-Ind20,r": 2.7e-10,
        "Exch-Ind22": 6e-11,
        "Exch10": 2.0000000000000002e-11,
        "Exch10(S^2)": 2.0000000000000002e-11,
        "Exch11(S^2)": 0.0,
        "Exch12(S^2)": 3.7e-10,
        "Exchange": 3.9000000000000005e-10,
        "Ind20,r": -3.073762e-05,
        "Ind22": -6.69023e-06,
        "Induction": -4.013519e-05,
        "InteractionEnergy": -0.05360615509,
        "delta HF,r (2)": -1.3333e-07,
        "delta MP2,r (2)": -2.5743799999999997e-06
    },
    "index": "0269",
    "jobtype": "SP",
    "logFile": "0269.log.gz",
    "method": "sapt2+3(ccd)dmp2-aug-cc-pvtz",
    "mols": [
        {
            "atoms": [
                {
                    "coords": [
                        0.0,
                        0.0,
                        -7.21539515157
                    ],
                    "elem": "Li"
                }
            ],
            "charge": 1,
            "compound": "lithium",
            "mult": 1
        },
        {
            "atoms": [
                {
                    "coords": [
                        0.0,
                        0.0,
                        2.66460484843
                    ],
                    "elem": "F"
                }
            ],
            "charge": -1,
            "compound": "fluoride",
            "mult": 1
        }
    ],
    "system": "lithium#fluoride"
}