{
    "energies": {
        "Disp2 (CCD)": -0.004817215840000001,
        "Disp20": -0.00482606441,
        "Disp21": 7.32658e-06,
        "Disp22 (S) (CCD)": -0.00022365676,
        "Disp22 (SDQ)": -0.00027755524,
        "Disp22 (T)": -0.00029256362000000004,
        "Disp22 (T) (CCD)": -0.00028651691,
        "Dispersion": -0.0069296847,
        "Electrostatics": -0.38409284788000003,
        "Elst10,r": -0.38854906561,
        "Elst12,r": 0.01308342036,
        "Est. Disp22 (T)": -0.00036364755,
        "Est. Disp22 (T) (CCD)": -0.00035613168000000003,
        "Exch-Disp20": 0.00030841656,
        "Exch-Ind20,r": 0.09700934822000001,
        "Exch-Ind22": 0.015481352019999998,
        "Exch10": 0.19013375966999999,
        "Exch10(S^2)": 0.18174894612,
        "Exch11(S^2)": -0.00192327832,
        "Exch12(S^2)": 0.01220435538,
        "Exchange": 0.20041483673,
        "Ind20,r": -0.1324902602,
        "Ind22": -0.021143615480000003,
        "Induction": -0.06824473926,
        "InteractionEnergy": -0.25019308956,
        "delta HF,r (2)": -0.027593586110000002,
        "delta MP2,r (2)": -0.00131693177
    },
    "index": "0000",
    "jobtype": "SP",
    "logFile": "0000.log.gz",
    "method": "sapt2+3(ccd)dmp2-aug-cc-pvtz",
    "mols": [
        {
            "atoms": [
                {
                    "coords": [
                        0.0,
                        0.0,
                        -0.949394098891
                    ],
                    "elem": "Li"
                }
            ],
            "charge": 1,
            "compound": "lithium",
            "mult": 1
        },
        {
            "atoms": [
                {
                    "coords": [
                        0.0,
                        0.0,
                        0.350605901109
                    ],
                    "elem": "F"
                }
            ],
            "charge": -1,
            "compound": "fluoride",
            "mult": 1
        }
    ],
    "system": "lithium#fluoride"
}