{
    "energies": {
        "Disp2 (CCD)": -0.0024283306599999998,
        "Disp20": -0.00241478426,
        "Disp21": -6.690593000000001e-05,
        "Disp22 (S) (CCD)": -3.729375e-05,
        "Disp22 (SDQ)": 1.452975e-05,
        "Disp22 (T)": -0.00012522485,
        "Disp22 (T) (CCD)": -0.00014299706000000002,
        "Dispersion": -0.0032114932199999997,
        "Electrostatics": -0.26688850251999996,
        "Elst10,r": -0.26844789474999997,
        "Elst12,r": 0.00253255774,
        "Est. Disp22 (T)": -0.00014845386,
        "Est. Disp22 (T) (CCD)": -0.00016952279,
        "Exch-Disp20": 0.00036468561,
        "Exch-Ind20,r": 0.0711129995,
        "Exch-Ind22": 0.00416041147,
        "Exch10": 0.08269766778,
        "Exch10(S^2)": 0.08100556050999999,
        "Exch11(S^2)": -0.00127370605,
        "Exch12(S^2)": 0.00161624649,
        "Exchange": 0.08304020822,
        "Ind20,r": -0.11103131606,
        "Ind22": -0.0064958019599999995,
        "Induction": -0.04878017844,
        "InteractionEnergy": -0.23487325732,
        "delta HF,r (2)": -0.00983858644,
        "delta MP2,r (2)": 0.0023646265400000003
    },
    "index": "0002",
    "jobtype": "SP",
    "logFile": "0002.log.gz",
    "method": "sapt2+3(ccd)dmp2-aug-cc-pvtz",
    "mols": [
        {
            "atoms": [
                {
                    "coords": [
                        0.0,
                        0.0,
                        -1.549179204158
                    ],
                    "elem": "Li"
                }
            ],
            "charge": 1,
            "compound": "lithium",
            "mult": 1
        },
        {
            "atoms": [
                {
                    "coords": [
                        0.0,
                        0.0,
                        0.310820795842
                    ],
                    "elem": "Cl"
                }
            ],
            "charge": -1,
            "compound": "chloride",
            "mult": 1
        }
    ],
    "system": "lithium#chloride"
}