{
    "energies": {
        "Disp2 (CCD)": -0.00212417424,
        "Disp20": -0.00215777512,
        "Disp21": 1.3350599999999999e-06,
        "Disp22 (S) (CCD)": -0.00010984025,
        "Disp22 (SDQ)": -6.950402999999999e-05,
        "Disp22 (T)": -0.00015382287,
        "Disp22 (T) (CCD)": -0.00016872563,
        "Dispersion": -0.00168066929,
        "Electrostatics": -0.24257393647999997,
        "Elst10,r": -0.24232191241999998,
        "Elst12,r": -5.704233e-05,
        "Est. Disp22 (T)": -0.0001877522,
        "Est. Disp22 (T) (CCD)": -0.00020594212,
        "Exch-Disp20": 0.00078459536,
        "Exch-Ind20,r": 0.1323141135,
        "Exch-Ind22": 0.00869968218,
        "Exch10": 0.07881456077,
        "Exch10(S^2)": 0.07735344121,
        "Exch11(S^2)": -0.0016845515200000002,
        "Exch12(S^2)": 0.00282797608,
        "Exchange": 0.07995798533,
        "Ind20,r": -0.16609843028000001,
        "Ind22": -0.01092100847,
        "Induction": -0.023969567990000003,
        "InteractionEnergy": -0.18811832085,
        "delta HF,r (2)": 0.00964594301,
        "delta MP2,r (2)": 0.0023177098799999998
    },
    "index": "0002",
    "jobtype": "SP",
    "logFile": "0002.log.gz",
    "method": "sapt2+3(ccd)dmp2-aug-cc-pvtz",
    "mols": [
        {
            "atoms": [
                {
                    "coords": [
                        0.0,
                        0.0,
                        -1.781135790209
                    ],
                    "elem": "Na"
                }
            ],
            "charge": 1,
            "compound": "sodium",
            "mult": 1
        },
        {
            "atoms": [
                {
                    "coords": [
                        0.0,
                        0.0,
                        0.518864209791
                    ],
                    "elem": "Br"
                }
            ],
            "charge": -1,
            "compound": "bromide",
            "mult": 1
        }
    ],
    "system": "sodium#bromide"
}