{
    "energies": {
        "Disp2 (CCD)": -0.00125441221,
        "Disp20": -0.0012335884,
        "Disp21": -4.521537e-05,
        "Disp22 (S) (CCD)": -2.717636e-05,
        "Disp22 (SDQ)": -1.46672e-06,
        "Disp22 (T)": -6.754703e-05,
        "Disp22 (T) (CCD)": -7.757717e-05,
        "Dispersion": -0.0015791766599999998,
        "Electrostatics": -0.22855493526999998,
        "Elst10,r": -0.22914777852,
        "Elst12,r": 0.0009503526,
        "Est. Disp22 (T)": -7.819526e-05,
        "Est. Disp22 (T) (CCD)": -8.980656e-05,
        "Exch-Disp20": 0.00024494558999999997,
        "Exch-Ind20,r": 0.04384242255,
        "Exch-Ind22": 0.0028424647099999996,
        "Exch10": 0.03972709216,
        "Exch10(S^2)": 0.03933280296,
        "Exch11(S^2)": -0.00059879503,
        "Exch12(S^2)": 0.00137538417,
        "Exchange": 0.0405036813,
        "Ind20,r": -0.08110087009,
        "Ind22": -0.0052580662299999996,
        "Induction": -0.040563452050000004,
        "InteractionEnergy": -0.22984888874999998,
        "delta HF,r (2)": -0.0027500357599999996,
        "delta MP2,r (2)": 0.0013953902199999998
    },
    "index": "0008",
    "jobtype": "SP",
    "logFile": "0008.log.gz",
    "method": "sapt2+3(ccd)dmp2-aug-cc-pvtz",
    "mols": [
        {
            "atoms": [
                {
                    "coords": [
                        0.0,
                        0.0,
                        -2.038750834167
                    ],
                    "elem": "Li"
                }
            ],
            "charge": 1,
            "compound": "lithium",
            "mult": 1
        },
        {
            "atoms": [
                {
                    "coords": [
                        0.0,
                        0.0,
                        0.181249165833
                    ],
                    "elem": "Br"
                }
            ],
            "charge": -1,
            "compound": "bromide",
            "mult": 1
        }
    ],
    "system": "lithium#bromide"
}