{
    "energies": {
        "Disp2 (CCD)": -0.0052778123,
        "Disp20": -0.00654756475,
        "Disp21": 0.0011013268,
        "Disp22 (S) (CCD)": -0.0001466169,
        "Disp22 (SDQ)": 2.899449e-05,
        "Disp22 (T)": -0.00060288129,
        "Disp22 (T) (CCD)": -0.00061630654,
        "Dispersion": -0.0048808323199999995,
        "Electrostatics": -0.191476026,
        "Elst10,r": -0.19071004511999998,
        "Elst12,r": -0.0009631718,
        "Est. Disp22 (T)": -0.00068410523,
        "Est. Disp22 (T) (CCD)": -0.0006993392200000001,
        "Exch-Disp20": 0.00195105472,
        "Exch-Ind20,r": 0.08629269007000001,
        "Exch-Ind22": 0.00811078932,
        "Exch10": 0.038461777259999996,
        "Exch10(S^2)": 0.03783084732,
        "Exch11(S^2)": -0.00046733541,
        "Exch12(S^2)": 0.0018362665,
        "Exchange": 0.03983070835,
        "Ind20,r": -0.1057196161,
        "Ind22": -0.00993675748,
        "Induction": -0.01685331977,
        "InteractionEnergy": -0.17361133792,
        "delta HF,r (2)": 0.0019410496100000002,
        "delta MP2,r (2)": 0.0017157289200000001
    },
    "index": "0007",
    "jobtype": "SP",
    "logFile": "0007.log.gz",
    "method": "sapt2+3(ccd)dmp2-aug-cc-pvtz",
    "mols": [
        {
            "atoms": [
                {
                    "coords": [
                        0.0,
                        0.0,
                        -1.974932634773
                    ],
                    "elem": "K"
                }
            ],
            "charge": 1,
            "compound": "potassium",
            "mult": 1
        },
        {
            "atoms": [
                {
                    "coords": [
                        0.0,
                        0.0,
                        0.975067365227
                    ],
                    "elem": "Br"
                }
            ],
            "charge": -1,
            "compound": "bromide",
            "mult": 1
        }
    ],
    "system": "potassium#bromide"
}