{
    "energies": {
        "Disp2 (CCD)": -0.01242131356,
        "Disp20": -0.01549403365,
        "Disp21": 0.0026562200599999997,
        "Disp22 (S) (CCD)": -0.00023990871,
        "Disp22 (SDQ)": 0.00018288338,
        "Disp22 (T)": -0.00140508866,
        "Disp22 (T) (CCD)": -0.0014110391200000002,
        "Dispersion": -0.009644788809999999,
        "Electrostatics": -0.26141698149000003,
        "Elst10,r": -0.25967718916,
        "Elst12,r": -0.00215128951,
        "Est. Disp22 (T)": -0.00156682559,
        "Est. Disp22 (T) (CCD)": -0.00157346101,
        "Exch-Disp20": 0.00524802629,
        "Exch-Ind20,r": 0.22574874706,
        "Exch-Ind22": 0.019526075020000002,
        "Exch10": 0.12718606012,
        "Exch10(S^2)": 0.12122774542,
        "Exch11(S^2)": -0.0020318856400000002,
        "Exch12(S^2)": 0.0032680706100000003,
        "Exchange": 0.12842224509,
        "Ind20,r": -0.26691776127000005,
        "Ind22": -0.02308697744,
        "Induction": -0.023558666869999998,
        "InteractionEnergy": -0.16675017014,
        "delta HF,r (2)": 0.012538698610000001,
        "delta MP2,r (2)": 0.00783393843
    },
    "index": "0000",
    "jobtype": "SP",
    "logFile": "0000.log.gz",
    "method": "sapt2+3(ccd)dmp2-aug-cc-pvtz",
    "mols": [
        {
            "atoms": [
                {
                    "coords": [
                        0.0,
                        0.0,
                        -1.135159493744
                    ],
                    "elem": "K"
                }
            ],
            "charge": 1,
            "compound": "potassium",
            "mult": 1
        },
        {
            "atoms": [
                {
                    "coords": [
                        0.0,
                        0.0,
                        1.264840506256
                    ],
                    "elem": "Cl"
                }
            ],
            "charge": -1,
            "compound": "chloride",
            "mult": 1
        }
    ],
    "system": "potassium#chloride"
}