{
    "energies": {
        "Disp2 (CCD)": -1.4148000000000002e-07,
        "Disp20": -1.3413e-07,
        "Disp21": -1.001e-08,
        "Disp22 (S) (CCD)": -1.4379999999999999e-08,
        "Disp22 (SDQ)": -1.383e-08,
        "Disp22 (T)": -1.393e-08,
        "Disp22 (T) (CCD)": -1.416e-08,
        "Dispersion": -1.7342e-07,
        "Electrostatics": -0.07517516019,
        "Elst10,r": -0.07517294827000001,
        "Elst12,r": -3.0742180000000004e-05,
        "Est. Disp22 (T)": -1.475e-08,
        "Est. Disp22 (T) (CCD)": -1.499e-08,
        "Exch-Disp20": 1.2e-10,
        "Exch-Ind20,r": 2.323e-08,
        "Exch-Ind22": 6.22e-09,
        "Exch10": 9.150000000000001e-09,
        "Exch10(S^2)": 9.150000000000001e-09,
        "Exch11(S^2)": -1.0000000000000001e-11,
        "Exch12(S^2)": 1.492e-08,
        "Exchange": 2.4070000000000003e-08,
        "Ind20,r": -0.00013111958,
        "Ind22": -3.512229e-05,
        "Induction": -0.00020837662000000001,
        "InteractionEnergy": -0.07541221645,
        "delta HF,r (2)": -6.4214399999999995e-06,
        "delta MP2,r (2)": -3.5745480000000004e-05
    },
    "index": "0247",
    "jobtype": "SP",
    "logFile": "0247.log.gz",
    "method": "sapt2+3(ccd)dmp2-aug-cc-pvtz",
    "mols": [
        {
            "atoms": [
                {
                    "coords": [
                        0.0,
                        0.0,
                        -5.14133419707
                    ],
                    "elem": "Li"
                }
            ],
            "charge": 1,
            "compound": "lithium",
            "mult": 1
        },
        {
            "atoms": [
                {
                    "coords": [
                        0.0,
                        0.0,
                        1.89866580293
                    ],
                    "elem": "F"
                }
            ],
            "charge": -1,
            "compound": "fluoride",
            "mult": 1
        }
    ],
    "system": "lithium#fluoride"
}