{
    "energies": {
        "Disp2 (CCD)": -1.24271e-06,
        "Disp20": -1.65511e-06,
        "Disp21": 3.8705e-07,
        "Disp22 (S) (CCD)": -3.183e-08,
        "Disp22 (SDQ)": -6.400000000000001e-10,
        "Disp22 (T)": -2.0521e-07,
        "Disp22 (T) (CCD)": -2.0362e-07,
        "Dispersion": -1.48866e-06,
        "Electrostatics": -0.05208581514,
        "Elst10,r": -0.05208590331,
        "Elst12,r": 2.6689e-07,
        "Est. Disp22 (T)": -2.0743e-07,
        "Est. Disp22 (T) (CCD)": -2.0582e-07,
        "Exch-Disp20": 4.0000000000000004e-11,
        "Exch-Ind20,r": 1.9e-09,
        "Exch-Ind22": 1.2e-10,
        "Exch10": 7.4e-10,
        "Exch10(S^2)": 7.4e-10,
        "Exch11(S^2)": 0.0,
        "Exch12(S^2)": 3.9000000000000005e-10,
        "Exchange": 1.13e-09,
        "Ind20,r": -0.00011482712,
        "Ind22": -7.493760000000001e-06,
        "Induction": -0.00012466472,
        "InteractionEnergy": -0.05221178871,
        "delta HF,r (2)": 4.5464e-07,
        "delta MP2,r (2)": -2.80888e-06
    },
    "index": "0250",
    "jobtype": "SP",
    "logFile": "0250.log.gz",
    "method": "sapt2+3(ccd)dmp2-aug-cc-pvtz",
    "mols": [
        {
            "atoms": [
                {
                    "coords": [
                        0.0,
                        0.0,
                        -4.805508523516
                    ],
                    "elem": "K"
                }
            ],
            "charge": 1,
            "compound": "potassium",
            "mult": 1
        },
        {
            "atoms": [
                {
                    "coords": [
                        0.0,
                        0.0,
                        5.354491476484
                    ],
                    "elem": "Cl"
                }
            ],
            "charge": -1,
            "compound": "chloride",
            "mult": 1
        }
    ],
    "system": "potassium#chloride"
}