{
    "energies": {
        "Disp2 (CCD)": -1.5809199999999999e-06,
        "Disp20": -2.1390599999999997e-06,
        "Disp21": 5.4142e-07,
        "Disp22 (S) (CCD)": -4.821e-08,
        "Disp22 (SDQ)": -2.025e-08,
        "Disp22 (T)": -2.5706999999999996e-07,
        "Disp22 (T) (CCD)": -2.5392e-07,
        "Dispersion": -1.9016199999999998e-06,
        "Electrostatics": -0.05191172459,
        "Elst10,r": -0.05191154993,
        "Elst12,r": 2.47e-08,
        "Est. Disp22 (T)": -2.6002e-07,
        "Est. Disp22 (T) (CCD)": -2.5683e-07,
        "Exch-Disp20": 9.999999999999999e-11,
        "Exch-Ind20,r": 5.48e-09,
        "Exch-Ind22": 3.7e-10,
        "Exch10": 1.65e-09,
        "Exch10(S^2)": 1.65e-09,
        "Exch11(S^2)": -0.0,
        "Exch12(S^2)": 9.1e-10,
        "Exchange": 2.5600000000000003e-09,
        "Ind20,r": -0.00015424912,
        "Ind22": -1.046248e-05,
        "Induction": -3.534042e-05,
        "InteractionEnergy": -0.051948764769999996,
        "delta HF,r (2)": 0.00013109272,
        "delta MP2,r (2)": -1.74322e-06
    },
    "index": "0249",
    "jobtype": "SP",
    "logFile": "0249.log.gz",
    "method": "sapt2+3(ccd)dmp2-aug-cc-pvtz",
    "mols": [
        {
            "atoms": [
                {
                    "coords": [
                        0.0,
                        0.0,
                        -6.841970009282
                    ],
                    "elem": "K"
                }
            ],
            "charge": 1,
            "compound": "potassium",
            "mult": 1
        },
        {
            "atoms": [
                {
                    "coords": [
                        0.0,
                        0.0,
                        3.378029990718
                    ],
                    "elem": "Br"
                }
            ],
            "charge": -1,
            "compound": "bromide",
            "mult": 1
        }
    ],
    "system": "potassium#bromide"
}