{
    "energies": {
        "Disp2 (CCD)": -1.3980000000000002e-07,
        "Disp20": -1.6436e-07,
        "Disp21": 1.8219999999999997e-08,
        "Disp22 (S) (CCD)": -1.238e-08,
        "Disp22 (SDQ)": -8.42e-09,
        "Disp22 (T)": -2.564e-08,
        "Disp22 (T) (CCD)": -2.458e-08,
        "Dispersion": -1.7709e-07,
        "Electrostatics": -0.04288196793,
        "Elst10,r": -0.04288253085,
        "Elst12,r": 2.40957e-06,
        "Est. Disp22 (T)": -2.586e-08,
        "Est. Disp22 (T) (CCD)": -2.4790000000000002e-08,
        "Exch-Disp20": 1.0000000000000001e-11,
        "Exch-Ind20,r": 2.9e-10,
        "Exch-Ind22": 3e-11,
        "Exch10": 7e-11,
        "Exch10(S^2)": 7e-11,
        "Exch11(S^2)": -0.0,
        "Exch12(S^2)": 2.2000000000000002e-10,
        "Exchange": 2.9e-10,
        "Ind20,r": -2.085623e-05,
        "Ind22": -2.489e-06,
        "Induction": -2.706252e-05,
        "InteractionEnergy": -0.0429073606,
        "delta HF,r (2)": -5.881e-07,
        "delta MP2,r (2)": -3.1296499999999998e-06
    },
    "index": "0267",
    "jobtype": "SP",
    "logFile": "0267.log.gz",
    "method": "sapt2+3(ccd)dmp2-aug-cc-pvtz",
    "mols": [
        {
            "atoms": [
                {
                    "coords": [
                        0.0,
                        0.0,
                        -4.044716392265
                    ],
                    "elem": "K"
                }
            ],
            "charge": 1,
            "compound": "potassium",
            "mult": 1
        },
        {
            "atoms": [
                {
                    "coords": [
                        0.0,
                        0.0,
                        8.295283607735
                    ],
                    "elem": "F"
                }
            ],
            "charge": -1,
            "compound": "fluoride",
            "mult": 1
        }
    ],
    "system": "potassium#fluoride"
}