{
    "energies": {
        "Disp2 (CCD)": -0.0015316855599999998,
        "Disp20": -0.00153865754,
        "Disp21": -1.4829129999999999e-05,
        "Disp22 (S) (CCD)": -8.094938e-05,
        "Disp22 (SDQ)": -5.279194e-05,
        "Disp22 (T)": -0.00011354453999999999,
        "Disp22 (T) (CCD)": -0.00012484466,
        "Dispersion": -0.00134263443,
        "Electrostatics": -0.22383140458,
        "Elst10,r": -0.22362792652,
        "Elst12,r": -0.00011097579,
        "Est. Disp22 (T)": -0.00013538287,
        "Est. Disp22 (T) (CCD)": -0.00014885636999999998,
        "Exch-Disp20": 0.00049939597,
        "Exch-Ind20,r": 0.09062798377,
        "Exch-Ind22": 0.00655294532,
        "Exch10": 0.050768867550000006,
        "Exch10(S^2)": 0.050145119970000006,
        "Exch11(S^2)": -0.00094860422,
        "Exch12(S^2)": 0.0022518165200000003,
        "Exchange": 0.05207207985,
        "Ind20,r": -0.12000929759000001,
        "Ind22": -0.008677390049999999,
        "Induction": -0.02256231023,
        "InteractionEnergy": -0.19559933353,
        "delta HF,r (2)": 0.00710421249,
        "delta MP2,r (2)": 0.0017311303199999998
    },
    "index": "0005",
    "jobtype": "SP",
    "logFile": "0005.log.gz",
    "method": "sapt2+3(ccd)dmp2-aug-cc-pvtz",
    "mols": [
        {
            "atoms": [
                {
                    "coords": [
                        0.0,
                        0.0,
                        -1.897296820006
                    ],
                    "elem": "Na"
                }
            ],
            "charge": 1,
            "compound": "sodium",
            "mult": 1
        },
        {
            "atoms": [
                {
                    "coords": [
                        0.0,
                        0.0,
                        0.552703179994
                    ],
                    "elem": "Br"
                }
            ],
            "charge": -1,
            "compound": "bromide",
            "mult": 1
        }
    ],
    "system": "sodium#bromide"
}