{
    "energies": {
        "Disp2 (CCD)": -5.7890000000000004e-08,
        "Disp20": -6.025e-08,
        "Disp21": 1.49e-09,
        "Disp22 (S) (CCD)": -3.84e-09,
        "Disp22 (SDQ)": -2.49e-09,
        "Disp22 (T)": -6.5699999999999994e-09,
        "Disp22 (T) (CCD)": -7.0099999999999996e-09,
        "Dispersion": -6.902999999999999e-08,
        "Electrostatics": -0.04625770148,
        "Elst10,r": -0.04625707434,
        "Elst12,r": -1.0828800000000001e-06,
        "Est. Disp22 (T)": -6.66e-09,
        "Est. Disp22 (T) (CCD)": -7.119999999999999e-09,
        "Exch-Disp20": 0.0,
        "Exch-Ind20,r": 8.000000000000001e-11,
        "Exch-Ind22": 1.0000000000000001e-11,
        "Exch10": 1.0000000000000001e-11,
        "Exch10(S^2)": 1.0000000000000001e-11,
        "Exch11(S^2)": -0.0,
        "Exch12(S^2)": -4.3e-10,
        "Exchange": -4.2e-10,
        "Ind20,r": -6.091487e-05,
        "Ind22": -4.83907e-06,
        "Induction": -6.773358e-05,
        "InteractionEnergy": -0.04632596026,
        "delta HF,r (2)": -3.4853e-07,
        "delta MP2,r (2)": -1.63138e-06
    },
    "index": "0265",
    "jobtype": "SP",
    "logFile": "0265.log.gz",
    "method": "sapt2+3(ccd)dmp2-aug-cc-pvtz",
    "mols": [
        {
            "atoms": [
                {
                    "coords": [
                        0.0,
                        0.0,
                        -6.902228885472
                    ],
                    "elem": "Na"
                }
            ],
            "charge": 1,
            "compound": "sodium",
            "mult": 1
        },
        {
            "atoms": [
                {
                    "coords": [
                        0.0,
                        0.0,
                        4.537771114528
                    ],
                    "elem": "Cl"
                }
            ],
            "charge": -1,
            "compound": "chloride",
            "mult": 1
        }
    ],
    "system": "sodium#chloride"
}