{
    "energies": {
        "Disp2 (CCD)": -0.00077074554,
        "Disp20": -0.00095158753,
        "Disp21": 0.00015200320000000002,
        "Disp22 (S) (CCD)": -3.320855e-05,
        "Disp22 (SDQ)": -9.67869e-06,
        "Disp22 (T)": -0.00010288724000000001,
        "Disp22 (T) (CCD)": -0.00010484377,
        "Dispersion": -0.0009235772,
        "Electrostatics": -0.13930054391,
        "Elst10,r": -0.13916123374,
        "Elst12,r": -0.00021259355999999997,
        "Est. Disp22 (T)": -0.00011767749,
        "Est. Disp22 (T) (CCD)": -0.00011991527,
        "Exch-Disp20": 0.0001412618,
        "Exch-Ind20,r": 0.00603465235,
        "Exch-Ind22": 0.00082600707,
        "Exch10": 0.0023414587899999997,
        "Exch10(S^2)": 0.0023386836899999997,
        "Exch11(S^2)": -8.56777e-06,
        "Exch12(S^2)": 0.00036196413,
        "Exchange": 0.00269485515,
        "Ind20,r": -0.01277126155,
        "Ind22": -0.00174809612,
        "Induction": -0.00757264747,
        "InteractionEnergy": -0.14517817973000002,
        "delta HF,r (2)": -0.00021051861,
        "delta MP2,r (2)": 0.00015261683000000002
    },
    "index": "0214",
    "jobtype": "SP",
    "logFile": "0214.log.gz",
    "method": "sapt2+3(ccd)dmp2-aug-cc-pvtz",
    "mols": [
        {
            "atoms": [
                {
                    "coords": [
                        0.0,
                        0.0,
                        -1.806795527543
                    ],
                    "elem": "K"
                }
            ],
            "charge": 1,
            "compound": "potassium",
            "mult": 1
        },
        {
            "atoms": [
                {
                    "coords": [
                        0.0,
                        0.0,
                        2.013204472457
                    ],
                    "elem": "Cl"
                }
            ],
            "charge": -1,
            "compound": "chloride",
            "mult": 1
        }
    ],
    "system": "potassium#chloride"
}