{
    "energies": {
        "Disp2 (CCD)": -1.5712e-07,
        "Disp20": -1.6677e-07,
        "Disp21": 6.37e-09,
        "Disp22 (S) (CCD)": -5.27e-09,
        "Disp22 (SDQ)": -1.12e-09,
        "Disp22 (T)": -1.356e-08,
        "Disp22 (T) (CCD)": -1.48e-08,
        "Dispersion": -1.8164e-07,
        "Electrostatics": -0.06565656173000001,
        "Elst10,r": -0.06565392987,
        "Elst12,r": -5.0072900000000005e-06,
        "Est. Disp22 (T)": -1.42e-08,
        "Est. Disp22 (T) (CCD)": -1.549e-08,
        "Exch-Disp20": 1.1000000000000001e-10,
        "Exch-Ind20,r": 3.245e-08,
        "Exch-Ind22": 2.81e-09,
        "Exch10": 1.141e-08,
        "Exch10(S^2)": 1.141e-08,
        "Exch11(S^2)": -0.0,
        "Exch12(S^2)": 4.87e-09,
        "Exchange": 1.627e-08,
        "Ind20,r": -0.00025857457,
        "Ind22": -2.239907e-05,
        "Induction": -0.00032901090999999996,
        "InteractionEnergy": -0.06598811344000001,
        "delta HF,r (2)": -1.4619709999999999e-05,
        "delta MP2,r (2)": -3.345671e-05
    },
    "index": "0250",
    "jobtype": "SP",
    "logFile": "0250.log.gz",
    "method": "sapt2+3(ccd)dmp2-aug-cc-pvtz",
    "mols": [
        {
            "atoms": [
                {
                    "coords": [
                        0.0,
                        0.0,
                        -6.713109884687
                    ],
                    "elem": "Li"
                }
            ],
            "charge": 1,
            "compound": "lithium",
            "mult": 1
        },
        {
            "atoms": [
                {
                    "coords": [
                        0.0,
                        0.0,
                        1.346890115313
                    ],
                    "elem": "Cl"
                }
            ],
            "charge": -1,
            "compound": "chloride",
            "mult": 1
        }
    ],
    "system": "lithium#chloride"
}