{
    "energies": {
        "Disp2 (CCD)": -7.065257e-05,
        "Disp20": -6.351043000000001e-05,
        "Disp21": -7.860209999999999e-06,
        "Disp22 (S) (CCD)": -1.3633650000000001e-05,
        "Disp22 (SDQ)": -1.4705620000000002e-05,
        "Disp22 (T)": -8.45432e-06,
        "Disp22 (T) (CCD)": -8.39815e-06,
        "Dispersion": -9.429859e-05,
        "Electrostatics": -0.15951295587,
        "Elst10,r": -0.15950411178999999,
        "Elst12,r": -0.00013327156,
        "Est. Disp22 (T)": -9.786329999999999e-06,
        "Est. Disp22 (T) (CCD)": -9.721300000000001e-06,
        "Exch-Disp20": 6.76973e-06,
        "Exch-Ind20,r": 0.00123809684,
        "Exch-Ind22": 0.00052053612,
        "Exch10": 0.00056568371,
        "Exch10(S^2)": 0.0005655939300000001,
        "Exch11(S^2)": -3.79171e-06,
        "Exch12(S^2)": 0.00043327373000000003,
        "Exchange": 0.00099516573,
        "Ind20,r": -0.00494222882,
        "Ind22": -0.0020778735199999997,
        "Induction": -0.0056989172000000005,
        "InteractionEnergy": -0.16443604009,
        "delta HF,r (2)": -0.00024376788999999998,
        "delta MP2,r (2)": -0.00020134740000000002
    },
    "index": "0215",
    "jobtype": "SP",
    "logFile": "0215.log.gz",
    "method": "sapt2+3(ccd)dmp2-aug-cc-pvtz",
    "mols": [
        {
            "atoms": [
                {
                    "coords": [
                        0.0,
                        0.0,
                        -1.502201568389
                    ],
                    "elem": "Na"
                }
            ],
            "charge": 1,
            "compound": "sodium",
            "mult": 1
        },
        {
            "atoms": [
                {
                    "coords": [
                        0.0,
                        0.0,
                        1.817798431611
                    ],
                    "elem": "F"
                }
            ],
            "charge": -1,
            "compound": "fluoride",
            "mult": 1
        }
    ],
    "system": "sodium#fluoride"
}