{
    "energies": {
        "Disp2 (CCD)": -0.00157342635,
        "Disp20": -0.00150522489,
        "Disp21": -8.470697000000001e-05,
        "Disp22 (S) (CCD)": -0.00011795869,
        "Disp22 (SDQ)": -0.00011967275,
        "Disp22 (T)": -0.0001101698,
        "Disp22 (T) (CCD)": -0.00010850554,
        "Dispersion": -0.0020463101500000002,
        "Electrostatics": -0.31477691653,
        "Elst10,r": -0.31630018238,
        "Elst12,r": 0.0051379819,
        "Est. Disp22 (T)": -0.00014137616,
        "Est. Disp22 (T) (CCD)": -0.00013924048,
        "Exch-Disp20": 0.00019659813,
        "Exch-Ind20,r": 0.040658017469999995,
        "Exch-Ind22": 0.00861430916,
        "Exch10": 0.05163966937,
        "Exch10(S^2)": 0.05097417461,
        "Exch11(S^2)": -0.00054202985,
        "Exch12(S^2)": 0.008671586,
        "Exchange": 0.05976922552,
        "Ind20,r": -0.06295371624,
        "Ind22": -0.013338150949999999,
        "Induction": -0.03440713348,
        "InteractionEnergy": -0.28784823347000005,
        "delta HF,r (2)": -0.00699380484,
        "delta MP2,r (2)": -0.00080788572
    },
    "index": "0205",
    "jobtype": "SP",
    "logFile": "0205.log.gz",
    "method": "sapt2+3(ccd)dmp2-aug-cc-pvtz",
    "mols": [
        {
            "atoms": [
                {
                    "coords": [
                        0.0,
                        0.0,
                        -1.197697170908
                    ],
                    "elem": "Li"
                }
            ],
            "charge": 1,
            "compound": "lithium",
            "mult": 1
        },
        {
            "atoms": [
                {
                    "coords": [
                        0.0,
                        0.0,
                        0.442302829092
                    ],
                    "elem": "F"
                }
            ],
            "charge": -1,
            "compound": "fluoride",
            "mult": 1
        }
    ],
    "system": "lithium#fluoride"
}