{
    "energies": {
        "Disp2 (CCD)": -0.00402057767,
        "Disp20": -0.00495417929,
        "Disp21": 0.00078297434,
        "Disp22 (S) (CCD)": -0.00012061477,
        "Disp22 (SDQ)": 2.0469270000000002e-05,
        "Disp22 (T)": -0.00048921687,
        "Disp22 (T) (CCD)": -0.00049948768,
        "Dispersion": -0.0038100869099999997,
        "Electrostatics": -0.18830935887,
        "Elst10,r": -0.18756324381,
        "Elst12,r": -0.00103656688,
        "Est. Disp22 (T)": -0.00055477151,
        "Est. Disp22 (T) (CCD)": -0.0005664185999999999,
        "Exch-Disp20": 0.00135458903,
        "Exch-Ind20,r": 0.05646405634,
        "Exch-Ind22": 0.00668134592,
        "Exch10": 0.0263986351,
        "Exch10(S^2)": 0.026092364820000002,
        "Exch11(S^2)": -0.00022853845000000002,
        "Exch12(S^2)": 0.00182423692,
        "Exchange": 0.02799433357,
        "Ind20,r": -0.07178234107999999,
        "Ind22": -0.00849394611,
        "Induction": -0.014435347500000001,
        "InteractionEnergy": -0.17887117865,
        "delta HF,r (2)": 0.00046632867,
        "delta MP2,r (2)": 0.00175187674
    },
    "index": "0209",
    "jobtype": "SP",
    "logFile": "0209.log.gz",
    "method": "sapt2+3(ccd)dmp2-aug-cc-pvtz",
    "mols": [
        {
            "atoms": [
                {
                    "coords": [
                        0.0,
                        0.0,
                        -1.390570379836
                    ],
                    "elem": "K"
                }
            ],
            "charge": 1,
            "compound": "potassium",
            "mult": 1
        },
        {
            "atoms": [
                {
                    "coords": [
                        0.0,
                        0.0,
                        1.549429620164
                    ],
                    "elem": "Cl"
                }
            ],
            "charge": -1,
            "compound": "chloride",
            "mult": 1
        }
    ],
    "system": "potassium#chloride"
}