{
    "energies": {
        "Disp2 (CCD)": -1.92569e-06,
        "Disp20": -2.5597599999999998e-06,
        "Disp21": 5.9402e-07,
        "Disp22 (S) (CCD)": -5.026e-08,
        "Disp22 (SDQ)": -1.92e-09,
        "Disp22 (T)": -3.1678e-07,
        "Disp22 (T) (CCD)": -3.1465e-07,
        "Dispersion": -2.3125099999999997e-06,
        "Electrostatics": -0.0559403734,
        "Elst10,r": -0.055940284400000005,
        "Elst12,r": -5.207e-08,
        "Est. Disp22 (T)": -3.2065e-07,
        "Est. Disp22 (T) (CCD)": -3.185e-07,
        "Exch-Disp20": 2.3e-10,
        "Exch-Ind20,r": 1.209e-08,
        "Exch-Ind22": 7.999999999999999e-10,
        "Exch10": 3.6e-09,
        "Exch10(S^2)": 3.6e-09,
        "Exch11(S^2)": -2.0000000000000002e-11,
        "Exch12(S^2)": 2.1500000000000002e-09,
        "Exchange": 5.7400000000000004e-09,
        "Ind20,r": -0.00015352993,
        "Ind22": -1.013819e-05,
        "Induction": -0.00016823843,
        "InteractionEnergy": -0.056110881779999996,
        "delta HF,r (2)": -2.9049e-07,
        "delta MP2,r (2)": -4.31109e-06
    },
    "index": "0246",
    "jobtype": "SP",
    "logFile": "0246.log.gz",
    "method": "sapt2+3(ccd)dmp2-aug-cc-pvtz",
    "mols": [
        {
            "atoms": [
                {
                    "coords": [
                        0.0,
                        0.0,
                        -4.474420337841
                    ],
                    "elem": "K"
                }
            ],
            "charge": 1,
            "compound": "potassium",
            "mult": 1
        },
        {
            "atoms": [
                {
                    "coords": [
                        0.0,
                        0.0,
                        4.985579662159
                    ],
                    "elem": "Cl"
                }
            ],
            "charge": -1,
            "compound": "chloride",
            "mult": 1
        }
    ],
    "system": "potassium#chloride"
}