{
    "energies": {
        "Disp2 (CCD)": -2.6815e-07,
        "Disp20": -2.7741e-07,
        "Disp21": 5.25e-09,
        "Disp22 (S) (CCD)": -1.8389999999999998e-08,
        "Disp22 (SDQ)": -1.244e-08,
        "Disp22 (T)": -2.97e-08,
        "Disp22 (T) (CCD)": -3.183e-08,
        "Dispersion": -3.2247e-07,
        "Electrostatics": -0.05932732969,
        "Elst10,r": -0.059324919999999996,
        "Elst12,r": -4.30288e-06,
        "Est. Disp22 (T)": -3.054e-08,
        "Est. Disp22 (T) (CCD)": -3.273e-08,
        "Exch-Disp20": 3e-11,
        "Exch-Ind20,r": 1.2710000000000001e-08,
        "Exch-Ind22": 1.09e-09,
        "Exch10": 2.98e-09,
        "Exch10(S^2)": 2.98e-09,
        "Exch11(S^2)": -3e-11,
        "Exch12(S^2)": -9.5e-10,
        "Exchange": 1.9999999999999997e-09,
        "Ind20,r": -0.00017194727000000002,
        "Ind22": -1.4710360000000001e-05,
        "Induction": -0.0002024205,
        "InteractionEnergy": -0.059531963869999996,
        "delta HF,r (2)": -4.7227e-06,
        "delta MP2,r (2)": -1.1057209999999999e-05
    },
    "index": "0249",
    "jobtype": "SP",
    "logFile": "0249.log.gz",
    "method": "sapt2+3(ccd)dmp2-aug-cc-pvtz",
    "mols": [
        {
            "atoms": [
                {
                    "coords": [
                        0.0,
                        0.0,
                        -5.381807837274
                    ],
                    "elem": "Na"
                }
            ],
            "charge": 1,
            "compound": "sodium",
            "mult": 1
        },
        {
            "atoms": [
                {
                    "coords": [
                        0.0,
                        0.0,
                        3.538192162726
                    ],
                    "elem": "Cl"
                }
            ],
            "charge": -1,
            "compound": "chloride",
            "mult": 1
        }
    ],
    "system": "sodium#chloride"
}