{
    "energies": {
        "Disp2 (CCD)": -3.305085e-05,
        "Disp20": -3.214072e-05,
        "Disp21": -1.35648e-06,
        "Disp22 (S) (CCD)": -2.7854799999999997e-06,
        "Disp22 (SDQ)": -2.2877599999999997e-06,
        "Disp22 (T)": -3.0627699999999997e-06,
        "Disp22 (T) (CCD)": -3.33952e-06,
        "Dispersion": -4.391436e-05,
        "Electrostatics": -0.1214275871,
        "Elst10,r": -0.12140058072,
        "Elst12,r": -4.463694e-05,
        "Est. Disp22 (T)": -3.52194e-06,
        "Est. Disp22 (T) (CCD)": -3.8401799999999995e-06,
        "Exch-Disp20": 1.97026e-06,
        "Exch-Ind20,r": 0.00048671535,
        "Exch-Ind22": 5.8007459999999994e-05,
        "Exch10": 0.00017147550000000002,
        "Exch10(S^2)": 0.00017146755,
        "Exch11(S^2)": -9.8309e-07,
        "Exch12(S^2)": 4.4068000000000006e-05,
        "Exchange": 0.0002145604,
        "Ind20,r": -0.00433925729,
        "Ind22": -0.0005171591,
        "Induction": -0.005564944269999999,
        "InteractionEnergy": -0.12683982561,
        "delta HF,r (2)": -0.0007110951800000001,
        "delta MP2,r (2)": -0.0005486733299999999
    },
    "index": "0220",
    "jobtype": "SP",
    "logFile": "0220.log.gz",
    "method": "sapt2+3(ccd)dmp2-aug-cc-pvtz",
    "mols": [
        {
            "atoms": [
                {
                    "coords": [
                        0.0,
                        0.0,
                        -2.630569750058
                    ],
                    "elem": "Na"
                }
            ],
            "charge": 1,
            "compound": "sodium",
            "mult": 1
        },
        {
            "atoms": [
                {
                    "coords": [
                        0.0,
                        0.0,
                        1.729430249942
                    ],
                    "elem": "Cl"
                }
            ],
            "charge": -1,
            "compound": "chloride",
            "mult": 1
        }
    ],
    "system": "sodium#chloride"
}