{
    "energies": {
        "Disp2 (CCD)": -0.00236585889,
        "Disp20": -0.0022978017,
        "Disp21": -8.564208e-05,
        "Disp22 (S) (CCD)": -0.0001512978,
        "Disp22 (SDQ)": -0.00015975289,
        "Disp22 (T)": -0.00015502713000000001,
        "Disp22 (T) (CCD)": -0.00015252935,
        "Dispersion": -0.00315972277,
        "Electrostatics": -0.33861120009,
        "Elst10,r": -0.34089957094,
        "Elst12,r": 0.00734416672,
        "Est. Disp22 (T)": -0.00020217504,
        "Est. Disp22 (T) (CCD)": -0.00019891762,
        "Exch-Disp20": 0.00025661592,
        "Exch-Ind20,r": 0.057404789139999995,
        "Exch-Ind22": 0.01099052255,
        "Exch10": 0.08397747029,
        "Exch10(S^2)": 0.08225347117,
        "Exch11(S^2)": -0.00090785027,
        "Exch12(S^2)": 0.010479725110000001,
        "Exchange": 0.09354934514,
        "Ind20,r": -0.08260974824999999,
        "Ind22": -0.01581617691,
        "Induction": -0.0434173896,
        "InteractionEnergy": -0.28657916434999997,
        "delta HF,r (2)": -0.012471375480000001,
        "delta MP2,r (2)": -0.00161165791
    },
    "index": "0007",
    "jobtype": "SP",
    "logFile": "0007.log.gz",
    "method": "sapt2+3(ccd)dmp2-aug-cc-pvtz",
    "mols": [
        {
            "atoms": [
                {
                    "coords": [
                        0.0,
                        0.0,
                        -1.102757761019
                    ],
                    "elem": "Li"
                }
            ],
            "charge": 1,
            "compound": "lithium",
            "mult": 1
        },
        {
            "atoms": [
                {
                    "coords": [
                        0.0,
                        0.0,
                        0.407242238981
                    ],
                    "elem": "F"
                }
            ],
            "charge": -1,
            "compound": "fluoride",
            "mult": 1
        }
    ],
    "system": "lithium#fluoride"
}