{
    "energies": {
        "Disp2 (CCD)": -0.00864355906,
        "Disp20": -0.01076679413,
        "Disp21": 0.0018561737,
        "Disp22 (S) (CCD)": -0.00020326901999999998,
        "Disp22 (SDQ)": 8.057751e-05,
        "Disp22 (T)": -0.0009645991,
        "Disp22 (T) (CCD)": -0.00097877772,
        "Dispersion": -0.00730429817,
        "Electrostatics": -0.22030401062000002,
        "Elst10,r": -0.21916511811,
        "Elst12,r": -0.00135221109,
        "Est. Disp22 (T)": -0.00108082144,
        "Est. Disp22 (T) (CCD)": -0.0010967084,
        "Exch-Disp20": 0.00355423548,
        "Exch-Ind20,r": 0.15947629443,
        "Exch-Ind22": 0.013385886299999998,
        "Exch10": 0.07679469069,
        "Exch10(S^2)": 0.07445151106,
        "Exch11(S^2)": -0.0012263212699999998,
        "Exch12(S^2)": 0.0025105494,
        "Exchange": 0.07807891883000001,
        "Ind20,r": -0.18802096219,
        "Ind22": -0.01578182657,
        "Induction": -0.0203444368,
        "InteractionEnergy": -0.17016705881,
        "delta HF,r (2)": 0.005970509769999999,
        "delta MP2,r (2)": 0.00363075081
    },
    "index": "0002",
    "jobtype": "SP",
    "logFile": "0002.log.gz",
    "method": "sapt2+3(ccd)dmp2-aug-cc-pvtz",
    "mols": [
        {
            "atoms": [
                {
                    "coords": [
                        0.0,
                        0.0,
                        -1.807565462335
                    ],
                    "elem": "K"
                }
            ],
            "charge": 1,
            "compound": "potassium",
            "mult": 1
        },
        {
            "atoms": [
                {
                    "coords": [
                        0.0,
                        0.0,
                        0.892434537665
                    ],
                    "elem": "Br"
                }
            ],
            "charge": -1,
            "compound": "bromide",
            "mult": 1
        }
    ],
    "system": "potassium#bromide"
}