{
    "energies": {
        "Disp2 (CCD)": -0.00018075502,
        "Disp20": -0.00017539676000000003,
        "Disp21": -9.05255e-06,
        "Disp22 (S) (CCD)": -7.26337e-06,
        "Disp22 (SDQ)": -3.71962e-06,
        "Disp22 (T)": -1.1137400000000001e-05,
        "Disp22 (T) (CCD)": -1.247206e-05,
        "Dispersion": -0.0002197188,
        "Electrostatics": -0.18152018620000002,
        "Elst10,r": -0.18160735743,
        "Elst12,r": 0.00015417000999999998,
        "Est. Disp22 (T)": -1.415142e-05,
        "Est. Disp22 (T) (CCD)": -1.584728e-05,
        "Exch-Disp20": 3.474655e-05,
        "Exch-Ind20,r": 0.00589463315,
        "Exch-Ind22": 0.00056840807,
        "Exch10": 0.00375088459,
        "Exch10(S^2)": 0.00374733828,
        "Exch11(S^2)": -2.6788329999999998e-05,
        "Exch12(S^2)": 0.00043996498000000003,
        "Exchange": 0.00416406125,
        "Ind20,r": -0.02246685888,
        "Ind22": -0.00216643572,
        "Induction": -0.01963034745,
        "InteractionEnergy": -0.19714243012,
        "delta HF,r (2)": -0.00137667337,
        "delta MP2,r (2)": -0.00013725808
    },
    "index": "0213",
    "jobtype": "SP",
    "logFile": "0213.log.gz",
    "method": "sapt2+3(ccd)dmp2-aug-cc-pvtz",
    "mols": [
        {
            "atoms": [
                {
                    "coords": [
                        0.0,
                        0.0,
                        -2.415386931215
                    ],
                    "elem": "Li"
                }
            ],
            "charge": 1,
            "compound": "lithium",
            "mult": 1
        },
        {
            "atoms": [
                {
                    "coords": [
                        0.0,
                        0.0,
                        0.484613068785
                    ],
                    "elem": "Cl"
                }
            ],
            "charge": -1,
            "compound": "chloride",
            "mult": 1
        }
    ],
    "system": "lithium#chloride"
}