{
    "energies": {
        "Disp2 (CCD)": -9.740534e-05,
        "Disp20": -9.457306e-05,
        "Disp21": -4.8220600000000006e-06,
        "Disp22 (S) (CCD)": -4.58432e-06,
        "Disp22 (SDQ)": -2.70156e-06,
        "Disp22 (T)": -6.22888e-06,
        "Disp22 (T) (CCD)": -6.92199e-06,
        "Dispersion": -0.00012142820999999999,
        "Electrostatics": -0.16596848167,
        "Elst10,r": -0.16599402075,
        "Elst12,r": 4.6836780000000004e-05,
        "Est. Disp22 (T)": -7.94509e-06,
        "Est. Disp22 (T) (CCD)": -8.82916e-06,
        "Exch-Disp20": 1.726629e-05,
        "Exch-Ind20,r": 0.0029778632100000003,
        "Exch-Ind22": 0.00030363080999999995,
        "Exch10": 0.00171492022,
        "Exch10(S^2)": 0.00171418236,
        "Exch11(S^2)": -1.003794e-05,
        "Exch12(S^2)": 0.00025204580999999997,
        "Exchange": 0.0019569280899999998,
        "Ind20,r": -0.01547409064,
        "Ind22": -0.00157777921,
        "Induction": -0.01601663997,
        "InteractionEnergy": -0.18013005168000001,
        "delta HF,r (2)": -0.00172397676,
        "delta MP2,r (2)": -0.00055189067
    },
    "index": "0215",
    "jobtype": "SP",
    "logFile": "0215.log.gz",
    "method": "sapt2+3(ccd)dmp2-aug-cc-pvtz",
    "mols": [
        {
            "atoms": [
                {
                    "coords": [
                        0.0,
                        0.0,
                        -2.648596703884
                    ],
                    "elem": "Li"
                }
            ],
            "charge": 1,
            "compound": "lithium",
            "mult": 1
        },
        {
            "atoms": [
                {
                    "coords": [
                        0.0,
                        0.0,
                        0.531403296116
                    ],
                    "elem": "Cl"
                }
            ],
            "charge": -1,
            "compound": "chloride",
            "mult": 1
        }
    ],
    "system": "lithium#chloride"
}