{
    "energies": {
        "Disp2 (CCD)": -3.7342e-07,
        "Disp20": -3.8552e-07,
        "Disp21": 6.56e-09,
        "Disp22 (S) (CCD)": -2.593e-08,
        "Disp22 (SDQ)": -1.78e-08,
        "Disp22 (T)": -4.0960000000000004e-08,
        "Disp22 (T) (CCD)": -4.394e-08,
        "Dispersion": -4.5067e-07,
        "Electrostatics": -0.06255320233,
        "Elst10,r": -0.06255018504,
        "Elst12,r": -5.3510399999999995e-06,
        "Est. Disp22 (T)": -4.235e-08,
        "Est. Disp22 (T) (CCD)": -4.543e-08,
        "Exch-Disp20": 1.1000000000000001e-10,
        "Exch-Ind20,r": 3.65e-08,
        "Exch-Ind22": 3.19e-09,
        "Exch10": 9.9e-09,
        "Exch10(S^2)": 9.9e-09,
        "Exch11(S^2)": -6e-11,
        "Exch12(S^2)": 2.92e-09,
        "Exchange": 1.276e-08,
        "Ind20,r": -0.00021565767999999998,
        "Ind22": -1.887416e-05,
        "Induction": -0.00025962993,
        "InteractionEnergy": -0.062815604,
        "delta HF,r (2)": -8.03623e-06,
        "delta MP2,r (2)": -1.710762e-05
    },
    "index": "0246",
    "jobtype": "SP",
    "logFile": "0246.log.gz",
    "method": "sapt2+3(ccd)dmp2-aug-cc-pvtz",
    "mols": [
        {
            "atoms": [
                {
                    "coords": [
                        0.0,
                        0.0,
                        -5.104270661809
                    ],
                    "elem": "Na"
                }
            ],
            "charge": 1,
            "compound": "sodium",
            "mult": 1
        },
        {
            "atoms": [
                {
                    "coords": [
                        0.0,
                        0.0,
                        3.355729338191
                    ],
                    "elem": "Cl"
                }
            ],
            "charge": -1,
            "compound": "chloride",
            "mult": 1
        }
    ],
    "system": "sodium#chloride"
}