{
    "energies": {
        "Disp2 (CCD)": -0.00215213928,
        "Disp20": -0.0021230525400000003,
        "Disp21": -2.776263e-05,
        "Disp22 (S) (CCD)": -0.00022809662,
        "Disp22 (SDQ)": -0.00026303683,
        "Disp22 (T)": -0.00019857557000000001,
        "Disp22 (T) (CCD)": -0.00019154361,
        "Dispersion": -0.00178766564,
        "Electrostatics": -0.29895493044,
        "Elst10,r": -0.29805101119,
        "Elst12,r": -0.00056406579,
        "Est. Disp22 (T)": -0.00025555752,
        "Est. Disp22 (T) (CCD)": -0.0002465077,
        "Exch-Disp20": 0.0007600160599999999,
        "Exch-Ind20,r": 0.08709969178999999,
        "Exch-Ind22": 0.02323195924,
        "Exch10": 0.068823666,
        "Exch10(S^2)": 0.06775294680999999,
        "Exch11(S^2)": -0.00128273805,
        "Exch12(S^2)": 0.01287853908,
        "Exchange": 0.08041946703000001,
        "Ind20,r": -0.10485880854,
        "Ind22": -0.02796881959,
        "Induction": -0.01576156208,
        "InteractionEnergy": -0.23576896538,
        "delta HF,r (2)": 0.00467509802,
        "delta MP2,r (2)": 0.0021142512
    },
    "index": "0205",
    "jobtype": "SP",
    "logFile": "0205.log.gz",
    "method": "sapt2+3(ccd)dmp2-aug-cc-pvtz",
    "mols": [
        {
            "atoms": [
                {
                    "coords": [
                        0.0,
                        0.0,
                        -0.841594854579
                    ],
                    "elem": "Na"
                }
            ],
            "charge": 1,
            "compound": "sodium",
            "mult": 1
        },
        {
            "atoms": [
                {
                    "coords": [
                        0.0,
                        0.0,
                        1.018405145421
                    ],
                    "elem": "F"
                }
            ],
            "charge": -1,
            "compound": "fluoride",
            "mult": 1
        }
    ],
    "system": "sodium#fluoride"
}