{
    "energies": {
        "Disp2 (CCD)": -0.0014246728600000001,
        "Disp20": -0.0017521007699999999,
        "Disp21": 0.00027319289000000003,
        "Disp22 (S) (CCD)": -5.536722e-05,
        "Disp22 (SDQ)": -9.187860000000001e-06,
        "Disp22 (T)": -0.00018675605000000002,
        "Disp22 (T) (CCD)": -0.00019129778999999998,
        "Dispersion": -0.00158939421,
        "Electrostatics": -0.15393829391,
        "Elst10,r": -0.15366823909,
        "Elst12,r": -0.00039900952,
        "Est. Disp22 (T)": -0.00021010978,
        "Est. Disp22 (T) (CCD)": -0.00021521946,
        "Exch-Disp20": 0.00033856304,
        "Exch-Ind20,r": 0.01421243192,
        "Exch-Ind22": 0.001921535,
        "Exch10": 0.00585939549,
        "Exch10(S^2)": 0.0058426828,
        "Exch11(S^2)": -2.905094e-05,
        "Exch12(S^2)": 0.0007057905,
        "Exchange": 0.006536135039999999,
        "Ind20,r": -0.02337874128,
        "Ind22": -0.0031608291799999997,
        "Induction": -0.00965693913,
        "InteractionEnergy": -0.15878328828,
        "delta HF,r (2)": -2.15189e-05,
        "delta MP2,r (2)": 0.00053164424
    },
    "index": "0212",
    "jobtype": "SP",
    "logFile": "0212.log.gz",
    "method": "sapt2+3(ccd)dmp2-aug-cc-pvtz",
    "mols": [
        {
            "atoms": [
                {
                    "coords": [
                        0.0,
                        0.0,
                        -1.645981265929
                    ],
                    "elem": "K"
                }
            ],
            "charge": 1,
            "compound": "potassium",
            "mult": 1
        },
        {
            "atoms": [
                {
                    "coords": [
                        0.0,
                        0.0,
                        1.834018734071
                    ],
                    "elem": "Cl"
                }
            ],
            "charge": -1,
            "compound": "chloride",
            "mult": 1
        }
    ],
    "system": "potassium#chloride"
}