{
    "energies": {
        "Disp2 (CCD)": -3.783e-07,
        "Disp20": -5.1442e-07,
        "Disp21": 1.3253e-07,
        "Disp22 (S) (CCD)": -1.14e-08,
        "Disp22 (SDQ)": -4.95e-09,
        "Disp22 (T)": -6.201e-08,
        "Disp22 (T) (CCD)": -6.106999999999999e-08,
        "Dispersion": -4.5302e-07,
        "Electrostatics": -0.041052685580000005,
        "Elst10,r": -0.04105268145,
        "Elst12,r": 2.1219000000000002e-07,
        "Est. Disp22 (T)": -6.264e-08,
        "Est. Disp22 (T) (CCD)": -6.169e-08,
        "Exch-Disp20": 0.0,
        "Exch-Ind20,r": 1.4e-10,
        "Exch-Ind22": 1.0000000000000001e-11,
        "Exch10": 3e-11,
        "Exch10(S^2)": 3e-11,
        "Exch11(S^2)": 0.0,
        "Exch12(S^2)": 3e-11,
        "Exchange": 6e-11,
        "Ind20,r": -5.984872e-05,
        "Ind22": -4.0262099999999995e-06,
        "Induction": 3.007554e-05,
        "InteractionEnergy": -0.04102284668,
        "delta HF,r (2)": 9.443264e-05,
        "delta MP2,r (2)": -4.839700000000001e-07
    },
    "index": "0264",
    "jobtype": "SP",
    "logFile": "0264.log.gz",
    "method": "sapt2+3(ccd)dmp2-aug-cc-pvtz",
    "mols": [
        {
            "atoms": [
                {
                    "coords": [
                        0.0,
                        0.0,
                        -8.649535471617
                    ],
                    "elem": "K"
                }
            ],
            "charge": 1,
            "compound": "potassium",
            "mult": 1
        },
        {
            "atoms": [
                {
                    "coords": [
                        0.0,
                        0.0,
                        4.270464528383
                    ],
                    "elem": "Br"
                }
            ],
            "charge": -1,
            "compound": "bromide",
            "mult": 1
        }
    ],
    "system": "potassium#bromide"
}