{
    "energies": {
        "Disp2 (CCD)": -0.00955783995,
        "Disp20": -0.0119178557,
        "Disp21": 0.00206731952,
        "Disp22 (S) (CCD)": -0.00021659792999999998,
        "Disp22 (SDQ)": 9.556916999999999e-05,
        "Disp22 (T)": -0.00105756533,
        "Disp22 (T) (CCD)": -0.00107151182,
        "Dispersion": -0.00792591748,
        "Electrostatics": -0.22773942998000002,
        "Elst10,r": -0.2265130076,
        "Elst12,r": -0.00143423285,
        "Est. Disp22 (T)": -0.0011851729900000001,
        "Est. Disp22 (T) (CCD)": -0.00120080228,
        "Exch-Disp20": 0.00399976024,
        "Exch-Ind20,r": 0.18017057299,
        "Exch-Ind22": 0.01472703406,
        "Exch10": 0.08830736762,
        "Exch10(S^2)": 0.08525974988,
        "Exch11(S^2)": -0.00149089374,
        "Exch12(S^2)": 0.0026368052,
        "Exchange": 0.08945327908,
        "Ind20,r": -0.21185846411,
        "Ind22": -0.01731718318,
        "Induction": -0.02113444224,
        "InteractionEnergy": -0.16765060976,
        "delta HF,r (2)": 0.0078047403500000005,
        "delta MP2,r (2)": 0.00429213143
    },
    "index": "0001",
    "jobtype": "SP",
    "logFile": "0001.log.gz",
    "method": "sapt2+3(ccd)dmp2-aug-cc-pvtz",
    "mols": [
        {
            "atoms": [
                {
                    "coords": [
                        0.0,
                        0.0,
                        -1.774092027847
                    ],
                    "elem": "K"
                }
            ],
            "charge": 1,
            "compound": "potassium",
            "mult": 1
        },
        {
            "atoms": [
                {
                    "coords": [
                        0.0,
                        0.0,
                        0.875907972153
                    ],
                    "elem": "Br"
                }
            ],
            "charge": -1,
            "compound": "bromide",
            "mult": 1
        }
    ],
    "system": "potassium#bromide"
}