{
    "energies": {
        "Disp2 (CCD)": -0.00147508055,
        "Disp20": -0.0014861684900000002,
        "Disp21": -1.33345e-05,
        "Disp22 (S) (CCD)": -7.781834999999999e-05,
        "Disp22 (SDQ)": -5.004566e-05,
        "Disp22 (T)": -0.00011032364,
        "Disp22 (T) (CCD)": -0.00012090241999999999,
        "Dispersion": -0.00128761145,
        "Electrostatics": -0.23295239124,
        "Elst10,r": -0.23276945361,
        "Elst12,r": -7.90146e-05,
        "Est. Disp22 (T)": -0.00013649737,
        "Est. Disp22 (T) (CCD)": -0.00014958590999999998,
        "Exch-Disp20": 0.00046843681,
        "Exch-Ind20,r": 0.0792762834,
        "Exch-Ind22": 0.00658291391,
        "Exch10": 0.04714566782,
        "Exch10(S^2)": 0.046604062439999996,
        "Exch11(S^2)": -0.00079763865,
        "Exch12(S^2)": 0.00244444353,
        "Exchange": 0.04879247271,
        "Ind20,r": -0.10471846011,
        "Ind22": -0.00869557172,
        "Induction": -0.01947633775,
        "InteractionEnergy": -0.20484424866,
        "delta HF,r (2)": 0.00599255907,
        "delta MP2,r (2)": 0.00200807028
    },
    "index": "0007",
    "jobtype": "SP",
    "logFile": "0007.log.gz",
    "method": "sapt2+3(ccd)dmp2-aug-cc-pvtz",
    "mols": [
        {
            "atoms": [
                {
                    "coords": [
                        0.0,
                        0.0,
                        -1.417852961614
                    ],
                    "elem": "Na"
                }
            ],
            "charge": 1,
            "compound": "sodium",
            "mult": 1
        },
        {
            "atoms": [
                {
                    "coords": [
                        0.0,
                        0.0,
                        0.932147038386
                    ],
                    "elem": "Cl"
                }
            ],
            "charge": -1,
            "compound": "chloride",
            "mult": 1
        }
    ],
    "system": "sodium#chloride"
}