{
    "energies": {
        "Disp2 (CCD)": -0.00206943311,
        "Disp20": -0.0023495291499999998,
        "Disp21": 0.00018421199999999998,
        "Disp22 (S) (CCD)": -0.00028883102,
        "Disp22 (SDQ)": -0.00029348119,
        "Disp22 (T)": -0.0003379686,
        "Disp22 (T) (CCD)": -0.00031492232,
        "Dispersion": -0.0022452003199999997,
        "Electrostatics": -0.1957224787,
        "Elst10,r": -0.19507923918,
        "Elst12,r": -0.00189778906,
        "Est. Disp22 (T)": -0.00038338859,
        "Est. Disp22 (T) (CCD)": -0.00035724509,
        "Exch-Disp20": 0.00057460592,
        "Exch-Ind20,r": 0.020335272159999997,
        "Exch-Ind22": 0.0089273361,
        "Exch10": 0.01108700095,
        "Exch10(S^2)": 0.011032773329999999,
        "Exch11(S^2)": -0.00012328057,
        "Exch12(S^2)": 0.00454998213,
        "Exchange": 0.01551370251,
        "Ind20,r": -0.02907055372,
        "Ind22": -0.01276218984,
        "Induction": -0.010111925510000001,
        "InteractionEnergy": -0.19382149982000002,
        "delta HF,r (2)": -0.00047346396000000004,
        "delta MP2,r (2)": 0.0028263284600000002
    },
    "index": "0209",
    "jobtype": "SP",
    "logFile": "0209.log.gz",
    "method": "sapt2+3(ccd)dmp2-aug-cc-pvtz",
    "mols": [
        {
            "atoms": [
                {
                    "coords": [
                        0.0,
                        0.0,
                        -0.904652937006
                    ],
                    "elem": "K"
                }
            ],
            "charge": 1,
            "compound": "potassium",
            "mult": 1
        },
        {
            "atoms": [
                {
                    "coords": [
                        0.0,
                        0.0,
                        1.855347062994
                    ],
                    "elem": "F"
                }
            ],
            "charge": -1,
            "compound": "fluoride",
            "mult": 1
        }
    ],
    "system": "potassium#fluoride"
}