{
    "energies": {
        "Disp2 (CCD)": -6.1556e-07,
        "Disp20": -8.2178e-07,
        "Disp21": 1.9396e-07,
        "Disp22 (S) (CCD)": -1.5549999999999997e-08,
        "Disp22 (SDQ)": -2.1e-10,
        "Disp22 (T)": -1.0203e-07,
        "Disp22 (T) (CCD)": -1.011e-07,
        "Dispersion": -7.3588e-07,
        "Electrostatics": -0.04642006338,
        "Elst10,r": -0.04642024289,
        "Elst12,r": 4.2046e-07,
        "Est. Disp22 (T)": -1.0305e-07,
        "Est. Disp22 (T) (CCD)": -1.0210999999999999e-07,
        "Exch-Disp20": 0.0,
        "Exch-Ind20,r": 2.6e-10,
        "Exch-Ind22": 2.0000000000000002e-11,
        "Exch10": 7e-11,
        "Exch10(S^2)": 7e-11,
        "Exch11(S^2)": 0.0,
        "Exch12(S^2)": 9e-11,
        "Exchange": 1.6000000000000002e-10,
        "Ind20,r": -7.209403e-05,
        "Ind22": -4.66372e-06,
        "Induction": -7.759167e-05,
        "InteractionEnergy": -0.04649814983,
        "delta HF,r (2)": 8.163400000000001e-07,
        "delta MP2,r (2)": -1.6532000000000001e-06
    },
    "index": "0257",
    "jobtype": "SP",
    "logFile": "0257.log.gz",
    "method": "sapt2+3(ccd)dmp2-aug-cc-pvtz",
    "mols": [
        {
            "atoms": [
                {
                    "coords": [
                        0.0,
                        0.0,
                        -5.392007595284
                    ],
                    "elem": "K"
                }
            ],
            "charge": 1,
            "compound": "potassium",
            "mult": 1
        },
        {
            "atoms": [
                {
                    "coords": [
                        0.0,
                        0.0,
                        6.007992404716
                    ],
                    "elem": "Cl"
                }
            ],
            "charge": -1,
            "compound": "chloride",
            "mult": 1
        }
    ],
    "system": "potassium#chloride"
}