{
    "energies": {
        "Disp2 (CCD)": -3.14867e-06,
        "Disp20": -4.24368e-06,
        "Disp21": 1.05891e-06,
        "Disp22 (S) (CCD)": -9.825e-08,
        "Disp22 (SDQ)": -4.181e-08,
        "Disp22 (T)": -5.0756e-07,
        "Disp22 (T) (CCD)": -5.023799999999999e-07,
        "Dispersion": -3.81118e-06,
        "Electrostatics": -0.05806014081,
        "Elst10,r": -0.0580595832,
        "Elst12,r": -5.2211e-07,
        "Est. Disp22 (T)": -5.1513e-07,
        "Est. Disp22 (T) (CCD)": -5.0988e-07,
        "Exch-Disp20": 9.3e-10,
        "Exch-Ind20,r": 5.682e-08,
        "Exch-Ind22": 3.91e-09,
        "Exch10": 1.4039999999999999e-08,
        "Exch10(S^2)": 1.4039999999999999e-08,
        "Exch11(S^2)": -7e-11,
        "Exch12(S^2)": 6.94e-09,
        "Exchange": 2.091e-08,
        "Ind20,r": -0.00024351331,
        "Ind22": -1.677532e-05,
        "Induction": -0.00010752481,
        "InteractionEnergy": -0.05817142071,
        "delta HF,r (2)": 0.00015742723999999999,
        "delta MP2,r (2)": -4.77979e-06
    },
    "index": "0243",
    "jobtype": "SP",
    "logFile": "0243.log.gz",
    "method": "sapt2+3(ccd)dmp2-aug-cc-pvtz",
    "mols": [
        {
            "atoms": [
                {
                    "coords": [
                        0.0,
                        0.0,
                        -6.118943824348
                    ],
                    "elem": "K"
                }
            ],
            "charge": 1,
            "compound": "potassium",
            "mult": 1
        },
        {
            "atoms": [
                {
                    "coords": [
                        0.0,
                        0.0,
                        3.021056175652
                    ],
                    "elem": "Br"
                }
            ],
            "charge": -1,
            "compound": "bromide",
            "mult": 1
        }
    ],
    "system": "potassium#bromide"
}