{
    "energies": {
        "Disp2 (CCD)": -5.456e-08,
        "Disp20": -5.188e-08,
        "Disp21": -3.7e-09,
        "Disp22 (S) (CCD)": -4.87e-09,
        "Disp22 (SDQ)": -4.35e-09,
        "Disp22 (T)": -5.52e-09,
        "Disp22 (T) (CCD)": -5.6e-09,
        "Dispersion": -6.569e-08,
        "Electrostatics": -0.06453890160999999,
        "Elst10,r": -0.06453749826,
        "Elst12,r": -1.2876709999999999e-05,
        "Est. Disp22 (T)": -5.71e-09,
        "Est. Disp22 (T) (CCD)": -5.800000000000001e-09,
        "Exch-Disp20": -2.0000000000000002e-11,
        "Exch-Ind20,r": 2.8e-10,
        "Exch-Ind22": 7e-11,
        "Exch10": 2.0000000000000002e-11,
        "Exch10(S^2)": 2.0000000000000002e-11,
        "Exch11(S^2)": 0.0,
        "Exch12(S^2)": -3.7e-10,
        "Exchange": -3.5e-10,
        "Ind20,r": -6.689492e-05,
        "Ind22": -1.579922e-05,
        "Induction": -9.376004e-05,
        "InteractionEnergy": -0.06464420104,
        "delta HF,r (2)": -1.21053e-06,
        "delta MP2,r (2)": -9.856149999999999e-06
    },
    "index": "0256",
    "jobtype": "SP",
    "logFile": "0256.log.gz",
    "method": "sapt2+3(ccd)dmp2-aug-cc-pvtz",
    "mols": [
        {
            "atoms": [
                {
                    "coords": [
                        0.0,
                        0.0,
                        -5.988485854542
                    ],
                    "elem": "Li"
                }
            ],
            "charge": 1,
            "compound": "lithium",
            "mult": 1
        },
        {
            "atoms": [
                {
                    "coords": [
                        0.0,
                        0.0,
                        2.211514145458
                    ],
                    "elem": "F"
                }
            ],
            "charge": -1,
            "compound": "fluoride",
            "mult": 1
        }
    ],
    "system": "lithium#fluoride"
}