{
    "energies": {
        "Disp2 (CCD)": -9.0563e-07,
        "Disp20": -1.20756e-06,
        "Disp21": 2.8368e-07,
        "Disp22 (S) (CCD)": -2.3010000000000002e-08,
        "Disp22 (SDQ)": -3.3999999999999996e-10,
        "Disp22 (T)": -1.4984e-07,
        "Disp22 (T) (CCD)": -1.4858e-07,
        "Dispersion": -1.08365e-06,
        "Electrostatics": -0.04945701473,
        "Elst10,r": -0.04945716399,
        "Elst12,r": 3.7256000000000005e-07,
        "Est. Disp22 (T)": -1.5138e-07,
        "Est. Disp22 (T) (CCD)": -1.5011e-07,
        "Exch-Disp20": 1.0000000000000001e-11,
        "Exch-Ind20,r": 3.7e-10,
        "Exch-Ind22": 2.0000000000000002e-11,
        "Exch10": 1.9000000000000002e-10,
        "Exch10(S^2)": 1.9000000000000002e-10,
        "Exch11(S^2)": 0.0,
        "Exch12(S^2)": 1.2e-10,
        "Exchange": 3.1e-10,
        "Ind20,r": -9.310760999999999e-05,
        "Ind22": -6.04524e-06,
        "Induction": -0.00010060996,
        "InteractionEnergy": -0.04955848475,
        "delta HF,r (2)": 7.0412e-07,
        "delta MP2,r (2)": -2.1665600000000003e-06
    },
    "index": "0253",
    "jobtype": "SP",
    "logFile": "0253.log.gz",
    "method": "sapt2+3(ccd)dmp2-aug-cc-pvtz",
    "mols": [
        {
            "atoms": [
                {
                    "coords": [
                        0.0,
                        0.0,
                        -5.060919409609
                    ],
                    "elem": "K"
                }
            ],
            "charge": 1,
            "compound": "potassium",
            "mult": 1
        },
        {
            "atoms": [
                {
                    "coords": [
                        0.0,
                        0.0,
                        5.639080590391
                    ],
                    "elem": "Cl"
                }
            ],
            "charge": -1,
            "compound": "chloride",
            "mult": 1
        }
    ],
    "system": "potassium#chloride"
}