{
    "energies": {
        "Disp2 (CCD)": -0.02655111904,
        "Disp20": -0.03349888307,
        "Disp21": 0.00619082321,
        "Disp22 (S) (CCD)": -0.00035072863,
        "Disp22 (SDQ)": 0.00044508260999999997,
        "Disp22 (T)": -0.00293696673,
        "Disp22 (T) (CCD)": -0.00291793498,
        "Dispersion": -0.01736841138,
        "Electrostatics": -0.37379304715,
        "Elst10,r": -0.37148914607,
        "Elst12,r": -0.00252083521,
        "Est. Disp22 (T)": -0.00307124923,
        "Est. Disp22 (T) (CCD)": -0.0030513473200000003,
        "Exch-Disp20": 0.01159172422,
        "Exch-Ind20,r": 0.51532666778,
        "Exch-Ind22": 0.03252585128,
        "Exch10": 0.35199949135,
        "Exch10(S^2)": 0.31361863014,
        "Exch11(S^2)": -0.00853562207,
        "Exch12(S^2)": 0.0024489764100000004,
        "Exchange": 0.34591284567999997,
        "Ind20,r": -0.6701747969299999,
        "Ind22": -0.04229939404,
        "Induction": -0.03564155446,
        "InteractionEnergy": -0.08174909598,
        "delta HF,r (2)": 0.10242757344,
        "delta MP2,r (2)": 0.026903608859999997
    },
    "index": "0204",
    "jobtype": "SP",
    "logFile": "0204.log.gz",
    "method": "sapt2+3(ccd)dmp2-aug-cc-pvtz",
    "mols": [
        {
            "atoms": [
                {
                    "coords": [
                        0.0,
                        0.0,
                        -0.97434523213
                    ],
                    "elem": "K"
                }
            ],
            "charge": 1,
            "compound": "potassium",
            "mult": 1
        },
        {
            "atoms": [
                {
                    "coords": [
                        0.0,
                        0.0,
                        1.08565476787
                    ],
                    "elem": "Cl"
                }
            ],
            "charge": -1,
            "compound": "chloride",
            "mult": 1
        }
    ],
    "system": "potassium#chloride"
}