{
    "energies": {
        "Disp2 (CCD)": -0.01311113742,
        "Disp20": -0.0153413655,
        "Disp21": 0.0018958505699999998,
        "Disp22 (S) (CCD)": -0.0010957491999999999,
        "Disp22 (SDQ)": -0.00116909839,
        "Disp22 (T)": -0.00182190203,
        "Disp22 (T) (CCD)": -0.00164348466,
        "Dispersion": -0.009724780450000001,
        "Electrostatics": -0.31418426169999997,
        "Elst10,r": -0.31020043025,
        "Elst12,r": -0.00756601578,
        "Est. Disp22 (T)": -0.0020674847299999998,
        "Est. Disp22 (T) (CCD)": -0.00186501765,
        "Exch-Disp20": 0.00551127148,
        "Exch-Ind20,r": 0.18920682235,
        "Exch-Ind22": 0.05536982722,
        "Exch10": 0.13897441406,
        "Exch10(S^2)": 0.13295283263,
        "Exch11(S^2)": -0.00259242571,
        "Exch12(S^2)": 0.021782732580000002,
        "Exchange": 0.15816472092,
        "Ind20,r": -0.22656403243,
        "Ind22": -0.06630210885,
        "Induction": -0.03489301314,
        "InteractionEnergy": -0.20429076258,
        "delta HF,r (2)": 0.00392506618,
        "delta MP2,r (2)": 0.01023602085
    },
    "index": "0000",
    "jobtype": "SP",
    "logFile": "0000.log.gz",
    "method": "sapt2+3(ccd)dmp2-aug-cc-pvtz",
    "mols": [
        {
            "atoms": [
                {
                    "coords": [
                        0.0,
                        0.0,
                        -0.655545606526
                    ],
                    "elem": "K"
                }
            ],
            "charge": 1,
            "compound": "potassium",
            "mult": 1
        },
        {
            "atoms": [
                {
                    "coords": [
                        0.0,
                        0.0,
                        1.344454393474
                    ],
                    "elem": "F"
                }
            ],
            "charge": -1,
            "compound": "fluoride",
            "mult": 1
        }
    ],
    "system": "potassium#fluoride"
}