{
    "energies": {
        "Disp2 (CCD)": -2.70136e-06,
        "Disp20": -2.7268399999999997e-06,
        "Disp21": -1.2830000000000001e-08,
        "Disp22 (S) (CCD)": -2.1595e-07,
        "Disp22 (SDQ)": -1.6555000000000002e-07,
        "Disp22 (T)": -2.7873e-07,
        "Disp22 (T) (CCD)": -3.0058e-07,
        "Dispersion": -3.4454e-06,
        "Electrostatics": -0.08480781023,
        "Elst10,r": -0.08480127096,
        "Elst12,r": -1.2928540000000001e-05,
        "Est. Disp22 (T)": -3.0107000000000004e-07,
        "Est. Disp22 (T) (CCD)": -3.2467e-07,
        "Exch-Disp20": 1.4949999999999998e-08,
        "Exch-Ind20,r": 5.04655e-06,
        "Exch-Ind22": 5.0764e-07,
        "Exch10": 1.46897e-06,
        "Exch10(S^2)": 1.46897e-06,
        "Exch11(S^2)": -5.800000000000001e-09,
        "Exch12(S^2)": 6.5398e-07,
        "Exchange": 2.11715e-06,
        "Ind20,r": -0.0008212732499999999,
        "Ind22": -8.261277e-05,
        "Induction": -0.00117616155,
        "InteractionEnergy": -0.08599169542,
        "delta HF,r (2)": -0.00012003381000000001,
        "delta MP2,r (2)": -0.0001580204
    },
    "index": "0232",
    "jobtype": "SP",
    "logFile": "0232.log.gz",
    "method": "sapt2+3(ccd)dmp2-aug-cc-pvtz",
    "mols": [
        {
            "atoms": [
                {
                    "coords": [
                        0.0,
                        0.0,
                        -3.764852119348
                    ],
                    "elem": "Na"
                }
            ],
            "charge": 1,
            "compound": "sodium",
            "mult": 1
        },
        {
            "atoms": [
                {
                    "coords": [
                        0.0,
                        0.0,
                        2.475147880652
                    ],
                    "elem": "Cl"
                }
            ],
            "charge": -1,
            "compound": "chloride",
            "mult": 1
        }
    ],
    "system": "sodium#chloride"
}