{
    "energies": {
        "Disp2 (CCD)": -9.035e-08,
        "Disp20": -8.58e-08,
        "Disp21": -6.2500000000000005e-09,
        "Disp22 (S) (CCD)": -8.549999999999999e-09,
        "Disp22 (SDQ)": -7.900000000000001e-09,
        "Disp22 (T)": -9.03e-09,
        "Disp22 (T) (CCD)": -9.18e-09,
        "Dispersion": -1.0959999999999999e-07,
        "Electrostatics": -0.07000418016,
        "Elst10,r": -0.07000217803,
        "Elst12,r": -2.12667e-05,
        "Est. Disp22 (T)": -9.439999999999999e-09,
        "Est. Disp22 (T) (CCD)": -9.59e-09,
        "Exch-Disp20": 3e-11,
        "Exch-Ind20,r": 4.31e-09,
        "Exch-Ind22": 1.08e-09,
        "Exch10": 1.35e-09,
        "Exch10(S^2)": 1.35e-09,
        "Exch11(S^2)": 0.0,
        "Exch12(S^2)": 1.84e-09,
        "Exchange": 3.19e-09,
        "Ind20,r": -9.532483999999999e-05,
        "Ind22": -2.401786e-05,
        "Induction": -0.00014199166,
        "InteractionEnergy": -0.0701655428,
        "delta HF,r (2)": -3.00819e-06,
        "delta MP2,r (2)": -1.96473e-05
    },
    "index": "0251",
    "jobtype": "SP",
    "logFile": "0251.log.gz",
    "method": "sapt2+3(ccd)dmp2-aug-cc-pvtz",
    "mols": [
        {
            "atoms": [
                {
                    "coords": [
                        0.0,
                        0.0,
                        -5.521091836626
                    ],
                    "elem": "Li"
                }
            ],
            "charge": 1,
            "compound": "lithium",
            "mult": 1
        },
        {
            "atoms": [
                {
                    "coords": [
                        0.0,
                        0.0,
                        2.038908163374
                    ],
                    "elem": "F"
                }
            ],
            "charge": -1,
            "compound": "fluoride",
            "mult": 1
        }
    ],
    "system": "lithium#fluoride"
}