{
    "energies": {
        "Disp2 (CCD)": -0.00349924615,
        "Disp20": -0.0034805398900000003,
        "Disp21": -9.232978999999999e-05,
        "Disp22 (S) (CCD)": -5.155759e-05,
        "Disp22 (SDQ)": 2.213669e-05,
        "Disp22 (T)": -0.00016573905,
        "Disp22 (T) (CCD)": -0.0001910232,
        "Dispersion": -0.00491722035,
        "Electrostatics": -0.25971067706999995,
        "Elst10,r": -0.26114005615,
        "Elst12,r": 0.0022504771200000002,
        "Est. Disp22 (T)": -0.00019231045,
        "Est. Disp22 (T) (CCD)": -0.00022164817000000001,
        "Exch-Disp20": 0.00049153918,
        "Exch-Ind20,r": 0.10392861583,
        "Exch-Ind22": 0.00519725537,
        "Exch10": 0.12857144971,
        "Exch10(S^2)": 0.12455581561,
        "Exch11(S^2)": -0.0025352421700000002,
        "Exch12(S^2)": 0.0014830041300000001,
        "Exchange": 0.12751921167,
        "Ind20,r": -0.15303289057,
        "Ind22": -0.0076528587,
        "Induction": -0.061556140749999995,
        "InteractionEnergy": -0.19784394148999998,
        "delta HF,r (2)": -0.01540865668,
        "delta MP2,r (2)": 0.00377587334
    },
    "index": "0205",
    "jobtype": "SP",
    "logFile": "0205.log.gz",
    "method": "sapt2+3(ccd)dmp2-aug-cc-pvtz",
    "mols": [
        {
            "atoms": [
                {
                    "coords": [
                        0.0,
                        0.0,
                        -1.671408341525
                    ],
                    "elem": "Li"
                }
            ],
            "charge": 1,
            "compound": "lithium",
            "mult": 1
        },
        {
            "atoms": [
                {
                    "coords": [
                        0.0,
                        0.0,
                        0.148591658475
                    ],
                    "elem": "Br"
                }
            ],
            "charge": -1,
            "compound": "bromide",
            "mult": 1
        }
    ],
    "system": "lithium#bromide"
}