{
    "energies": {
        "Disp2 (CCD)": -0.00807905841,
        "Disp20": -0.01002229557,
        "Disp21": 0.00165687666,
        "Disp22 (S) (CCD)": -0.00018778644,
        "Disp22 (SDQ)": 9.474222e-05,
        "Disp22 (T)": -0.00094966005,
        "Disp22 (T) (CCD)": -0.00095985259,
        "Dispersion": -0.00676405389,
        "Electrostatics": -0.22593744656,
        "Elst10,r": -0.22462344481,
        "Elst12,r": -0.0017169791,
        "Est. Disp22 (T)": -0.00105895772,
        "Est. Disp22 (T) (CCD)": -0.0010703233400000001,
        "Exch-Disp20": 0.0032046043599999996,
        "Exch-Ind20,r": 0.13563632155,
        "Exch-Ind22": 0.0135048698,
        "Exch10": 0.07051617804,
        "Exch10(S^2)": 0.06853920028999999,
        "Exch11(S^2)": -0.00089251325,
        "Exch12(S^2)": 0.00285088148,
        "Exchange": 0.07247454627000001,
        "Ind20,r": -0.16066375375,
        "Ind22": -0.015996770270000002,
        "Induction": -0.01934905453,
        "InteractionEnergy": -0.18004122674,
        "delta HF,r (2)": 0.00334199993,
        "delta MP2,r (2)": 0.0041345474600000005
    },
    "index": "0004",
    "jobtype": "SP",
    "logFile": "0004.log.gz",
    "method": "sapt2+3(ccd)dmp2-aug-cc-pvtz",
    "mols": [
        {
            "atoms": [
                {
                    "coords": [
                        0.0,
                        0.0,
                        -1.229756118223
                    ],
                    "elem": "K"
                }
            ],
            "charge": 1,
            "compound": "potassium",
            "mult": 1
        },
        {
            "atoms": [
                {
                    "coords": [
                        0.0,
                        0.0,
                        1.370243881777
                    ],
                    "elem": "Cl"
                }
            ],
            "charge": -1,
            "compound": "chloride",
            "mult": 1
        }
    ],
    "system": "potassium#chloride"
}