{
    "energies": {
        "Disp2 (CCD)": -5.596e-07,
        "Disp20": -7.4728e-07,
        "Disp21": 1.7656000000000001e-07,
        "Disp22 (S) (CCD)": -1.412e-08,
        "Disp22 (SDQ)": -1.9000000000000002e-10,
        "Disp22 (T)": -9.279e-08,
        "Disp22 (T) (CCD)": -9.192999999999999e-08,
        "Dispersion": -6.6887e-07,
        "Electrostatics": -0.04569848878,
        "Elst10,r": -0.04569867105,
        "Elst12,r": 4.2376000000000003e-07,
        "Est. Disp22 (T)": -9.371e-08,
        "Est. Disp22 (T) (CCD)": -9.284999999999999e-08,
        "Exch-Disp20": 0.0,
        "Exch-Ind20,r": 2.8e-10,
        "Exch-Ind22": 2.0000000000000002e-11,
        "Exch10": 6e-11,
        "Exch10(S^2)": 6e-11,
        "Exch11(S^2)": 0.0,
        "Exch12(S^2)": 9e-11,
        "Exchange": 1.6000000000000002e-10,
        "Ind20,r": -6.768291999999999e-05,
        "Ind22": -4.37575e-06,
        "Induction": -7.273625000000001e-05,
        "InteractionEnergy": -0.045771652260000004,
        "delta HF,r (2)": 8.7588e-07,
        "delta MP2,r (2)": -1.5560699999999998e-06
    },
    "index": "0258",
    "jobtype": "SP",
    "logFile": "0258.log.gz",
    "method": "sapt2+3(ccd)dmp2-aug-cc-pvtz",
    "mols": [
        {
            "atoms": [
                {
                    "coords": [
                        0.0,
                        0.0,
                        -5.477144557315
                    ],
                    "elem": "K"
                }
            ],
            "charge": 1,
            "compound": "potassium",
            "mult": 1
        },
        {
            "atoms": [
                {
                    "coords": [
                        0.0,
                        0.0,
                        6.102855442685
                    ],
                    "elem": "Cl"
                }
            ],
            "charge": -1,
            "compound": "chloride",
            "mult": 1
        }
    ],
    "system": "potassium#chloride"
}