{
    "energies": {
        "Disp2 (CCD)": -0.001893776,
        "Disp20": -0.0018560461699999998,
        "Disp21": -3.879138e-05,
        "Disp22 (S) (CCD)": -0.0002054294,
        "Disp22 (SDQ)": -0.00023359847,
        "Disp22 (T)": -0.00017553051,
        "Disp22 (T) (CCD)": -0.00017006282000000002,
        "Dispersion": -0.00161448503,
        "Electrostatics": -0.29095417314000005,
        "Elst10,r": -0.29012649725,
        "Elst12,r": -0.0006083588899999999,
        "Est. Disp22 (T)": -0.00022601025,
        "Est. Disp22 (T) (CCD)": -0.00021897014,
        "Exch-Disp20": 0.00064584192,
        "Exch-Ind20,r": 0.07698718167,
        "Exch-Ind22": 0.02130021688,
        "Exch10": 0.05938975742,
        "Exch10(S^2)": 0.058580319090000006,
        "Exch11(S^2)": -0.00107606294,
        "Exch12(S^2)": 0.01188610554,
        "Exchange": 0.07019980001000001,
        "Ind20,r": -0.09380393144999999,
        "Ind22": -0.0259529449,
        "Induction": -0.01519582108,
        "InteractionEnergy": -0.23736511358,
        "delta HF,r (2)": 0.0041978021,
        "delta MP2,r (2)": 0.00211395187
    },
    "index": "0004",
    "jobtype": "SP",
    "logFile": "0004.log.gz",
    "method": "sapt2+3(ccd)dmp2-aug-cc-pvtz",
    "mols": [
        {
            "atoms": [
                {
                    "coords": [
                        0.0,
                        0.0,
                        -0.859693668656
                    ],
                    "elem": "Na"
                }
            ],
            "charge": 1,
            "compound": "sodium",
            "mult": 1
        },
        {
            "atoms": [
                {
                    "coords": [
                        0.0,
                        0.0,
                        1.040306331344
                    ],
                    "elem": "F"
                }
            ],
            "charge": -1,
            "compound": "fluoride",
            "mult": 1
        }
    ],
    "system": "sodium#fluoride"
}