{
    "energies": {
        "Disp2 (CCD)": -8.279884e-05,
        "Disp20": -0.0001065353,
        "Disp21": 2.187025e-05,
        "Disp22 (S) (CCD)": -3.66814e-06,
        "Disp22 (SDQ)": -1.83307e-06,
        "Disp22 (T)": -1.217566e-05,
        "Disp22 (T) (CCD)": -1.234211e-05,
        "Dispersion": -0.00011089557,
        "Electrostatics": -0.09587347730000001,
        "Elst10,r": -0.09585826725,
        "Elst12,r": -2.039995e-05,
        "Est. Disp22 (T)": -1.3035e-05,
        "Est. Disp22 (T) (CCD)": -1.3213199999999999e-05,
        "Exch-Disp20": 3.43707e-06,
        "Exch-Ind20,r": 0.00018193567999999998,
        "Exch-Ind22": 1.6889700000000002e-05,
        "Exch10": 5.358335e-05,
        "Exch10(S^2)": 5.3581869999999994e-05,
        "Exch11(S^2)": -1.8037000000000002e-07,
        "Exch12(S^2)": 1.2609499999999998e-05,
        "Exchange": 6.601248e-05,
        "Ind20,r": -0.0022726891400000004,
        "Ind22": -0.00021098136,
        "Induction": -0.00242616862,
        "InteractionEnergy": -0.09834991568,
        "delta HF,r (2)": 4.007586e-05,
        "delta MP2,r (2)": -0.00019624858
    },
    "index": "0223",
    "jobtype": "SP",
    "logFile": "0223.log.gz",
    "method": "sapt2+3(ccd)dmp2-aug-cc-pvtz",
    "mols": [
        {
            "atoms": [
                {
                    "coords": [
                        0.0,
                        0.0,
                        -3.708856541235
                    ],
                    "elem": "K"
                }
            ],
            "charge": 1,
            "compound": "potassium",
            "mult": 1
        },
        {
            "atoms": [
                {
                    "coords": [
                        0.0,
                        0.0,
                        1.831143458765
                    ],
                    "elem": "Br"
                }
            ],
            "charge": -1,
            "compound": "bromide",
            "mult": 1
        }
    ],
    "system": "potassium#bromide"
}