{
    "energies": {
        "Disp2 (CCD)": -0.00296532702,
        "Disp20": -0.00337749194,
        "Disp21": 0.00028172388,
        "Disp22 (S) (CCD)": -0.0003831591,
        "Disp22 (SDQ)": -0.00038412957,
        "Disp22 (T)": -0.0004738228,
        "Disp22 (T) (CCD)": -0.00043945477,
        "Dispersion": -0.00302386701,
        "Electrostatics": -0.21016036942,
        "Elst10,r": -0.20918586437,
        "Elst12,r": -0.00260696972,
        "Est. Disp22 (T)": -0.00053934821,
        "Est. Disp22 (T) (CCD)": -0.0005002274,
        "Exch-Disp20": 0.00092122714,
        "Exch-Ind20,r": 0.032333005559999996,
        "Exch-Ind22": 0.01360004507,
        "Exch10": 0.0184975169,
        "Exch10(S^2)": 0.018354820579999997,
        "Exch11(S^2)": -0.00023390118,
        "Exch12(S^2)": 0.006504832590000001,
        "Exchange": 0.02476844831,
        "Ind20,r": -0.042957298399999996,
        "Ind22": -0.018068879899999998,
        "Induction": -0.012400689699999998,
        "InteractionEnergy": -0.20244984953,
        "delta HF,r (2)": -0.0007842137900000001,
        "delta MP2,r (2)": 0.0033793640800000003
    },
    "index": "0208",
    "jobtype": "SP",
    "logFile": "0208.log.gz",
    "method": "sapt2+3(ccd)dmp2-aug-cc-pvtz",
    "mols": [
        {
            "atoms": [
                {
                    "coords": [
                        0.0,
                        0.0,
                        -0.852209288484
                    ],
                    "elem": "K"
                }
            ],
            "charge": 1,
            "compound": "potassium",
            "mult": 1
        },
        {
            "atoms": [
                {
                    "coords": [
                        0.0,
                        0.0,
                        1.747790711516
                    ],
                    "elem": "F"
                }
            ],
            "charge": -1,
            "compound": "fluoride",
            "mult": 1
        }
    ],
    "system": "potassium#fluoride"
}