{
    "energies": {
        "Disp2 (CCD)": -9.4383e-07,
        "Disp20": -8.667e-07,
        "Disp21": -8.868e-08,
        "Disp22 (S) (CCD)": -1.4913e-07,
        "Disp22 (SDQ)": -1.5213e-07,
        "Disp22 (T)": -1.1668e-07,
        "Disp22 (T) (CCD)": -1.1914000000000001e-07,
        "Dispersion": -1.2488e-06,
        "Electrostatics": -0.08454132077,
        "Elst10,r": -0.08453829781000001,
        "Elst12,r": -5.269603e-05,
        "Est. Disp22 (T)": -1.2348e-07,
        "Est. Disp22 (T) (CCD)": -1.2607e-07,
        "Exch-Disp20": 2.02e-09,
        "Exch-Ind20,r": 5.1137e-07,
        "Exch-Ind22": 1.4826e-07,
        "Exch10": 1.87e-07,
        "Exch10(S^2)": 1.87e-07,
        "Exch11(S^2)": -7.5e-10,
        "Exch12(S^2)": 3.4895e-07,
        "Exchange": 5.352e-07,
        "Ind20,r": -0.00023153574,
        "Ind22": -6.713036e-05,
        "Induction": -0.00039474515,
        "InteractionEnergy": -0.08498645356,
        "delta HF,r (2)": -1.763186e-05,
        "delta MP2,r (2)": -7.913958e-05
    },
    "index": "0235",
    "jobtype": "SP",
    "logFile": "0235.log.gz",
    "method": "sapt2+3(ccd)dmp2-aug-cc-pvtz",
    "mols": [
        {
            "atoms": [
                {
                    "coords": [
                        0.0,
                        0.0,
                        -2.832464403047
                    ],
                    "elem": "Na"
                }
            ],
            "charge": 1,
            "compound": "sodium",
            "mult": 1
        },
        {
            "atoms": [
                {
                    "coords": [
                        0.0,
                        0.0,
                        3.427535596953
                    ],
                    "elem": "F"
                }
            ],
            "charge": -1,
            "compound": "fluoride",
            "mult": 1
        }
    ],
    "system": "sodium#fluoride"
}