{
    "energies": {
        "Disp2 (CCD)": -0.00199643569,
        "Disp20": -0.0024537617,
        "Disp21": 0.00038119455000000003,
        "Disp22 (S) (CCD)": -7.322792e-05,
        "Disp22 (SDQ)": -5.430210000000001e-06,
        "Disp22 (T)": -0.00025918773,
        "Disp22 (T) (CCD)": -0.00026519358999999997,
        "Dispersion": -0.00212451611,
        "Electrostatics": -0.16339662101,
        "Elst10,r": -0.16302183139999998,
        "Elst12,r": -0.00055481572,
        "Est. Disp22 (T)": -0.00028932370000000004,
        "Est. Disp22 (T) (CCD)": -0.00029602787,
        "Exch-Disp20": 0.00053784678,
        "Exch-Ind20,r": 0.0224455928,
        "Exch-Ind22": 0.00295297608,
        "Exch10": 0.00960741902,
        "Exch10(S^2)": 0.009563711720000001,
        "Exch11(S^2)": -5.684768e-05,
        "Exch12(S^2)": 0.00098842193,
        "Exchange": 0.01053899326,
        "Ind20,r": -0.033239710809999996,
        "Ind22": -0.00437306654,
        "Induction": -0.01099513309,
        "InteractionEnergy": -0.16616579902999998,
        "delta HF,r (2)": 9.795471e-05,
        "delta MP2,r (2)": 0.00081595329
    },
    "index": "0211",
    "jobtype": "SP",
    "logFile": "0211.log.gz",
    "method": "sapt2+3(ccd)dmp2-aug-cc-pvtz",
    "mols": [
        {
            "atoms": [
                {
                    "coords": [
                        0.0,
                        0.0,
                        -1.560844303898
                    ],
                    "elem": "K"
                }
            ],
            "charge": 1,
            "compound": "potassium",
            "mult": 1
        },
        {
            "atoms": [
                {
                    "coords": [
                        0.0,
                        0.0,
                        1.739155696102
                    ],
                    "elem": "Cl"
                }
            ],
            "charge": -1,
            "compound": "chloride",
            "mult": 1
        }
    ],
    "system": "potassium#chloride"
}