{
    "energies": {
        "Disp2 (CCD)": -1.44e-07,
        "Disp20": -1.4943e-07,
        "Disp21": 3.2600000000000003e-09,
        "Disp22 (S) (CCD)": -9.72e-09,
        "Disp22 (SDQ)": -6.44e-09,
        "Disp22 (T)": -1.618e-08,
        "Disp22 (T) (CCD)": -1.7309999999999998e-08,
        "Dispersion": -1.7241000000000002e-07,
        "Electrostatics": -0.053671122519999996,
        "Elst10,r": -0.05366963692,
        "Elst12,r": -2.6436400000000002e-06,
        "Est. Disp22 (T)": -1.651e-08,
        "Est. Disp22 (T) (CCD)": -1.767e-08,
        "Exch-Disp20": 0.0,
        "Exch-Ind20,r": 1.01e-09,
        "Exch-Ind22": 8.000000000000001e-11,
        "Exch10": 1.2e-10,
        "Exch10(S^2)": 1.2e-10,
        "Exch11(S^2)": -1.0000000000000001e-11,
        "Exch12(S^2)": -1.23e-09,
        "Exchange": -1.1099999999999999e-09,
        "Ind20,r": -0.00011254559,
        "Ind22": -9.26066e-06,
        "Induction": -0.00012831451,
        "InteractionEnergy": -0.05380076861,
        "delta HF,r (2)": -1.67058e-06,
        "delta MP2,r (2)": -4.83981e-06
    },
    "index": "0255",
    "jobtype": "SP",
    "logFile": "0255.log.gz",
    "method": "sapt2+3(ccd)dmp2-aug-cc-pvtz",
    "mols": [
        {
            "atoms": [
                {
                    "coords": [
                        0.0,
                        0.0,
                        -5.948949021919
                    ],
                    "elem": "Na"
                }
            ],
            "charge": 1,
            "compound": "sodium",
            "mult": 1
        },
        {
            "atoms": [
                {
                    "coords": [
                        0.0,
                        0.0,
                        3.911050978081
                    ],
                    "elem": "Cl"
                }
            ],
            "charge": -1,
            "compound": "chloride",
            "mult": 1
        }
    ],
    "system": "sodium#chloride"
}