{
    "energies": {
        "Disp2 (CCD)": -0.0030899598899999997,
        "Disp20": -0.0032028271,
        "Disp21": 5.8298780000000004e-05,
        "Disp22 (S) (CCD)": -0.00015470542000000002,
        "Disp22 (SDQ)": -9.323211000000001e-05,
        "Disp22 (T)": -0.00024460787000000003,
        "Disp22 (T) (CCD)": -0.00026480196,
        "Dispersion": -0.00213993151,
        "Electrostatics": -0.27902031023,
        "Elst10,r": -0.27888946515999996,
        "Elst12,r": 0.0002819488,
        "Est. Disp22 (T)": -0.00028410498,
        "Est. Disp22 (T) (CCD)": -0.00030755983,
        "Exch-Disp20": 0.0012685467399999998,
        "Exch-Ind20,r": 0.17531207587,
        "Exch-Ind22": 0.011314371870000001,
        "Exch10": 0.12020576735,
        "Exch10(S^2)": 0.11692683639000001,
        "Exch11(S^2)": -0.00266376904,
        "Exch12(S^2)": 0.0036063756699999997,
        "Exchange": 0.12114837398,
        "Ind20,r": -0.21149527483,
        "Ind22": -0.01364957991,
        "Induction": -0.021987907549999998,
        "InteractionEnergy": -0.18166974961,
        "delta HF,r (2)": 0.012652653750000001,
        "delta MP2,r (2)": 0.00393882442
    },
    "index": "0001",
    "jobtype": "SP",
    "logFile": "0001.log.gz",
    "method": "sapt2+3(ccd)dmp2-aug-cc-pvtz",
    "mols": [
        {
            "atoms": [
                {
                    "coords": [
                        0.0,
                        0.0,
                        -1.236850455876
                    ],
                    "elem": "Na"
                }
            ],
            "charge": 1,
            "compound": "sodium",
            "mult": 1
        },
        {
            "atoms": [
                {
                    "coords": [
                        0.0,
                        0.0,
                        0.813149544124
                    ],
                    "elem": "Cl"
                }
            ],
            "charge": -1,
            "compound": "chloride",
            "mult": 1
        }
    ],
    "system": "sodium#chloride"
}