{
    "energies": {
        "Disp2 (CCD)": -1.5128e-07,
        "Disp20": -1.7783999999999998e-07,
        "Disp21": 1.97e-08,
        "Disp22 (S) (CCD)": -1.341e-08,
        "Disp22 (SDQ)": -9.130000000000001e-09,
        "Disp22 (T)": -2.775e-08,
        "Disp22 (T) (CCD)": -2.6590000000000002e-08,
        "Dispersion": -1.9165e-07,
        "Electrostatics": -0.04344527654,
        "Elst10,r": -0.04344584788,
        "Elst12,r": 2.44406e-06,
        "Est. Disp22 (T)": -2.798e-08,
        "Est. Disp22 (T) (CCD)": -2.682e-08,
        "Exch-Disp20": 1.0000000000000001e-11,
        "Exch-Ind20,r": 3.7e-10,
        "Exch-Ind22": 4.0000000000000004e-11,
        "Exch10": 9e-11,
        "Exch10(S^2)": 9e-11,
        "Exch11(S^2)": -0.0,
        "Exch12(S^2)": 2.8e-10,
        "Exchange": 3.7e-10,
        "Ind20,r": -2.197785e-05,
        "Ind22": -2.62393e-06,
        "Induction": -2.839754e-05,
        "InteractionEnergy": -0.043471992640000005,
        "delta HF,r (2)": -5.9075e-07,
        "delta MP2,r (2)": -3.20559e-06
    },
    "index": "0266",
    "jobtype": "SP",
    "logFile": "0266.log.gz",
    "method": "sapt2+3(ccd)dmp2-aug-cc-pvtz",
    "mols": [
        {
            "atoms": [
                {
                    "coords": [
                        0.0,
                        0.0,
                        -3.992272743743
                    ],
                    "elem": "K"
                }
            ],
            "charge": 1,
            "compound": "potassium",
            "mult": 1
        },
        {
            "atoms": [
                {
                    "coords": [
                        0.0,
                        0.0,
                        8.187727256257
                    ],
                    "elem": "F"
                }
            ],
            "charge": -1,
            "compound": "fluoride",
            "mult": 1
        }
    ],
    "system": "potassium#fluoride"
}