{
    "energies": {
        "Disp2 (CCD)": -0.00262262543,
        "Disp20": -0.00261305501,
        "Disp21": -2.50951e-06,
        "Disp22 (S) (CCD)": -0.00026773072,
        "Disp22 (SDQ)": -0.00031676289,
        "Disp22 (T)": -0.00025613648,
        "Disp22 (T) (CCD)": -0.00024823169,
        "Dispersion": -0.0020759526500000003,
        "Electrostatics": -0.31213583562,
        "Elst10,r": -0.31110593352,
        "Elst12,r": -0.00045950412,
        "Est. Disp22 (T)": -0.00029584623,
        "Est. Disp22 (T) (CCD)": -0.00028671594,
        "Exch-Disp20": 0.00097544875,
        "Exch-Ind20,r": 0.10484257804000001,
        "Exch-Ind22": 0.02637065123,
        "Exch10": 0.08604796415,
        "Exch10(S^2)": 0.0844144501,
        "Exch11(S^2)": -0.0016697207999999998,
        "Exch12(S^2)": 0.01447539082,
        "Exchange": 0.09885363417000001,
        "Ind20,r": -0.12435677203,
        "Ind22": -0.03127898154,
        "Induction": -0.0166613848,
        "InteractionEnergy": -0.23148237039,
        "delta HF,r (2)": 0.00567183745,
        "delta MP2,r (2)": 0.0021817432499999997
    },
    "index": "0002",
    "jobtype": "SP",
    "logFile": "0002.log.gz",
    "method": "sapt2+3(ccd)dmp2-aug-cc-pvtz",
    "mols": [
        {
            "atoms": [
                {
                    "coords": [
                        0.0,
                        0.0,
                        -0.814446633464
                    ],
                    "elem": "Na"
                }
            ],
            "charge": 1,
            "compound": "sodium",
            "mult": 1
        },
        {
            "atoms": [
                {
                    "coords": [
                        0.0,
                        0.0,
                        0.985553366536
                    ],
                    "elem": "F"
                }
            ],
            "charge": -1,
            "compound": "fluoride",
            "mult": 1
        }
    ],
    "system": "sodium#fluoride"
}