{
    "energies": {
        "Disp2 (CCD)": -1.6553e-07,
        "Disp20": -1.9457999999999999e-07,
        "Disp21": 2.1529999999999998e-08,
        "Disp22 (S) (CCD)": -1.468e-08,
        "Disp22 (SDQ)": -1.001e-08,
        "Disp22 (T)": -3.036e-08,
        "Disp22 (T) (CCD)": -2.91e-08,
        "Dispersion": -2.0973e-07,
        "Electrostatics": -0.04409695451,
        "Elst10,r": -0.04409753554,
        "Elst12,r": 2.4833e-06,
        "Est. Disp22 (T)": -3.062e-08,
        "Est. Disp22 (T) (CCD)": -2.9349999999999998e-08,
        "Exch-Disp20": 1.0000000000000001e-11,
        "Exch-Ind20,r": 4.8e-10,
        "Exch-Ind22": 6e-11,
        "Exch10": 1.1000000000000001e-10,
        "Exch10(S^2)": 1.1000000000000001e-10,
        "Exch11(S^2)": -0.0,
        "Exch12(S^2)": 3.7e-10,
        "Exchange": 4.8e-10,
        "Ind20,r": -2.333148e-05,
        "Ind22": -2.78704e-06,
        "Induction": -3.005037e-05,
        "InteractionEnergy": -0.044125311869999996,
        "delta HF,r (2)": -6.341600000000001e-07,
        "delta MP2,r (2)": -3.2984199999999998e-06
    },
    "index": "0265",
    "jobtype": "SP",
    "logFile": "0265.log.gz",
    "method": "sapt2+3(ccd)dmp2-aug-cc-pvtz",
    "mols": [
        {
            "atoms": [
                {
                    "coords": [
                        0.0,
                        0.0,
                        -3.933273639155
                    ],
                    "elem": "K"
                }
            ],
            "charge": 1,
            "compound": "potassium",
            "mult": 1
        },
        {
            "atoms": [
                {
                    "coords": [
                        0.0,
                        0.0,
                        8.066726360844
                    ],
                    "elem": "F"
                }
            ],
            "charge": -1,
            "compound": "fluoride",
            "mult": 1
        }
    ],
    "system": "potassium#fluoride"
}