{
    "energies": {
        "Disp2 (CCD)": -0.00556420137,
        "Disp20": -0.00561077105,
        "Disp21": 5.406923e-05,
        "Disp22 (S) (CCD)": -0.00024010147000000002,
        "Disp22 (SDQ)": -0.00031321575000000003,
        "Disp22 (T)": -0.00035106979999999997,
        "Disp22 (T) (CCD)": -0.00034509620000000005,
        "Dispersion": -0.00815837913,
        "Electrostatics": -0.39388022341,
        "Elst10,r": -0.39894297006,
        "Elst12,r": 0.014598823700000001,
        "Est. Disp22 (T)": -0.00039637466,
        "Est. Disp22 (T) (CCD)": -0.00038963018999999997,
        "Exch-Disp20": 0.0002892304,
        "Exch-Ind20,r": 0.10645949573999999,
        "Exch-Ind22": 0.01638580661,
        "Exch10": 0.22321099575,
        "Exch10(S^2)": 0.21181134832999998,
        "Exch11(S^2)": -0.00218118124,
        "Exch12(S^2)": 0.01209787738,
        "Exchange": 0.2331276919,
        "Ind20,r": -0.14592766133,
        "Ind22": -0.02246058391,
        "Induction": -0.07520567610000001,
        "InteractionEnergy": -0.23453802283,
        "delta HF,r (2)": -0.03124445548,
        "delta MP2,r (2)": -0.00062946738
    },
    "index": "0202",
    "jobtype": "SP",
    "logFile": "0202.log.gz",
    "method": "sapt2+3(ccd)dmp2-aug-cc-pvtz",
    "mols": [
        {
            "atoms": [
                {
                    "coords": [
                        0.0,
                        0.0,
                        -0.920181972771
                    ],
                    "elem": "Li"
                }
            ],
            "charge": 1,
            "compound": "lithium",
            "mult": 1
        },
        {
            "atoms": [
                {
                    "coords": [
                        0.0,
                        0.0,
                        0.339818027229
                    ],
                    "elem": "F"
                }
            ],
            "charge": -1,
            "compound": "fluoride",
            "mult": 1
        }
    ],
    "system": "lithium#fluoride"
}