{
    "energies": {
        "Disp2 (CCD)": -0.0017042903000000001,
        "Disp20": -0.00171818763,
        "Disp21": -1.0889829999999999e-05,
        "Disp22 (S) (CCD)": -8.93767e-05,
        "Disp22 (SDQ)": -5.771705e-05,
        "Disp22 (T)": -0.00012611239,
        "Disp22 (T) (CCD)": -0.0001382679,
        "Dispersion": -0.0014493737600000001,
        "Electrostatics": -0.22963889446,
        "Elst10,r": -0.22942085387,
        "Elst12,r": -9.824589e-05,
        "Est. Disp22 (T)": -0.00015086937,
        "Est. Disp22 (T) (CCD)": -0.00016541112,
        "Exch-Disp20": 0.0005789360599999999,
        "Exch-Ind20,r": 0.10282662216,
        "Exch-Ind22": 0.0072143007299999996,
        "Exch10": 0.058744249340000006,
        "Exch10(S^2)": 0.057916439789999996,
        "Exch11(S^2)": -0.00114709043,
        "Exch12(S^2)": 0.00243462333,
        "Exchange": 0.06003178224,
        "Ind20,r": -0.13351018531,
        "Ind22": -0.00936705503,
        "Induction": -0.02303406939,
        "InteractionEnergy": -0.19400339624000001,
        "delta HF,r (2)": 0.0078124946700000005,
        "delta MP2,r (2)": 0.0018878861099999999
    },
    "index": "0004",
    "jobtype": "SP",
    "logFile": "0004.log.gz",
    "method": "sapt2+3(ccd)dmp2-aug-cc-pvtz",
    "mols": [
        {
            "atoms": [
                {
                    "coords": [
                        0.0,
                        0.0,
                        -1.85857647674
                    ],
                    "elem": "Na"
                }
            ],
            "charge": 1,
            "compound": "sodium",
            "mult": 1
        },
        {
            "atoms": [
                {
                    "coords": [
                        0.0,
                        0.0,
                        0.54142352326
                    ],
                    "elem": "Br"
                }
            ],
            "charge": -1,
            "compound": "bromide",
            "mult": 1
        }
    ],
    "system": "sodium#bromide"
}