{
    "energies": {
        "Disp2 (CCD)": -5.1711e-07,
        "Disp20": -4.867e-07,
        "Disp21": -3.999e-08,
        "Disp22 (S) (CCD)": -6.922000000000001e-08,
        "Disp22 (SDQ)": -7.357e-08,
        "Disp22 (T)": -5.185e-08,
        "Disp22 (T) (CCD)": -5.152e-08,
        "Dispersion": -6.6739e-07,
        "Electrostatics": -0.091873578,
        "Elst10,r": -0.09187321394999999,
        "Elst12,r": -6.152028e-05,
        "Est. Disp22 (T)": -5.64e-08,
        "Est. Disp22 (T) (CCD)": -5.604e-08,
        "Exch-Disp20": 3.19e-09,
        "Exch-Ind20,r": 6.4214e-07,
        "Exch-Ind22": 1.9921000000000002e-07,
        "Exch10": 2.5754e-07,
        "Exch10(S^2)": 2.5754e-07,
        "Exch11(S^2)": -4.7e-10,
        "Exch12(S^2)": 4.6983e-07,
        "Exchange": 7.2689e-07,
        "Ind20,r": -0.00032779643,
        "Ind22": -0.00010169027999999999,
        "Induction": -0.00062845236,
        "InteractionEnergy": -0.09256312776999999,
        "delta HF,r (2)": -4.041985e-05,
        "delta MP2,r (2)": -0.00015941605
    },
    "index": "0237",
    "jobtype": "SP",
    "logFile": "0237.log.gz",
    "method": "sapt2+3(ccd)dmp2-aug-cc-pvtz",
    "mols": [
        {
            "atoms": [
                {
                    "coords": [
                        0.0,
                        0.0,
                        -4.206546161239
                    ],
                    "elem": "Li"
                }
            ],
            "charge": 1,
            "compound": "lithium",
            "mult": 1
        },
        {
            "atoms": [
                {
                    "coords": [
                        0.0,
                        0.0,
                        1.553453838761
                    ],
                    "elem": "F"
                }
            ],
            "charge": -1,
            "compound": "fluoride",
            "mult": 1
        }
    ],
    "system": "lithium#fluoride"
}