{
    "energies": {
        "Disp2 (CCD)": -0.00390181632,
        "Disp20": -0.00387203519,
        "Disp21": -4.011616e-05,
        "Disp22 (S) (CCD)": -0.00020051416,
        "Disp22 (SDQ)": -0.0002338981,
        "Disp22 (T)": -0.0002333782,
        "Disp22 (T) (CCD)": -0.00022926307000000002,
        "Dispersion": -0.00547204617,
        "Electrostatics": -0.37011750471,
        "Elst10,r": -0.37380031146,
        "Elst12,r": 0.01109588138,
        "Est. Disp22 (T)": -0.0003110615,
        "Est. Disp22 (T) (CCD)": -0.0003055766,
        "Exch-Disp20": 0.00031080805,
        "Exch-Ind20,r": 0.08396855969,
        "Exch-Ind22": 0.01413953043,
        "Exch10": 0.14990902661000002,
        "Exch10(S^2)": 0.14460198130000002,
        "Exch11(S^2)": -0.0015736529500000001,
        "Exch12(S^2)": 0.01201967418,
        "Exchange": 0.16035504784,
        "Ind20,r": -0.11514596148,
        "Ind22": -0.019389517130000002,
        "Induction": -0.05938595212,
        "InteractionEnergy": -0.26718700113,
        "delta HF,r (2)": -0.02247874487,
        "delta MP2,r (2)": -0.00183438649
    },
    "index": "0002",
    "jobtype": "SP",
    "logFile": "0002.log.gz",
    "method": "sapt2+3(ccd)dmp2-aug-cc-pvtz",
    "mols": [
        {
            "atoms": [
                {
                    "coords": [
                        0.0,
                        0.0,
                        -0.99321228807
                    ],
                    "elem": "Li"
                }
            ],
            "charge": 1,
            "compound": "lithium",
            "mult": 1
        },
        {
            "atoms": [
                {
                    "coords": [
                        0.0,
                        0.0,
                        0.36678771193
                    ],
                    "elem": "F"
                }
            ],
            "charge": -1,
            "compound": "fluoride",
            "mult": 1
        }
    ],
    "system": "lithium#fluoride"
}