{
    "energies": {
        "Disp2 (CCD)": -0.00435136403,
        "Disp20": -0.00539217451,
        "Disp21": 0.00090100643,
        "Disp22 (S) (CCD)": -0.00012824057,
        "Disp22 (SDQ)": 1.6529660000000003e-05,
        "Disp22 (T)": -0.0005054409199999999,
        "Disp22 (T) (CCD)": -0.0005174522,
        "Dispersion": -0.00416548292,
        "Electrostatics": -0.18277218318000002,
        "Elst10,r": -0.18212713747,
        "Elst12,r": -0.00082718049,
        "Est. Disp22 (T)": -0.0005723805699999999,
        "Est. Disp22 (T) (CCD)": -0.00058598259,
        "Exch-Disp20": 0.00152995555,
        "Exch-Ind20,r": 0.06744219321999999,
        "Exch-Ind22": 0.006576613100000001,
        "Exch10": 0.029266551840000002,
        "Exch10(S^2)": 0.02889249451,
        "Exch11(S^2)": -0.00031972359,
        "Exch12(S^2)": 0.0015840387,
        "Exchange": 0.03053086695,
        "Ind20,r": -0.08480664433,
        "Ind22": -0.008269904370000001,
        "Induction": -0.01561778374,
        "InteractionEnergy": -0.17223272835,
        "delta HF,r (2)": 0.0014631637200000001,
        "delta MP2,r (2)": 0.00132093295
    },
    "index": "0009",
    "jobtype": "SP",
    "logFile": "0009.log.gz",
    "method": "sapt2+3(ccd)dmp2-aug-cc-pvtz",
    "mols": [
        {
            "atoms": [
                {
                    "coords": [
                        0.0,
                        0.0,
                        -2.041879503749
                    ],
                    "elem": "K"
                }
            ],
            "charge": 1,
            "compound": "potassium",
            "mult": 1
        },
        {
            "atoms": [
                {
                    "coords": [
                        0.0,
                        0.0,
                        1.008120496251
                    ],
                    "elem": "Br"
                }
            ],
            "charge": -1,
            "compound": "bromide",
            "mult": 1
        }
    ],
    "system": "potassium#bromide"
}