{
    "energies": {
        "Disp2 (CCD)": -3.6735e-07,
        "Disp20": -4.3132000000000003e-07,
        "Disp21": 4.7240000000000005e-08,
        "Disp22 (S) (CCD)": -3.29e-08,
        "Disp22 (SDQ)": -2.271e-08,
        "Disp22 (T)": -6.732e-08,
        "Disp22 (T) (CCD)": -6.456e-08,
        "Dispersion": -4.6602e-07,
        "Electrostatics": -0.050300742100000004,
        "Elst10,r": -0.05030140643,
        "Elst12,r": 2.75999e-06,
        "Est. Disp22 (T)": -6.792e-08,
        "Est. Disp22 (T) (CCD)": -6.512999999999999e-08,
        "Exch-Disp20": 4.9999999999999995e-11,
        "Exch-Ind20,r": 2.4099999999999997e-09,
        "Exch-Ind22": 2.9e-10,
        "Exch10": 5.700000000000001e-10,
        "Exch10(S^2)": 5.700000000000001e-10,
        "Exch11(S^2)": -1.0000000000000001e-11,
        "Exch12(S^2)": 2.0600000000000003e-09,
        "Exchange": 2.62e-09,
        "Ind20,r": -3.96006e-05,
        "Ind22": -4.77649e-06,
        "Induction": -4.954461e-05,
        "InteractionEnergy": -0.050348654439999994,
        "delta HF,r (2)": -7.9807e-07,
        "delta MP2,r (2)": -4.37283e-06
    },
    "index": "0256",
    "jobtype": "SP",
    "logFile": "0256.log.gz",
    "method": "sapt2+3(ccd)dmp2-aug-cc-pvtz",
    "mols": [
        {
            "atoms": [
                {
                    "coords": [
                        0.0,
                        0.0,
                        -3.448169890326
                    ],
                    "elem": "K"
                }
            ],
            "charge": 1,
            "compound": "potassium",
            "mult": 1
        },
        {
            "atoms": [
                {
                    "coords": [
                        0.0,
                        0.0,
                        7.071830109674
                    ],
                    "elem": "F"
                }
            ],
            "charge": -1,
            "compound": "fluoride",
            "mult": 1
        }
    ],
    "system": "potassium#fluoride"
}