{
    "energies": {
        "Disp2 (CCD)": -1.119036e-05,
        "Disp20": -1.0305099999999999e-05,
        "Disp21": -1.0782000000000001e-06,
        "Disp22 (S) (CCD)": -2.16666e-06,
        "Disp22 (SDQ)": -2.4719400000000003e-06,
        "Disp22 (T)": -1.0361700000000002e-06,
        "Disp22 (T) (CCD)": -9.9746e-07,
        "Dispersion": -1.5827219999999998e-05,
        "Electrostatics": -0.14300212167,
        "Elst10,r": -0.14301674077,
        "Elst12,r": -7.051486e-05,
        "Est. Disp22 (T)": -1.32463e-06,
        "Est. Disp22 (T) (CCD)": -1.27514e-06,
        "Exch-Disp20": 8.827e-07,
        "Exch-Ind20,r": 0.00015137655,
        "Exch-Ind22": 5.437978e-05,
        "Exch10": 7.601935e-05,
        "Exch10(S^2)": 7.60179e-05,
        "Exch11(S^2)": -1.9723e-07,
        "Exch12(S^2)": 7.570371e-05,
        "Exchange": 0.00015152583,
        "Ind20,r": -0.0025212634199999998,
        "Ind22": -0.00090572641,
        "Induction": -0.00483331695,
        "InteractionEnergy": -0.14778500645,
        "delta HF,r (2)": -0.00056567708,
        "delta MP2,r (2)": -0.00104861661
    },
    "index": "0221",
    "jobtype": "SP",
    "logFile": "0221.log.gz",
    "method": "sapt2+3(ccd)dmp2-aug-cc-pvtz",
    "mols": [
        {
            "atoms": [
                {
                    "coords": [
                        0.0,
                        0.0,
                        -2.702121666074
                    ],
                    "elem": "Li"
                }
            ],
            "charge": 1,
            "compound": "lithium",
            "mult": 1
        },
        {
            "atoms": [
                {
                    "coords": [
                        0.0,
                        0.0,
                        0.997878333926
                    ],
                    "elem": "F"
                }
            ],
            "charge": -1,
            "compound": "fluoride",
            "mult": 1
        }
    ],
    "system": "lithium#fluoride"
}