{
    "energies": {
        "Disp2 (CCD)": -1.0394e-07,
        "Disp20": -9.624e-08,
        "Disp21": -8.99e-09,
        "Disp22 (S) (CCD)": -1.3050000000000001e-08,
        "Disp22 (SDQ)": -1.213e-08,
        "Disp22 (T)": -1.295e-08,
        "Disp22 (T) (CCD)": -1.3380000000000001e-08,
        "Dispersion": -1.3112e-07,
        "Electrostatics": -0.05959655739,
        "Elst10,r": -0.05959516996,
        "Elst12,r": -1.158544e-05,
        "Est. Disp22 (T)": -1.327e-08,
        "Est. Disp22 (T) (CCD)": -1.3699999999999999e-08,
        "Exch-Disp20": -1.0000000000000001e-11,
        "Exch-Ind20,r": 6e-11,
        "Exch-Ind22": 1.0000000000000001e-11,
        "Exch10": -7e-11,
        "Exch10(S^2)": -7e-11,
        "Exch11(S^2)": -1.0000000000000001e-11,
        "Exch12(S^2)": -1.15e-09,
        "Exchange": -1.23e-09,
        "Ind20,r": -5.037824e-05,
        "Ind22": -1.168778e-05,
        "Induction": -6.897609e-05,
        "InteractionEnergy": -0.059675863829999995,
        "delta HF,r (2)": -6.4146e-07,
        "delta MP2,r (2)": -6.2691e-06
    },
    "index": "0253",
    "jobtype": "SP",
    "logFile": "0253.log.gz",
    "method": "sapt2+3(ccd)dmp2-aug-cc-pvtz",
    "mols": [
        {
            "atoms": [
                {
                    "coords": [
                        0.0,
                        0.0,
                        -4.017936725089
                    ],
                    "elem": "Na"
                }
            ],
            "charge": 1,
            "compound": "sodium",
            "mult": 1
        },
        {
            "atoms": [
                {
                    "coords": [
                        0.0,
                        0.0,
                        4.862063274911
                    ],
                    "elem": "F"
                }
            ],
            "charge": -1,
            "compound": "fluoride",
            "mult": 1
        }
    ],
    "system": "sodium#fluoride"
}