{
    "energies": {
        "Disp2 (CCD)": -2.1191e-07,
        "Disp20": -2.4902000000000004e-07,
        "Disp21": 2.7480000000000002e-08,
        "Disp22 (S) (CCD)": -1.885e-08,
        "Disp22 (SDQ)": -1.289e-08,
        "Disp22 (T)": -3.886e-08,
        "Disp22 (T) (CCD)": -3.725e-08,
        "Dispersion": -2.6858e-07,
        "Electrostatics": -0.04593432712,
        "Elst10,r": -0.04593493505,
        "Elst12,r": 2.58792e-06,
        "Est. Disp22 (T)": -3.919e-08,
        "Est. Disp22 (T) (CCD)": -3.757e-08,
        "Exch-Disp20": 2.0000000000000002e-11,
        "Exch-Ind20,r": 9.2e-10,
        "Exch-Ind22": 1.1000000000000001e-10,
        "Exch10": 2.2000000000000002e-10,
        "Exch10(S^2)": 2.2000000000000002e-10,
        "Exch11(S^2)": -0.0,
        "Exch12(S^2)": 7.2e-10,
        "Exchange": 9.4e-10,
        "Ind20,r": -2.748773e-05,
        "Ind22": -3.29e-06,
        "Induction": -3.502005e-05,
        "InteractionEnergy": -0.04596763483,
        "delta HF,r (2)": -6.7539e-07,
        "delta MP2,r (2)": -3.56823e-06
    },
    "index": "0262",
    "jobtype": "SP",
    "logFile": "0262.log.gz",
    "method": "sapt2+3(ccd)dmp2-aug-cc-pvtz",
    "mols": [
        {
            "atoms": [
                {
                    "coords": [
                        0.0,
                        0.0,
                        -3.775942693589
                    ],
                    "elem": "K"
                }
            ],
            "charge": 1,
            "compound": "potassium",
            "mult": 1
        },
        {
            "atoms": [
                {
                    "coords": [
                        0.0,
                        0.0,
                        7.744057306411
                    ],
                    "elem": "F"
                }
            ],
            "charge": -1,
            "compound": "fluoride",
            "mult": 1
        }
    ],
    "system": "potassium#fluoride"
}