{
    "energies": {
        "Disp2 (CCD)": -0.00242669891,
        "Disp20": -0.0030031403600000004,
        "Disp21": 0.00049814223,
        "Disp22 (S) (CCD)": -8.371483000000001e-05,
        "Disp22 (SDQ)": -4.07361e-06,
        "Disp22 (T)": -0.00029403981,
        "Disp22 (T) (CCD)": -0.00030215475000000005,
        "Dispersion": -0.00256307176,
        "Electrostatics": -0.16183791142999998,
        "Elst10,r": -0.16146716484999998,
        "Elst12,r": -0.0004969582399999999,
        "Est. Disp22 (T)": -0.00033211709,
        "Est. Disp22 (T) (CCD)": -0.00034128289,
        "Exch-Disp20": 0.00071527196,
        "Exch-Ind20,r": 0.03147205075,
        "Exch-Ind22": 0.0033424909399999998,
        "Exch10": 0.01270396306,
        "Exch10(S^2)": 0.012629162579999999,
        "Exch11(S^2)": -0.00010126743000000001,
        "Exch12(S^2)": 0.00094776013,
        "Exchange": 0.01355045576,
        "Ind20,r": -0.04446478698,
        "Ind22": -0.004722385230000001,
        "Induction": -0.012380881,
        "InteractionEnergy": -0.16336976483,
        "delta HF,r (2)": 0.00092328868,
        "delta MP2,r (2)": 0.00062966902
    },
    "index": "0211",
    "jobtype": "SP",
    "logFile": "0211.log.gz",
    "method": "sapt2+3(ccd)dmp2-aug-cc-pvtz",
    "mols": [
        {
            "atoms": [
                {
                    "coords": [
                        0.0,
                        0.0,
                        -2.249414797572
                    ],
                    "elem": "K"
                }
            ],
            "charge": 1,
            "compound": "potassium",
            "mult": 1
        },
        {
            "atoms": [
                {
                    "coords": [
                        0.0,
                        0.0,
                        1.110585202428
                    ],
                    "elem": "Br"
                }
            ],
            "charge": -1,
            "compound": "bromide",
            "mult": 1
        }
    ],
    "system": "potassium#bromide"
}