{
    "energies": {
        "Disp2 (CCD)": -0.00036972002999999997,
        "Disp20": -0.00046460659,
        "Disp21": 8.439523e-05,
        "Disp22 (S) (CCD)": -1.645715e-05,
        "Disp22 (SDQ)": -6.56719e-06,
        "Disp22 (T)": -4.8304390000000004e-05,
        "Disp22 (T) (CCD)": -4.9353809999999996e-05,
        "Dispersion": -0.00047903909,
        "Electrostatics": -0.11928278197,
        "Elst10,r": -0.11922457633,
        "Elst12,r": -7.852528e-05,
        "Est. Disp22 (T)": -5.5855380000000006e-05,
        "Est. Disp22 (T) (CCD)": -5.706884e-05,
        "Exch-Disp20": 4.7456730000000005e-05,
        "Exch-Ind20,r": 0.00223186782,
        "Exch-Ind22": 0.00024415395,
        "Exch10": 0.00075103692,
        "Exch10(S^2)": 0.00075074908,
        "Exch11(S^2)": -2.6929499999999998e-06,
        "Exch12(S^2)": 0.00011516798,
        "Exchange": 0.00086351194,
        "Ind20,r": -0.00728839706,
        "Ind22": -0.0007973101900000001,
        "Induction": -0.00573852682,
        "InteractionEnergy": -0.12465856127000001,
        "delta HF,r (2)": -3.5524109999999995e-05,
        "delta MP2,r (2)": -0.00017797272
    },
    "index": "0217",
    "jobtype": "SP",
    "logFile": "0217.log.gz",
    "method": "sapt2+3(ccd)dmp2-aug-cc-pvtz",
    "mols": [
        {
            "atoms": [
                {
                    "coords": [
                        0.0,
                        0.0,
                        -2.985830356301
                    ],
                    "elem": "K"
                }
            ],
            "charge": 1,
            "compound": "potassium",
            "mult": 1
        },
        {
            "atoms": [
                {
                    "coords": [
                        0.0,
                        0.0,
                        1.474169643699
                    ],
                    "elem": "Br"
                }
            ],
            "charge": -1,
            "compound": "bromide",
            "mult": 1
        }
    ],
    "system": "potassium#bromide"
}