{
    "energies": {
        "Disp2 (CCD)": -0.0023794376700000002,
        "Disp20": -0.0024266021100000004,
        "Disp21": 1.0278610000000001e-05,
        "Disp22 (S) (CCD)": -0.00012212971,
        "Disp22 (SDQ)": -7.655858e-05,
        "Disp22 (T)": -0.00017225582,
        "Disp22 (T) (CCD)": -0.00018850337,
        "Dispersion": -0.0018015302399999999,
        "Electrostatics": -0.2498038076,
        "Elst10,r": -0.24954504653,
        "Elst12,r": -2.229724e-05,
        "Est. Disp22 (T)": -0.00021063644,
        "Est. Disp22 (T) (CCD)": -0.00023050413999999998,
        "Exch-Disp20": 0.0009171083100000001,
        "Exch-Ind20,r": 0.14999567775,
        "Exch-Ind22": 0.00952563018,
        "Exch10": 0.09138034315,
        "Exch10(S^2)": 0.08943766019999999,
        "Exch11(S^2)": -0.00204436019,
        "Exch12(S^2)": 0.00303878985,
        "Exchange": 0.09237477280999999,
        "Ind20,r": -0.18570310122,
        "Ind22": -0.011793266929999999,
        "Induction": -0.02442819158,
        "InteractionEnergy": -0.18347970436,
        "delta HF,r (2)": 0.01088831977,
        "delta MP2,r (2)": 0.00261457025
    },
    "index": "0001",
    "jobtype": "SP",
    "logFile": "0001.log.gz",
    "method": "sapt2+3(ccd)dmp2-aug-cc-pvtz",
    "mols": [
        {
            "atoms": [
                {
                    "coords": [
                        0.0,
                        0.0,
                        -1.742415446944
                    ],
                    "elem": "Na"
                }
            ],
            "charge": 1,
            "compound": "sodium",
            "mult": 1
        },
        {
            "atoms": [
                {
                    "coords": [
                        0.0,
                        0.0,
                        0.507584553056
                    ],
                    "elem": "Br"
                }
            ],
            "charge": -1,
            "compound": "bromide",
            "mult": 1
        }
    ],
    "system": "sodium#bromide"
}