{
    "energies": {
        "Disp2 (CCD)": -0.0004900309,
        "Disp20": -0.00047797015,
        "Disp21": -2.2257349999999998e-05,
        "Disp22 (S) (CCD)": -1.429069e-05,
        "Disp22 (SDQ)": -4.36728e-06,
        "Disp22 (T)": -2.8029390000000002e-05,
        "Disp22 (T) (CCD)": -3.175091e-05,
        "Dispersion": -0.0005897480000000001,
        "Electrostatics": -0.21037210756,
        "Elst10,r": -0.21069072545,
        "Elst12,r": 0.0005513198299999999,
        "Est. Disp22 (T)": -3.5297860000000004e-05,
        "Est. Disp22 (T) (CCD)": -3.998443e-05,
        "Exch-Disp20": 9.604294e-05,
        "Exch-Ind20,r": 0.016395177929999998,
        "Exch-Ind22": 0.001381188,
        "Exch10": 0.012580820020000001,
        "Exch10(S^2)": 0.012540777520000001,
        "Exch11(S^2)": -0.00012347068,
        "Exch12(S^2)": 0.00093605907,
        "Exchange": 0.01339340841,
        "Ind20,r": -0.0410273352,
        "Ind22": -0.0034562883800000003,
        "Induction": -0.026809280640000002,
        "InteractionEnergy": -0.22415226736,
        "delta HF,r (2)": -0.0008706017700000001,
        "delta MP2,r (2)": 0.0006198523500000001
    },
    "index": "0210",
    "jobtype": "SP",
    "logFile": "0210.log.gz",
    "method": "sapt2+3(ccd)dmp2-aug-cc-pvtz",
    "mols": [
        {
            "atoms": [
                {
                    "coords": [
                        0.0,
                        0.0,
                        -2.065572272211
                    ],
                    "elem": "Li"
                }
            ],
            "charge": 1,
            "compound": "lithium",
            "mult": 1
        },
        {
            "atoms": [
                {
                    "coords": [
                        0.0,
                        0.0,
                        0.414427727789
                    ],
                    "elem": "Cl"
                }
            ],
            "charge": -1,
            "compound": "chloride",
            "mult": 1
        }
    ],
    "system": "lithium#chloride"
}