{
    "energies": {
        "Disp2 (CCD)": -0.00092457575,
        "Disp20": -0.00114977993,
        "Disp21": 0.00019650920999999999,
        "Disp22 (S) (CCD)": -3.7743e-05,
        "Disp22 (SDQ)": -9.956100000000001e-06,
        "Disp22 (T)": -0.00011667797000000001,
        "Disp22 (T) (CCD)": -0.00011942387999999999,
        "Dispersion": -0.00111028633,
        "Electrostatics": -0.13704088346,
        "Elst10,r": -0.13689787357,
        "Elst12,r": -0.00019412076,
        "Est. Disp22 (T)": -0.00013445713,
        "Est. Disp22 (T) (CCD)": -0.00013762145,
        "Exch-Disp20": 0.00018865098,
        "Exch-Ind20,r": 0.00849185398,
        "Exch-Ind22": 0.00095730532,
        "Exch10": 0.0030991177599999998,
        "Exch10(S^2)": 0.00309437211,
        "Exch11(S^2)": -1.547247e-05,
        "Exch12(S^2)": 0.0003485423,
        "Exchange": 0.0034321876,
        "Ind20,r": -0.01667014338,
        "Ind22": -0.0018792618299999998,
        "Induction": -0.008590269599999999,
        "InteractionEnergy": -0.14336438109,
        "delta HF,r (2)": 0.00022993253,
        "delta MP2,r (2)": 7.702823e-05
    },
    "index": "0214",
    "jobtype": "SP",
    "logFile": "0214.log.gz",
    "method": "sapt2+3(ccd)dmp2-aug-cc-pvtz",
    "mols": [
        {
            "atoms": [
                {
                    "coords": [
                        0.0,
                        0.0,
                        -2.610927890039
                    ],
                    "elem": "K"
                }
            ],
            "charge": 1,
            "compound": "potassium",
            "mult": 1
        },
        {
            "atoms": [
                {
                    "coords": [
                        0.0,
                        0.0,
                        1.289072109961
                    ],
                    "elem": "Br"
                }
            ],
            "charge": -1,
            "compound": "bromide",
            "mult": 1
        }
    ],
    "system": "potassium#bromide"
}