{
    "energies": {
        "Disp2 (CCD)": -0.00177977889,
        "Disp20": -0.0017969385499999998,
        "Disp21": -8.95101e-06,
        "Disp22 (S) (CCD)": -9.306507e-05,
        "Disp22 (SDQ)": -5.9861820000000005e-05,
        "Disp22 (T)": -0.0001316044,
        "Disp22 (T) (CCD)": -0.0001441204,
        "Dispersion": -0.00149390713,
        "Electrostatics": -0.23207736015,
        "Elst10,r": -0.23185299591,
        "Elst12,r": -9.217802e-05,
        "Est. Disp22 (T)": -0.00015766457,
        "Est. Disp22 (T) (CCD)": -0.00017265899000000001,
        "Exch-Disp20": 0.00061468625,
        "Exch-Ind20,r": 0.10815347681,
        "Exch-Ind22": 0.00749452429,
        "Exch10": 0.0622872268,
        "Exch10(S^2)": 0.061359985719999996,
        "Exch11(S^2)": -0.00123822692,
        "Exch12(S^2)": 0.00251076175,
        "Exchange": 0.06355976163,
        "Ind20,r": -0.13939675267999999,
        "Ind22": -0.0096595355,
        "Induction": -0.02322271845,
        "InteractionEnergy": -0.19313705031999998,
        "delta HF,r (2)": 0.00812781024,
        "delta MP2,r (2)": 0.00195965552
    },
    "index": "0207",
    "jobtype": "SP",
    "logFile": "0207.log.gz",
    "method": "sapt2+3(ccd)dmp2-aug-cc-pvtz",
    "mols": [
        {
            "atoms": [
                {
                    "coords": [
                        0.0,
                        0.0,
                        -1.843088339434
                    ],
                    "elem": "Na"
                }
            ],
            "charge": 1,
            "compound": "sodium",
            "mult": 1
        },
        {
            "atoms": [
                {
                    "coords": [
                        0.0,
                        0.0,
                        0.536911660566
                    ],
                    "elem": "Br"
                }
            ],
            "charge": -1,
            "compound": "bromide",
            "mult": 1
        }
    ],
    "system": "sodium#bromide"
}