{
    "energies": {
        "Disp2 (CCD)": -1.27858e-06,
        "Disp20": -1.73164e-06,
        "Disp21": 4.398e-07,
        "Disp22 (S) (CCD)": -3.884e-08,
        "Disp22 (SDQ)": -1.634e-08,
        "Disp22 (T)": -2.0828e-07,
        "Disp22 (T) (CCD)": -2.0561e-07,
        "Dispersion": -1.5362399999999998e-06,
        "Electrostatics": -0.05014255861,
        "Elst10,r": -0.05014244445,
        "Elst12,r": 1.0542e-07,
        "Est. Disp22 (T)": -2.1056e-07,
        "Est. Disp22 (T) (CCD)": -2.0787e-07,
        "Exch-Disp20": 4.0000000000000004e-11,
        "Exch-Ind20,r": 2.21e-09,
        "Exch-Ind22": 1.5e-10,
        "Exch10": 7.5e-10,
        "Exch10(S^2)": 7.5e-10,
        "Exch11(S^2)": 0.0,
        "Exch12(S^2)": 4.5e-10,
        "Exchange": 1.2e-09,
        "Ind20,r": -0.00013402875999999998,
        "Ind22": -9.066309999999999e-06,
        "Induction": -2.006412e-05,
        "InteractionEnergy": -0.050163938229999996,
        "delta HF,r (2)": 0.00012435482,
        "delta MP2,r (2)": -1.33726e-06
    },
    "index": "0251",
    "jobtype": "SP",
    "logFile": "0251.log.gz",
    "method": "sapt2+3(ccd)dmp2-aug-cc-pvtz",
    "mols": [
        {
            "atoms": [
                {
                    "coords": [
                        0.0,
                        0.0,
                        -7.082978737593
                    ],
                    "elem": "K"
                }
            ],
            "charge": 1,
            "compound": "potassium",
            "mult": 1
        },
        {
            "atoms": [
                {
                    "coords": [
                        0.0,
                        0.0,
                        3.497021262407
                    ],
                    "elem": "Br"
                }
            ],
            "charge": -1,
            "compound": "bromide",
            "mult": 1
        }
    ],
    "system": "potassium#bromide"
}