{
    "energies": {
        "Disp2 (CCD)": -0.00782172073,
        "Disp20": -0.00973371898,
        "Disp21": 0.00166840791,
        "Disp22 (S) (CCD)": -0.00019064632,
        "Disp22 (SDQ)": 6.73401e-05,
        "Disp22 (T)": -0.00088027205,
        "Disp22 (T) (CCD)": -0.00089446239,
        "Dispersion": -0.00673354128,
        "Electrostatics": -0.21351587916,
        "Elst10,r": -0.21246054666,
        "Elst12,r": -0.00127066167,
        "Est. Disp22 (T)": -0.0009860615400000001,
        "Est. Disp22 (T) (CCD)": -0.00100195724,
        "Exch-Disp20": 0.0031561042399999998,
        "Exch-Ind20,r": 0.14110786171999998,
        "Exch-Ind22": 0.012146164459999999,
        "Exch10": 0.06681318767000001,
        "Exch10(S^2)": 0.06501151767,
        "Exch11(S^2)": -0.00100945762,
        "Exch12(S^2)": 0.00237821233,
        "Exchange": 0.06818194239,
        "Ind20,r": -0.16710123722,
        "Ind22": -0.014383600489999999,
        "Induction": -0.019592124550000003,
        "InteractionEnergy": -0.17194166271,
        "delta HF,r (2)": 0.004608479059999999,
        "delta MP2,r (2)": 0.00308815575
    },
    "index": "0003",
    "jobtype": "SP",
    "logFile": "0003.log.gz",
    "method": "sapt2+3(ccd)dmp2-aug-cc-pvtz",
    "mols": [
        {
            "atoms": [
                {
                    "coords": [
                        0.0,
                        0.0,
                        -1.841038896822
                    ],
                    "elem": "K"
                }
            ],
            "charge": 1,
            "compound": "potassium",
            "mult": 1
        },
        {
            "atoms": [
                {
                    "coords": [
                        0.0,
                        0.0,
                        0.908961103178
                    ],
                    "elem": "Br"
                }
            ],
            "charge": -1,
            "compound": "bromide",
            "mult": 1
        }
    ],
    "system": "potassium#bromide"
}