{
    "energies": {
        "Disp2 (CCD)": -1.573e-07,
        "Disp20": -1.6317e-07,
        "Disp21": 3.5e-09,
        "Disp22 (S) (CCD)": -1.064e-08,
        "Disp22 (SDQ)": -7.06e-09,
        "Disp22 (T)": -1.765e-08,
        "Disp22 (T) (CCD)": -1.8879999999999998e-08,
        "Dispersion": -1.8843e-07,
        "Electrostatics": -0.05444422407,
        "Elst10,r": -0.0544426242,
        "Elst12,r": -2.8531099999999997e-06,
        "Est. Disp22 (T)": -1.803e-08,
        "Est. Disp22 (T) (CCD)": -1.929e-08,
        "Exch-Disp20": 0.0,
        "Exch-Ind20,r": 1.51e-09,
        "Exch-Ind22": 1.2e-10,
        "Exch10": 2.1e-10,
        "Exch10(S^2)": 2.1e-10,
        "Exch11(S^2)": -1.0000000000000001e-11,
        "Exch12(S^2)": -1.39e-09,
        "Exchange": -1.1799999999999999e-09,
        "Ind20,r": -0.00011950141000000001,
        "Ind22": -9.88127e-06,
        "Induction": -0.0001367487,
        "InteractionEnergy": -0.05458241563,
        "delta HF,r (2)": -1.93476e-06,
        "delta MP2,r (2)": -5.43412e-06
    },
    "index": "0254",
    "jobtype": "SP",
    "logFile": "0254.log.gz",
    "method": "sapt2+3(ccd)dmp2-aug-cc-pvtz",
    "mols": [
        {
            "atoms": [
                {
                    "coords": [
                        0.0,
                        0.0,
                        -5.864481185908
                    ],
                    "elem": "Na"
                }
            ],
            "charge": 1,
            "compound": "sodium",
            "mult": 1
        },
        {
            "atoms": [
                {
                    "coords": [
                        0.0,
                        0.0,
                        3.855518814092
                    ],
                    "elem": "Cl"
                }
            ],
            "charge": -1,
            "compound": "chloride",
            "mult": 1
        }
    ],
    "system": "sodium#chloride"
}