{
    "energies": {
        "Disp2 (CCD)": -4.399045e-05,
        "Disp20": -5.725151e-05,
        "Disp21": 1.238911e-05,
        "Disp22 (S) (CCD)": -1.84636e-06,
        "Disp22 (SDQ)": -9.2655e-07,
        "Disp22 (T)": -6.52923e-06,
        "Disp22 (T) (CCD)": -6.56975e-06,
        "Dispersion": -5.8017369999999996e-05,
        "Electrostatics": -0.08733652623,
        "Elst10,r": -0.08732772011,
        "Elst12,r": -1.144827e-05,
        "Est. Disp22 (T)": -6.95993e-06,
        "Est. Disp22 (T) (CCD)": -7.0031299999999995e-06,
        "Exch-Disp20": 9.6296e-07,
        "Exch-Ind20,r": 5.389616e-05,
        "Exch-Ind22": 4.6143399999999994e-06,
        "Exch10": 1.4957730000000001e-05,
        "Exch10(S^2)": 1.495761e-05,
        "Exch11(S^2)": -5.791e-08,
        "Exch12(S^2)": 4.11601e-06,
        "Exchange": 1.901583e-05,
        "Ind20,r": -0.00145057476,
        "Ind22": -0.00012419156000000002,
        "Induction": -0.00153381816,
        "InteractionEnergy": -0.0889120628,
        "delta HF,r (2)": 0.00011123666,
        "delta MP2,r (2)": -0.00013501409999999999
    },
    "index": "0226",
    "jobtype": "SP",
    "logFile": "0226.log.gz",
    "method": "sapt2+3(ccd)dmp2-aug-cc-pvtz",
    "mols": [
        {
            "atoms": [
                {
                    "coords": [
                        0.0,
                        0.0,
                        -4.070369633702
                    ],
                    "elem": "K"
                }
            ],
            "charge": 1,
            "compound": "potassium",
            "mult": 1
        },
        {
            "atoms": [
                {
                    "coords": [
                        0.0,
                        0.0,
                        2.009630366298
                    ],
                    "elem": "Br"
                }
            ],
            "charge": -1,
            "compound": "bromide",
            "mult": 1
        }
    ],
    "system": "potassium#bromide"
}