{
    "energies": {
        "Disp2 (CCD)": -0.00092660939,
        "Disp20": -0.00091683064,
        "Disp21": -2.168816e-05,
        "Disp22 (S) (CCD)": -5.186324e-05,
        "Disp22 (SDQ)": -3.5523560000000004e-05,
        "Disp22 (T)": -6.949030000000001e-05,
        "Disp22 (T) (CCD)": -7.735498e-05,
        "Dispersion": -0.0009131970200000001,
        "Electrostatics": -0.19972150739,
        "Elst10,r": -0.19954608511,
        "Elst12,r": -0.00016863365,
        "Est. Disp22 (T)": -8.202721000000001e-05,
        "Est. Disp22 (T) (CCD)": -9.131077999999999e-05,
        "Exch-Disp20": 0.00024878945999999997,
        "Exch-Ind20,r": 0.04844111081,
        "Exch-Ind22": 0.0040105106,
        "Exch10": 0.024752721499999998,
        "Exch10(S^2)": 0.02459904153,
        "Exch11(S^2)": -0.00037805629,
        "Exch12(S^2)": 0.0015006579799999998,
        "Exchange": 0.0258753232,
        "Ind20,r": -0.07249113572,
        "Ind22": -0.006001647430000001,
        "Induction": -0.020253404069999998,
        "InteractionEnergy": -0.19501955939,
        "delta HF,r (2)": 0.00447558858,
        "delta MP2,r (2)": 0.0012064033
    },
    "index": "0209",
    "jobtype": "SP",
    "logFile": "0209.log.gz",
    "method": "sapt2+3(ccd)dmp2-aug-cc-pvtz",
    "mols": [
        {
            "atoms": [
                {
                    "coords": [
                        0.0,
                        0.0,
                        -2.090898536333
                    ],
                    "elem": "Na"
                }
            ],
            "charge": 1,
            "compound": "sodium",
            "mult": 1
        },
        {
            "atoms": [
                {
                    "coords": [
                        0.0,
                        0.0,
                        0.609101463667
                    ],
                    "elem": "Br"
                }
            ],
            "charge": -1,
            "compound": "bromide",
            "mult": 1
        }
    ],
    "system": "sodium#bromide"
}