{
    "energies": {
        "Disp2 (CCD)": -0.0021089501899999997,
        "Disp20": -0.00215398423,
        "Disp21": 8.74329e-06,
        "Disp22 (S) (CCD)": -0.00010861625,
        "Disp22 (SDQ)": -6.748306e-05,
        "Disp22 (T)": -0.00015818986,
        "Disp22 (T) (CCD)": -0.000172749,
        "Dispersion": -0.00167853208,
        "Electrostatics": -0.25319658154,
        "Elst10,r": -0.25301651352,
        "Elst12,r": 3.879709e-05,
        "Est. Disp22 (T)": -0.00019595973,
        "Est. Disp22 (T) (CCD)": -0.00021399505999999998,
        "Exch-Disp20": 0.00076122583,
        "Exch-Ind20,r": 0.11815574162999999,
        "Exch-Ind22": 0.00874593933,
        "Exch10": 0.07498212375999999,
        "Exch10(S^2)": 0.07365529825,
        "Exch11(S^2)": -0.00145031083,
        "Exch12(S^2)": 0.00302403185,
        "Exchange": 0.07655584478,
        "Ind20,r": -0.14767072187,
        "Ind22": -0.010930651,
        "Induction": -0.02076355954,
        "InteractionEnergy": -0.19890680946,
        "delta HF,r (2)": 0.008212737219999999,
        "delta MP2,r (2)": 0.00267235254
    },
    "index": "0004",
    "jobtype": "SP",
    "logFile": "0004.log.gz",
    "method": "sapt2+3(ccd)dmp2-aug-cc-pvtz",
    "mols": [
        {
            "atoms": [
                {
                    "coords": [
                        0.0,
                        0.0,
                        -1.327351708745
                    ],
                    "elem": "Na"
                }
            ],
            "charge": 1,
            "compound": "sodium",
            "mult": 1
        },
        {
            "atoms": [
                {
                    "coords": [
                        0.0,
                        0.0,
                        0.872648291255
                    ],
                    "elem": "Cl"
                }
            ],
            "charge": -1,
            "compound": "chloride",
            "mult": 1
        }
    ],
    "system": "sodium#chloride"
}