{
    "energies": {
        "Disp2 (CCD)": -0.00056425398,
        "Disp20": -0.00069874523,
        "Disp21": 0.00011373047,
        "Disp22 (S) (CCD)": -2.514391e-05,
        "Disp22 (SDQ)": -8.59467e-06,
        "Disp22 (T)": -7.628316e-05,
        "Disp22 (T) (CCD)": -7.778019e-05,
        "Dispersion": -0.0006956601999999999,
        "Electrostatics": -0.13278329133,
        "Elst10,r": -0.13268553996,
        "Elst12,r": -0.00015339696,
        "Est. Disp22 (T)": -8.718313e-05,
        "Est. Disp22 (T) (CCD)": -8.889407000000001e-05,
        "Exch-Disp20": 8.892493999999999e-05,
        "Exch-Ind20,r": 0.00384590005,
        "Exch-Ind22": 0.00052050768,
        "Exch10": 0.00145138307,
        "Exch10(S^2)": 0.0014503004,
        "Exch11(S^2)": -4.5970400000000005e-06,
        "Exch12(S^2)": 0.00025109037,
        "Exchange": 0.00169787641,
        "Ind20,r": -0.009568597,
        "Ind22": -0.0012950228,
        "Induction": -0.0066503547100000004,
        "InteractionEnergy": -0.13848918038,
        "delta HF,r (2)": -0.00027692843,
        "delta MP2,r (2)": 1.5387649999999998e-05
    },
    "index": "0215",
    "jobtype": "SP",
    "logFile": "0215.log.gz",
    "method": "sapt2+3(ccd)dmp2-aug-cc-pvtz",
    "mols": [
        {
            "atoms": [
                {
                    "coords": [
                        0.0,
                        0.0,
                        -1.891932489573
                    ],
                    "elem": "K"
                }
            ],
            "charge": 1,
            "compound": "potassium",
            "mult": 1
        },
        {
            "atoms": [
                {
                    "coords": [
                        0.0,
                        0.0,
                        2.108067510427
                    ],
                    "elem": "Cl"
                }
            ],
            "charge": -1,
            "compound": "chloride",
            "mult": 1
        }
    ],
    "system": "potassium#chloride"
}