{
    "energies": {
        "Disp2 (CCD)": -0.00113607864,
        "Disp20": -0.00111621002,
        "Disp21": -4.19087e-05,
        "Disp22 (S) (CCD)": -2.5586480000000002e-05,
        "Disp22 (SDQ)": -2.19392e-06,
        "Disp22 (T)": -6.0508939999999995e-05,
        "Disp22 (T) (CCD)": -6.936264000000001e-05,
        "Dispersion": -0.00142076836,
        "Electrostatics": -0.22538630121,
        "Elst10,r": -0.22591516981,
        "Elst12,r": 0.00086430356,
        "Est. Disp22 (T)": -7.168473e-05,
        "Est. Disp22 (T) (CCD)": -8.217368e-05,
        "Exch-Disp20": 0.00022552898,
        "Exch-Ind20,r": 0.04008646227,
        "Exch-Ind22": 0.0026513396400000004,
        "Exch10": 0.03539670379,
        "Exch10(S^2)": 0.035083317110000005,
        "Exch11(S^2)": -0.00051816812,
        "Exch12(S^2)": 0.00131057446,
        "Exchange": 0.03618911013,
        "Ind20,r": -0.07634053040000001,
        "Ind22": -0.005049202730000001,
        "Induction": -0.03916886536,
        "InteractionEnergy": -0.22946373098,
        "delta HF,r (2)": -0.00224508487,
        "delta MP2,r (2)": 0.0013133510500000002
    },
    "index": "0009",
    "jobtype": "SP",
    "logFile": "0009.log.gz",
    "method": "sapt2+3(ccd)dmp2-aug-cc-pvtz",
    "mols": [
        {
            "atoms": [
                {
                    "coords": [
                        0.0,
                        0.0,
                        -2.075485083432
                    ],
                    "elem": "Li"
                }
            ],
            "charge": 1,
            "compound": "lithium",
            "mult": 1
        },
        {
            "atoms": [
                {
                    "coords": [
                        0.0,
                        0.0,
                        0.184514916568
                    ],
                    "elem": "Br"
                }
            ],
            "charge": -1,
            "compound": "bromide",
            "mult": 1
        }
    ],
    "system": "lithium#bromide"
}