{
    "energies": {
        "Disp2 (CCD)": -2.50829e-06,
        "Disp20": -2.58385e-06,
        "Disp21": 3.3000000000000004e-08,
        "Disp22 (S) (CCD)": -1.3091e-07,
        "Disp22 (SDQ)": -7.629e-08,
        "Disp22 (T)": -1.8672e-07,
        "Disp22 (T) (CCD)": -2.051e-07,
        "Dispersion": -3.23262e-06,
        "Electrostatics": -0.09518316674999999,
        "Elst10,r": -0.09517047847,
        "Elst12,r": -1.67394e-05,
        "Est. Disp22 (T)": -2.1364e-07,
        "Est. Disp22 (T) (CCD)": -2.3467e-07,
        "Exch-Disp20": 8.967999999999999e-08,
        "Exch-Ind20,r": 1.999903e-05,
        "Exch-Ind22": 1.85023e-06,
        "Exch10": 7.30156e-06,
        "Exch10(S^2)": 7.30154e-06,
        "Exch11(S^2)": -2.131e-08,
        "Exch12(S^2)": 1.97661e-06,
        "Exchange": 9.256850000000001e-06,
        "Ind20,r": -0.00193275925,
        "Ind22": -0.00017881066000000002,
        "Induction": -0.00329131293,
        "InteractionEnergy": -0.09847252286,
        "delta HF,r (2)": -0.0006516826100000001,
        "delta MP2,r (2)": -0.00055037439
    },
    "index": "0231",
    "jobtype": "SP",
    "logFile": "0231.log.gz",
    "method": "sapt2+3(ccd)dmp2-aug-cc-pvtz",
    "mols": [
        {
            "atoms": [
                {
                    "coords": [
                        0.0,
                        0.0,
                        -5.106060647735
                    ],
                    "elem": "Li"
                }
            ],
            "charge": 1,
            "compound": "lithium",
            "mult": 1
        },
        {
            "atoms": [
                {
                    "coords": [
                        0.0,
                        0.0,
                        0.453939352265
                    ],
                    "elem": "Br"
                }
            ],
            "charge": -1,
            "compound": "bromide",
            "mult": 1
        }
    ],
    "system": "lithium#bromide"
}