{
    "energies": {
        "Disp2 (CCD)": -0.00031211779,
        "Disp20": -0.00038921851,
        "Disp21": 6.609151000000001e-05,
        "Disp22 (S) (CCD)": -1.4475240000000001e-05,
        "Disp22 (SDQ)": -5.9525999999999996e-06,
        "Disp22 (T)": -4.304492e-05,
        "Disp22 (T) (CCD)": -4.3850979999999996e-05,
        "Dispersion": -0.00040075137999999997,
        "Electrostatics": -0.12157287515,
        "Elst10,r": -0.12152195215,
        "Elst12,r": -8.339628e-05,
        "Est. Disp22 (T)": -4.9220439999999997e-05,
        "Est. Disp22 (T) (CCD)": -5.0142140000000005e-05,
        "Exch-Disp20": 3.524508e-05,
        "Exch-Ind20,r": 0.0015742235799999999,
        "Exch-Ind22": 0.00020265424000000002,
        "Exch10": 0.0005648452000000001,
        "Exch10(S^2)": 0.00056467768,
        "Exch11(S^2)": -1.4173e-06,
        "Exch12(S^2)": 0.00011904271,
        "Exchange": 0.00068247061,
        "Ind20,r": -0.00571469989,
        "Ind22": -0.00073566942,
        "Induction": -0.00510236745,
        "InteractionEnergy": -0.12642705247,
        "delta HF,r (2)": -0.00033399342,
        "delta MP2,r (2)": -0.00015519964
    },
    "index": "0217",
    "jobtype": "SP",
    "logFile": "0217.log.gz",
    "method": "sapt2+3(ccd)dmp2-aug-cc-pvtz",
    "mols": [
        {
            "atoms": [
                {
                    "coords": [
                        0.0,
                        0.0,
                        -2.062206413635
                    ],
                    "elem": "K"
                }
            ],
            "charge": 1,
            "compound": "potassium",
            "mult": 1
        },
        {
            "atoms": [
                {
                    "coords": [
                        0.0,
                        0.0,
                        2.297793586365
                    ],
                    "elem": "Cl"
                }
            ],
            "charge": -1,
            "compound": "chloride",
            "mult": 1
        }
    ],
    "system": "potassium#chloride"
}