{
    "energies": {
        "Disp2 (CCD)": -5.3189999999999995e-08,
        "Disp20": -5.537e-08,
        "Disp21": 1.38e-09,
        "Disp22 (S) (CCD)": -3.5200000000000003e-09,
        "Disp22 (SDQ)": -2.2800000000000004e-09,
        "Disp22 (T)": -6.03e-09,
        "Disp22 (T) (CCD)": -6.45e-09,
        "Dispersion": -6.341000000000001e-08,
        "Electrostatics": -0.04561959468,
        "Elst10,r": -0.04561902095,
        "Elst12,r": -9.8952e-07,
        "Est. Disp22 (T)": -6.1199999999999995e-09,
        "Est. Disp22 (T) (CCD)": -6.54e-09,
        "Exch-Disp20": 0.0,
        "Exch-Ind20,r": 8.000000000000001e-11,
        "Exch-Ind22": 1.0000000000000001e-11,
        "Exch10": 1.0000000000000001e-11,
        "Exch10(S^2)": 1.0000000000000001e-11,
        "Exch11(S^2)": -0.0,
        "Exch12(S^2)": -4.5e-10,
        "Exchange": -4.4000000000000003e-10,
        "Ind20,r": -5.755056e-05,
        "Ind22": -4.5612600000000004e-06,
        "Induction": -6.394144000000001e-05,
        "InteractionEnergy": -0.04568401577,
        "delta HF,r (2)": -3.4182e-07,
        "delta MP2,r (2)": -1.48804e-06
    },
    "index": "0266",
    "jobtype": "SP",
    "logFile": "0266.log.gz",
    "method": "sapt2+3(ccd)dmp2-aug-cc-pvtz",
    "mols": [
        {
            "atoms": [
                {
                    "coords": [
                        0.0,
                        0.0,
                        -6.998763555199
                    ],
                    "elem": "Na"
                }
            ],
            "charge": 1,
            "compound": "sodium",
            "mult": 1
        },
        {
            "atoms": [
                {
                    "coords": [
                        0.0,
                        0.0,
                        4.601236444801
                    ],
                    "elem": "Cl"
                }
            ],
            "charge": -1,
            "compound": "chloride",
            "mult": 1
        }
    ],
    "system": "sodium#chloride"
}