{
    "energies": {
        "Disp2 (CCD)": -3.01216e-06,
        "Disp20": -3.0907399999999997e-06,
        "Disp21": 2.75e-08,
        "Disp22 (S) (CCD)": -1.5954e-07,
        "Disp22 (SDQ)": -9.493e-08,
        "Disp22 (T)": -2.2044e-07,
        "Disp22 (T) (CCD)": -2.4251e-07,
        "Dispersion": -3.90728e-06,
        "Electrostatics": -0.09764249091,
        "Elst10,r": -0.09762836084,
        "Elst12,r": -1.833578e-05,
        "Est. Disp22 (T)": -2.5553e-07,
        "Est. Disp22 (T) (CCD)": -2.8111e-07,
        "Exch-Disp20": 1.2448000000000001e-07,
        "Exch-Ind20,r": 2.759453e-05,
        "Exch-Ind22": 2.56669e-06,
        "Exch10": 1.019587e-05,
        "Exch10(S^2)": 1.019584e-05,
        "Exch11(S^2)": -3.0800000000000004e-08,
        "Exch12(S^2)": 2.66803e-06,
        "Exchange": 1.283309e-05,
        "Ind20,r": -0.0021642459299999997,
        "Ind22": -0.00020130612,
        "Induction": -0.00368446707,
        "InteractionEnergy": -0.10132226031000001,
        "delta HF,r (2)": -0.00074773083,
        "delta MP2,r (2)": -0.00060194678
    },
    "index": "0230",
    "jobtype": "SP",
    "logFile": "0230.log.gz",
    "method": "sapt2+3(ccd)dmp2-aug-cc-pvtz",
    "mols": [
        {
            "atoms": [
                {
                    "coords": [
                        0.0,
                        0.0,
                        -4.97749077531
                    ],
                    "elem": "Li"
                }
            ],
            "charge": 1,
            "compound": "lithium",
            "mult": 1
        },
        {
            "atoms": [
                {
                    "coords": [
                        0.0,
                        0.0,
                        0.44250922469
                    ],
                    "elem": "Br"
                }
            ],
            "charge": -1,
            "compound": "bromide",
            "mult": 1
        }
    ],
    "system": "lithium#bromide"
}