{
    "energies": {
        "Disp2 (CCD)": -0.0025586808099999996,
        "Disp20": -0.00253531205,
        "Disp21": -7.577845e-05,
        "Disp22 (S) (CCD)": -4.260997e-05,
        "Disp22 (SDQ)": 1.075864e-05,
        "Disp22 (T)": -0.00012703735999999998,
        "Disp22 (T) (CCD)": -0.00014632683,
        "Dispersion": -0.0034463331199999997,
        "Electrostatics": -0.25093547899999996,
        "Elst10,r": -0.2520585197,
        "Elst12,r": 0.00176945806,
        "Est. Disp22 (T)": -0.00014647353,
        "Est. Disp22 (T) (CCD)": -0.00016871421,
        "Exch-Disp20": 0.00041475729,
        "Exch-Ind20,r": 0.08085166734,
        "Exch-Ind22": 0.0044168451,
        "Exch10": 0.09007945350999999,
        "Exch10(S^2)": 0.08808394278000001,
        "Exch11(S^2)": -0.0016470245,
        "Exch12(S^2)": 0.00159724304,
        "Exchange": 0.09002967205,
        "Ind20,r": -0.12568310735,
        "Ind22": -0.00686594149,
        "Induction": -0.05351070417,
        "InteractionEnergy": -0.21722437794000002,
        "delta HF,r (2)": -0.00990214398,
        "delta MP2,r (2)": 0.00257293971
    },
    "index": "0001",
    "jobtype": "SP",
    "logFile": "0001.log.gz",
    "method": "sapt2+3(ccd)dmp2-aug-cc-pvtz",
    "mols": [
        {
            "atoms": [
                {
                    "coords": [
                        0.0,
                        0.0,
                        -1.781611089318
                    ],
                    "elem": "Li"
                }
            ],
            "charge": 1,
            "compound": "lithium",
            "mult": 1
        },
        {
            "atoms": [
                {
                    "coords": [
                        0.0,
                        0.0,
                        0.158388910682
                    ],
                    "elem": "Br"
                }
            ],
            "charge": -1,
            "compound": "bromide",
            "mult": 1
        }
    ],
    "system": "lithium#bromide"
}