{
    "energies": {
        "Disp2 (CCD)": -0.00021111226999999999,
        "Disp20": -0.00020521046,
        "Disp21": -9.695850000000001e-06,
        "Disp22 (S) (CCD)": -8.04543e-06,
        "Disp22 (SDQ)": -3.6983599999999998e-06,
        "Disp22 (T)": -1.196188e-05,
        "Disp22 (T) (CCD)": -1.351023e-05,
        "Dispersion": -0.00025794247999999997,
        "Electrostatics": -0.17634495605999997,
        "Elst10,r": -0.17638994026000002,
        "Elst12,r": 0.00010088151,
        "Est. Disp22 (T)": -1.543282e-05,
        "Est. Disp22 (T) (CCD)": -1.743045e-05,
        "Exch-Disp20": 4.443401e-05,
        "Exch-Ind20,r": 0.0076754425900000004,
        "Exch-Ind22": 0.00064984007,
        "Exch10": 0.00474077009,
        "Exch10(S^2)": 0.0047351465599999995,
        "Exch11(S^2)": -4.036643e-05,
        "Exch12(S^2)": 0.00041655114,
        "Exchange": 0.0051169548,
        "Ind20,r": -0.02769172006,
        "Ind22": -0.00234451488,
        "Induction": -0.02310246712,
        "InteractionEnergy": -0.19453665966,
        "delta HF,r (2)": -0.0015271025199999999,
        "delta MP2,r (2)": 6.565321e-05
    },
    "index": "0213",
    "jobtype": "SP",
    "logFile": "0213.log.gz",
    "method": "sapt2+3(ccd)dmp2-aug-cc-pvtz",
    "mols": [
        {
            "atoms": [
                {
                    "coords": [
                        0.0,
                        0.0,
                        -2.736701570189
                    ],
                    "elem": "Li"
                }
            ],
            "charge": 1,
            "compound": "lithium",
            "mult": 1
        },
        {
            "atoms": [
                {
                    "coords": [
                        0.0,
                        0.0,
                        0.243298429811
                    ],
                    "elem": "Br"
                }
            ],
            "charge": -1,
            "compound": "bromide",
            "mult": 1
        }
    ],
    "system": "lithium#bromide"
}