{
    "energies": {
        "Disp2 (CCD)": -0.0036423794300000003,
        "Disp20": -0.00360339467,
        "Disp21": -5.1192599999999995e-05,
        "Disp22 (S) (CCD)": -0.00019320655000000002,
        "Disp22 (SDQ)": -0.00022151992,
        "Disp22 (T)": -0.00022109384,
        "Disp22 (T) (CCD)": -0.00021724514,
        "Dispersion": -0.00506813737,
        "Electrostatics": -0.36564230433,
        "Elst10,r": -0.36909794738,
        "Elst12,r": 0.010502173279999999,
        "Est. Disp22 (T)": -0.00029352922,
        "Est. Disp22 (T) (CCD)": -0.00028841959,
        "Exch-Disp20": 0.00030698579999999996,
        "Exch-Ind20,r": 0.07993275333,
        "Exch-Ind22": 0.01370004962,
        "Exch10": 0.13859559482,
        "Exch10(S^2)": 0.13403471021,
        "Exch11(S^2)": -0.0014677424699999998,
        "Exch12(S^2)": 0.011885996670000001,
        "Exchange": 0.14901384902999998,
        "Ind20,r": -0.11000274301,
        "Ind22": -0.018853886240000003,
        "Induction": -0.056795733390000006,
        "InteractionEnergy": -0.27142852309,
        "delta HF,r (2)": -0.020902825570000002,
        "delta MP2,r (2)": -0.00190292638
    },
    "index": "0203",
    "jobtype": "SP",
    "logFile": "0203.log.gz",
    "method": "sapt2+3(ccd)dmp2-aug-cc-pvtz",
    "mols": [
        {
            "atoms": [
                {
                    "coords": [
                        0.0,
                        0.0,
                        -1.00781835113
                    ],
                    "elem": "Li"
                }
            ],
            "charge": 1,
            "compound": "lithium",
            "mult": 1
        },
        {
            "atoms": [
                {
                    "coords": [
                        0.0,
                        0.0,
                        0.37218164887
                    ],
                    "elem": "F"
                }
            ],
            "charge": -1,
            "compound": "fluoride",
            "mult": 1
        }
    ],
    "system": "lithium#fluoride"
}