{
    "energies": {
        "Disp2 (CCD)": -0.0009982954,
        "Disp20": -0.0011306811100000001,
        "Disp21": 8.314808e-05,
        "Disp22 (S) (CCD)": -0.00015651754000000002,
        "Disp22 (SDQ)": -0.00016516944,
        "Disp22 (T)": -0.00016263685,
        "Disp22 (T) (CCD)": -0.00015140709999999998,
        "Dispersion": -0.00120225818,
        "Electrostatics": -0.17207176575,
        "Elst10,r": -0.17182763327,
        "Elst12,r": -0.00096165447,
        "Est. Disp22 (T)": -0.00019140588999999998,
        "Est. Disp22 (T) (CCD)": -0.0001781897,
        "Exch-Disp20": 0.00021320410000000002,
        "Exch-Ind20,r": 0.007638685169999999,
        "Exch-Ind22": 0.00346293877,
        "Exch10": 0.0038466306,
        "Exch10(S^2)": 0.00383943519,
        "Exch11(S^2)": -3.0980549999999996e-05,
        "Exch12(S^2)": 0.0020775397,
        "Exchange": 0.0058931897500000005,
        "Ind20,r": -0.01357496815,
        "Ind22": -0.00615410669,
        "Induction": -0.007014879470000001,
        "InteractionEnergy": -0.17511446634,
        "delta HF,r (2)": -0.00020663532,
        "delta MP2,r (2)": 0.0017355164
    },
    "index": "0211",
    "jobtype": "SP",
    "logFile": "0211.log.gz",
    "method": "sapt2+3(ccd)dmp2-aug-cc-pvtz",
    "mols": [
        {
            "atoms": [
                {
                    "coords": [
                        0.0,
                        0.0,
                        -1.016095690115
                    ],
                    "elem": "K"
                }
            ],
            "charge": 1,
            "compound": "potassium",
            "mult": 1
        },
        {
            "atoms": [
                {
                    "coords": [
                        0.0,
                        0.0,
                        2.083904309885
                    ],
                    "elem": "F"
                }
            ],
            "charge": -1,
            "compound": "fluoride",
            "mult": 1
        }
    ],
    "system": "potassium#fluoride"
}