{
    "energies": {
        "Disp2 (CCD)": -9.778e-08,
        "Disp20": -1.0162e-07,
        "Disp21": 2.3599999999999997e-09,
        "Disp22 (S) (CCD)": -6.55e-09,
        "Disp22 (SDQ)": -4.3000000000000005e-09,
        "Disp22 (T)": -1.105e-08,
        "Disp22 (T) (CCD)": -1.1810000000000001e-08,
        "Dispersion": -1.1684999999999999e-07,
        "Electrostatics": -0.05039940152,
        "Elst10,r": -0.0503983504,
        "Elst12,r": -1.8451400000000002e-06,
        "Est. Disp22 (T)": -1.124e-08,
        "Est. Disp22 (T) (CCD)": -1.202e-08,
        "Exch-Disp20": -0.0,
        "Exch-Ind20,r": 1.9000000000000002e-10,
        "Exch-Ind22": 2.0000000000000002e-11,
        "Exch10": 1.0000000000000001e-11,
        "Exch10(S^2)": 1.0000000000000001e-11,
        "Exch11(S^2)": -0.0,
        "Exch12(S^2)": -6e-10,
        "Exchange": -5.899999999999999e-10,
        "Ind20,r": -8.664455999999999e-05,
        "Ind22": -7.00185e-06,
        "Induction": -9.749105e-05,
        "InteractionEnergy": -0.05049780404,
        "delta HF,r (2)": -8.7681e-07,
        "delta MP2,r (2)": -2.96854e-06
    },
    "index": "0259",
    "jobtype": "SP",
    "logFile": "0259.log.gz",
    "method": "sapt2+3(ccd)dmp2-aug-cc-pvtz",
    "mols": [
        {
            "atoms": [
                {
                    "coords": [
                        0.0,
                        0.0,
                        -6.335087700827
                    ],
                    "elem": "Na"
                }
            ],
            "charge": 1,
            "compound": "sodium",
            "mult": 1
        },
        {
            "atoms": [
                {
                    "coords": [
                        0.0,
                        0.0,
                        4.164912299173
                    ],
                    "elem": "Cl"
                }
            ],
            "charge": -1,
            "compound": "chloride",
            "mult": 1
        }
    ],
    "system": "sodium#chloride"
}