{
    "energies": {
        "Disp2 (CCD)": -1.078751e-05,
        "Disp20": -1.43657e-05,
        "Disp21": 3.42414e-06,
        "Disp22 (S) (CCD)": -3.7097999999999995e-07,
        "Disp22 (SDQ)": -1.7444e-07,
        "Disp22 (T)": -1.67198e-06,
        "Disp22 (T) (CCD)": -1.6647700000000002e-06,
        "Dispersion": -1.345415e-05,
        "Electrostatics": -0.07061042998,
        "Elst10,r": -0.07060797684,
        "Elst12,r": -3.0339e-06,
        "Est. Disp22 (T)": -1.73507e-06,
        "Est. Disp22 (T) (CCD)": -1.72759e-06,
        "Exch-Disp20": 3.271e-08,
        "Exch-Ind20,r": 2.01653e-06,
        "Exch-Ind22": 1.4859e-07,
        "Exch10": 5.0427e-07,
        "Exch10(S^2)": 5.0427e-07,
        "Exch11(S^2)": -2.09e-09,
        "Exch12(S^2)": 1.9066e-07,
        "Exchange": 6.9284e-07,
        "Ind20,r": -0.00055391879,
        "Ind22": -4.081496e-05,
        "Induction": -0.00041799728000000005,
        "InteractionEnergy": -0.0710417749,
        "delta HF,r (2)": 0.0002048129,
        "delta MP2,r (2)": -3.084789e-05
    },
    "index": "0234",
    "jobtype": "SP",
    "logFile": "0234.log.gz",
    "method": "sapt2+3(ccd)dmp2-aug-cc-pvtz",
    "mols": [
        {
            "atoms": [
                {
                    "coords": [
                        0.0,
                        0.0,
                        -5.034404546947
                    ],
                    "elem": "K"
                }
            ],
            "charge": 1,
            "compound": "potassium",
            "mult": 1
        },
        {
            "atoms": [
                {
                    "coords": [
                        0.0,
                        0.0,
                        2.485595453053
                    ],
                    "elem": "Br"
                }
            ],
            "charge": -1,
            "compound": "bromide",
            "mult": 1
        }
    ],
    "system": "potassium#bromide"
}