{
    "energies": {
        "Disp2 (CCD)": -7.42301e-06,
        "Disp20": -7.418e-06,
        "Disp21": -1.5555e-07,
        "Disp22 (S) (CCD)": -4.2885e-07,
        "Disp22 (SDQ)": -3.0107000000000004e-07,
        "Disp22 (T)": -5.3379e-07,
        "Disp22 (T) (CCD)": -5.8797e-07,
        "Dispersion": -9.73987e-06,
        "Electrostatics": -0.11555182876,
        "Elst10,r": -0.11553626768,
        "Elst12,r": -2.6775460000000002e-05,
        "Est. Disp22 (T)": -6.5276e-07,
        "Est. Disp22 (T) (CCD)": -7.1902e-07,
        "Exch-Disp20": 5.1241e-07,
        "Exch-Ind20,r": 0.00010337729,
        "Exch-Ind22": 1.121701e-05,
        "Exch10": 4.306352e-05,
        "Exch10(S^2)": 4.306307e-05,
        "Exch11(S^2)": -1.4027e-07,
        "Exch12(S^2)": 1.266542e-05,
        "Exchange": 5.5588669999999996e-05,
        "Ind20,r": -0.0032355036699999997,
        "Ind22": -0.00035107021,
        "Induction": -0.0052568322199999995,
        "InteractionEnergy": -0.12077411314,
        "delta HF,r (2)": -0.0009691111300000001,
        "delta MP2,r (2)": -0.00081750948
    },
    "index": "0225",
    "jobtype": "SP",
    "logFile": "0225.log.gz",
    "method": "sapt2+3(ccd)dmp2-aug-cc-pvtz",
    "mols": [
        {
            "atoms": [
                {
                    "coords": [
                        0.0,
                        0.0,
                        -3.814645567229
                    ],
                    "elem": "Li"
                }
            ],
            "charge": 1,
            "compound": "lithium",
            "mult": 1
        },
        {
            "atoms": [
                {
                    "coords": [
                        0.0,
                        0.0,
                        0.765354432771
                    ],
                    "elem": "Cl"
                }
            ],
            "charge": -1,
            "compound": "chloride",
            "mult": 1
        }
    ],
    "system": "lithium#chloride"
}