{
    "energies": {
        "Disp2 (CCD)": -0.0033973704300000003,
        "Disp20": -0.0042059806,
        "Disp21": 0.0006989168999999999,
        "Disp22 (S) (CCD)": -0.00010758731,
        "Disp22 (SDQ)": 5.25259e-06,
        "Disp22 (T)": -0.00039998970000000003,
        "Disp22 (T) (CCD)": -0.00041046793,
        "Dispersion": -0.0033952396399999996,
        "Electrostatics": -0.17307942612,
        "Elst10,r": -0.17256377452000002,
        "Elst12,r": -0.00067187451,
        "Est. Disp22 (T)": -0.00045436539999999995,
        "Est. Disp22 (T) (CCD)": -0.00046626805999999997,
        "Exch-Disp20": 0.00111332331,
        "Exch-Ind20,r": 0.04896296168,
        "Exch-Ind22": 0.00497189313,
        "Exch10": 0.02057733458,
        "Exch10(S^2)": 0.02038729428,
        "Exch11(S^2)": -0.00019637963,
        "Exch12(S^2)": 0.00128564511,
        "Exchange": 0.02166660006,
        "Ind20,r": -0.06423494817,
        "Ind22": -0.00652267115,
        "Induction": -0.01414323974,
        "InteractionEnergy": -0.16912604913,
        "delta HF,r (2)": 0.0011591987,
        "delta MP2,r (2)": 0.00096446813
    },
    "index": "0210",
    "jobtype": "SP",
    "logFile": "0210.log.gz",
    "method": "sapt2+3(ccd)dmp2-aug-cc-pvtz",
    "mols": [
        {
            "atoms": [
                {
                    "coords": [
                        0.0,
                        0.0,
                        -2.128910433416
                    ],
                    "elem": "K"
                }
            ],
            "charge": 1,
            "compound": "potassium",
            "mult": 1
        },
        {
            "atoms": [
                {
                    "coords": [
                        0.0,
                        0.0,
                        1.051089566584
                    ],
                    "elem": "Br"
                }
            ],
            "charge": -1,
            "compound": "bromide",
            "mult": 1
        }
    ],
    "system": "potassium#bromide"
}