{
    "energies": {
        "Disp2 (CCD)": -0.0010210413,
        "Disp20": -0.00101295423,
        "Disp21": -2.1476240000000002e-05,
        "Disp22 (S) (CCD)": -5.638484e-05,
        "Disp22 (SDQ)": -3.822946e-05,
        "Disp22 (T)": -7.611548999999999e-05,
        "Disp22 (T) (CCD)": -8.460069e-05,
        "Dispersion": -0.0009862517499999999,
        "Electrostatics": -0.20399919231000002,
        "Elst10,r": -0.20382215005,
        "Elst12,r": -0.0001578776,
        "Est. Disp22 (T)": -9.014106e-05,
        "Est. Disp22 (T) (CCD)": -0.00010018981,
        "Exch-Disp20": 0.00028460971,
        "Exch-Ind20,r": 0.05485635075,
        "Exch-Ind22": 0.00443032055,
        "Exch10": 0.02853424831,
        "Exch10(S^2)": 0.028331292600000002,
        "Exch11(S^2)": -0.00045261947000000004,
        "Exch12(S^2)": 0.00163141194,
        "Exchange": 0.02971304078,
        "Ind20,r": -0.07987583597,
        "Ind22": -0.00645094967,
        "Induction": -0.02070784394,
        "InteractionEnergy": -0.19597646906,
        "delta HF,r (2)": 0.00493032532,
        "delta MP2,r (2)": 0.0012933130799999998
    },
    "index": "0009",
    "jobtype": "SP",
    "logFile": "0009.log.gz",
    "method": "sapt2+3(ccd)dmp2-aug-cc-pvtz",
    "mols": [
        {
            "atoms": [
                {
                    "coords": [
                        0.0,
                        0.0,
                        -2.052178193067
                    ],
                    "elem": "Na"
                }
            ],
            "charge": 1,
            "compound": "sodium",
            "mult": 1
        },
        {
            "atoms": [
                {
                    "coords": [
                        0.0,
                        0.0,
                        0.597821806933
                    ],
                    "elem": "Br"
                }
            ],
            "charge": -1,
            "compound": "bromide",
            "mult": 1
        }
    ],
    "system": "sodium#bromide"
}