{
    "energies": {
        "Disp2 (CCD)": -2.44086e-06,
        "Disp20": -2.85182e-06,
        "Disp21": 2.979e-07,
        "Disp22 (S) (CCD)": -2.4109e-07,
        "Disp22 (SDQ)": -1.8765000000000002e-07,
        "Disp22 (T)": -4.4192e-07,
        "Disp22 (T) (CCD)": -4.249e-07,
        "Dispersion": -3.14168e-06,
        "Electrostatics": -0.06854757886,
        "Elst10,r": -0.06854773394,
        "Elst12,r": -2.8450699999999997e-06,
        "Est. Disp22 (T)": -4.5009e-07,
        "Est. Disp22 (T) (CCD)": -4.3276e-07,
        "Exch-Disp20": 1.08e-09,
        "Exch-Ind20,r": 5.525e-08,
        "Exch-Ind22": 7.49e-09,
        "Exch10": 1.904e-08,
        "Exch10(S^2)": 1.904e-08,
        "Exch11(S^2)": -8.000000000000001e-11,
        "Exch12(S^2)": 4.271e-08,
        "Exchange": 6.168000000000001e-08,
        "Ind20,r": -0.00013945089,
        "Ind22": -1.891375e-05,
        "Induction": -0.0001768666,
        "InteractionEnergy": -0.06873052592000001,
        "delta HF,r (2)": -3.3476999999999997e-06,
        "delta MP2,r (2)": -1.524537e-05
    },
    "index": "0239",
    "jobtype": "SP",
    "logFile": "0239.log.gz",
    "method": "sapt2+3(ccd)dmp2-aug-cc-pvtz",
    "mols": [
        {
            "atoms": [
                {
                    "coords": [
                        0.0,
                        0.0,
                        -2.53040604119
                    ],
                    "elem": "K"
                }
            ],
            "charge": 1,
            "compound": "potassium",
            "mult": 1
        },
        {
            "atoms": [
                {
                    "coords": [
                        0.0,
                        0.0,
                        5.18959395881
                    ],
                    "elem": "F"
                }
            ],
            "charge": -1,
            "compound": "fluoride",
            "mult": 1
        }
    ],
    "system": "potassium#fluoride"
}