{
    "energies": {
        "Disp2 (CCD)": -0.00195477036,
        "Disp20": -0.00188452984,
        "Disp21": -8.777586e-05,
        "Disp22 (S) (CCD)": -0.00013493406999999998,
        "Disp22 (SDQ)": -0.00013927159,
        "Disp22 (T)": -0.0001322956,
        "Disp22 (T) (CCD)": -0.00013023853,
        "Dispersion": -0.00257499695,
        "Electrostatics": -0.32724249104,
        "Elst10,r": -0.32913749069,
        "Elst12,r": 0.006227258510000001,
        "Est. Disp22 (T)": -0.00017110496,
        "Est. Disp22 (T) (CCD)": -0.00016844445,
        "Exch-Disp20": 0.00022839867,
        "Exch-Ind20,r": 0.049023298230000005,
        "Exch-Ind22": 0.009847952319999999,
        "Exch10": 0.06697806887999999,
        "Exch10(S^2)": 0.0658698877,
        "Exch11(S^2)": -0.0007180237200000001,
        "Exch12(S^2)": 0.009661248629999999,
        "Exchange": 0.0759212938,
        "Ind20,r": -0.07275759787,
        "Ind22": -0.014615772099999999,
        "Induction": -0.03882850188,
        "InteractionEnergy": -0.28839175306,
        "delta HF,r (2)": -0.00961306577,
        "delta MP2,r (2)": -0.0012578792700000002
    },
    "index": "0009",
    "jobtype": "SP",
    "logFile": "0009.log.gz",
    "method": "sapt2+3(ccd)dmp2-aug-cc-pvtz",
    "mols": [
        {
            "atoms": [
                {
                    "coords": [
                        0.0,
                        0.0,
                        -1.146575950199
                    ],
                    "elem": "Li"
                }
            ],
            "charge": 1,
            "compound": "lithium",
            "mult": 1
        },
        {
            "atoms": [
                {
                    "coords": [
                        0.0,
                        0.0,
                        0.423424049801
                    ],
                    "elem": "F"
                }
            ],
            "charge": -1,
            "compound": "fluoride",
            "mult": 1
        }
    ],
    "system": "lithium#fluoride"
}