{
    "energies": {
        "Disp2 (CCD)": -0.0008826641200000001,
        "Disp20": -0.0008345871000000001,
        "Disp21": -5.3741160000000004e-05,
        "Disp22 (S) (CCD)": -0.00011060574,
        "Disp22 (SDQ)": -0.00011858042000000001,
        "Disp22 (T)": -8.471285e-05,
        "Disp22 (T) (CCD)": -8.419601e-05,
        "Dispersion": -0.00085935441,
        "Electrostatics": -0.24979451258000002,
        "Elst10,r": -0.24932646759,
        "Elst12,r": -0.0006248916799999999,
        "Est. Disp22 (T)": -0.00010794521,
        "Est. Disp22 (T) (CCD)": -0.00010728662999999999,
        "Exch-Disp20": 0.00023954636,
        "Exch-Ind20,r": 0.03486750633,
        "Exch-Ind22": 0.011696277540000001,
        "Exch10": 0.02335857829,
        "Exch10(S^2)": 0.02322340526,
        "Exch11(S^2)": -0.00034595898000000004,
        "Exch12(S^2)": 0.00683134589,
        "Exchange": 0.0298439652,
        "Ind20,r": -0.04760823041,
        "Ind22": -0.0159701434,
        "Induction": -0.01226365268,
        "InteractionEnergy": -0.23323746396,
        "delta HF,r (2)": 0.00253030653,
        "delta MP2,r (2)": 0.00221522367
    },
    "index": "0207",
    "jobtype": "SP",
    "logFile": "0207.log.gz",
    "method": "sapt2+3(ccd)dmp2-aug-cc-pvtz",
    "mols": [
        {
            "atoms": [
                {
                    "coords": [
                        0.0,
                        0.0,
                        -0.977335960157
                    ],
                    "elem": "Na"
                }
            ],
            "charge": 1,
            "compound": "sodium",
            "mult": 1
        },
        {
            "atoms": [
                {
                    "coords": [
                        0.0,
                        0.0,
                        1.182664039843
                    ],
                    "elem": "F"
                }
            ],
            "charge": -1,
            "compound": "fluoride",
            "mult": 1
        }
    ],
    "system": "sodium#fluoride"
}