{
    "energies": {
        "Disp2 (CCD)": -0.00174576403,
        "Disp20": -0.0021619967,
        "Disp21": 0.00036031965,
        "Disp22 (S) (CCD)": -6.476344000000001e-05,
        "Disp22 (SDQ)": -8.51799e-06,
        "Disp22 (T)": -0.00021590711,
        "Disp22 (T) (CCD)": -0.00022195727,
        "Dispersion": -0.0019369971399999999,
        "Electrostatics": -0.15237740195000002,
        "Elst10,r": -0.1521125546,
        "Elst12,r": -0.00036400143,
        "Est. Disp22 (T)": -0.00024383635,
        "Est. Disp22 (T) (CCD)": -0.00025066914,
        "Exch-Disp20": 0.00045885706999999995,
        "Exch-Ind20,r": 0.020279881939999998,
        "Exch-Ind22": 0.00222346675,
        "Exch10": 0.00789213246,
        "Exch10(S^2)": 0.00786249722,
        "Exch11(S^2)": -5.309649e-05,
        "Exch12(S^2)": 0.0006868232199999999,
        "Exchange": 0.00852585919,
        "Ind20,r": -0.031407976160000003,
        "Ind22": -0.00344354029,
        "Induction": -0.0109163542,
        "InteractionEnergy": -0.15681230033,
        "delta HF,r (2)": 0.00069330683,
        "delta MP2,r (2)": 0.00039559698
    },
    "index": "0212",
    "jobtype": "SP",
    "logFile": "0212.log.gz",
    "method": "sapt2+3(ccd)dmp2-aug-cc-pvtz",
    "mols": [
        {
            "atoms": [
                {
                    "coords": [
                        0.0,
                        0.0,
                        -2.369919161728
                    ],
                    "elem": "K"
                }
            ],
            "charge": 1,
            "compound": "potassium",
            "mult": 1
        },
        {
            "atoms": [
                {
                    "coords": [
                        0.0,
                        0.0,
                        1.170080838272
                    ],
                    "elem": "Br"
                }
            ],
            "charge": -1,
            "compound": "bromide",
            "mult": 1
        }
    ],
    "system": "potassium#bromide"
}