{
    "energies": {
        "Disp2 (CCD)": -0.00283925919,
        "Disp20": -0.0028167611099999997,
        "Disp21": -8.116250999999999e-05,
        "Disp22 (S) (CCD)": -4.543025e-05,
        "Disp22 (SDQ)": 1.398755e-05,
        "Disp22 (T)": -0.00013882635,
        "Disp22 (T) (CCD)": -0.00015994296,
        "Dispersion": -0.0038746787999999997,
        "Electrostatics": -0.25397842721999997,
        "Elst10,r": -0.25519801409,
        "Elst12,r": 0.00192102106,
        "Est. Disp22 (T)": -0.00016039091,
        "Est. Disp22 (T) (CCD)": -0.00018478766999999998,
        "Exch-Disp20": 0.00044144824,
        "Exch-Ind20,r": 0.08799072092999999,
        "Exch-Ind22": 0.0046720776099999995,
        "Exch10": 0.10139489794,
        "Exch10(S^2)": 0.09887575058999999,
        "Exch11(S^2)": -0.00190215124,
        "Exch12(S^2)": 0.00157990308,
        "Exchange": 0.10107264978000001,
        "Ind20,r": -0.13411397054,
        "Ind22": -0.00712110177,
        "Induction": -0.055982465169999995,
        "InteractionEnergy": -0.21206740568000002,
        "delta HF,r (2)": -0.01156271895,
        "delta MP2,r (2)": 0.00289995917
    },
    "index": "0000",
    "jobtype": "SP",
    "logFile": "0000.log.gz",
    "method": "sapt2+3(ccd)dmp2-aug-cc-pvtz",
    "mols": [
        {
            "atoms": [
                {
                    "coords": [
                        0.0,
                        0.0,
                        -1.744876840053
                    ],
                    "elem": "Li"
                }
            ],
            "charge": 1,
            "compound": "lithium",
            "mult": 1
        },
        {
            "atoms": [
                {
                    "coords": [
                        0.0,
                        0.0,
                        0.155123159947
                    ],
                    "elem": "Br"
                }
            ],
            "charge": -1,
            "compound": "bromide",
            "mult": 1
        }
    ],
    "system": "lithium#bromide"
}