{
    "energies": {
        "Disp2 (CCD)": -0.00039766502,
        "Disp20": -0.00038736625,
        "Disp21": -1.7550570000000002e-05,
        "Disp22 (S) (CCD)": -1.263841e-05,
        "Disp22 (SDQ)": -4.55612e-06,
        "Disp22 (T)": -2.276097e-05,
        "Disp22 (T) (CCD)": -2.5853729999999998e-05,
        "Dispersion": -0.00048098533,
        "Electrostatics": -0.19337705395000002,
        "Elst10,r": -0.19352503115,
        "Elst12,r": 0.00026653483999999997,
        "Est. Disp22 (T)": -2.787243e-05,
        "Est. Disp22 (T) (CCD)": -3.165972e-05,
        "Exch-Disp20": 8.569872e-05,
        "Exch-Ind20,r": 0.01468506165,
        "Exch-Ind22": 0.00115747373,
        "Exch10": 0.01021009606,
        "Exch10(S^2)": 0.01018393584,
        "Exch11(S^2)": -0.00010729581000000001,
        "Exch12(S^2)": 0.0006887277400000001,
        "Exchange": 0.010791528,
        "Ind20,r": -0.04043044766,
        "Ind22": -0.0031867201,
        "Induction": -0.02800389828,
        "InteractionEnergy": -0.21095899399999998,
        "delta HF,r (2)": -0.00090859999,
        "delta MP2,r (2)": 0.00054747113
    },
    "index": "0211",
    "jobtype": "SP",
    "logFile": "0211.log.gz",
    "method": "sapt2+3(ccd)dmp2-aug-cc-pvtz",
    "mols": [
        {
            "atoms": [
                {
                    "coords": [
                        0.0,
                        0.0,
                        -2.479561825339
                    ],
                    "elem": "Li"
                }
            ],
            "charge": 1,
            "compound": "lithium",
            "mult": 1
        },
        {
            "atoms": [
                {
                    "coords": [
                        0.0,
                        0.0,
                        0.220438174661
                    ],
                    "elem": "Br"
                }
            ],
            "charge": -1,
            "compound": "bromide",
            "mult": 1
        }
    ],
    "system": "lithium#bromide"
}