{
    "energies": {
        "Disp2 (CCD)": -4.5143e-07,
        "Disp20": -4.2528999999999997e-07,
        "Disp21": -3.4530000000000005e-08,
        "Disp22 (S) (CCD)": -5.875e-08,
        "Disp22 (SDQ)": -6.185e-08,
        "Disp22 (T)": -4.548e-08,
        "Disp22 (T) (CCD)": -4.522e-08,
        "Dispersion": -5.7917e-07,
        "Electrostatics": -0.08999969760000001,
        "Elst10,r": -0.08999890383,
        "Elst12,r": -5.832898e-05,
        "Est. Disp22 (T)": -4.914e-08,
        "Est. Disp22 (T) (CCD)": -4.887e-08,
        "Exch-Disp20": 2.33e-09,
        "Exch-Ind20,r": 4.7897e-07,
        "Exch-Ind22": 1.4673e-07,
        "Exch10": 1.9331999999999999e-07,
        "Exch10(S^2)": 1.9331999999999999e-07,
        "Exch11(S^2)": -3.3999999999999996e-10,
        "Exch12(S^2)": 3.5525999999999997e-07,
        "Exchange": 5.482399999999999e-07,
        "Ind20,r": -0.00029815244,
        "Ind22": -9.133518e-05,
        "Induction": -0.0005616903399999999,
        "InteractionEnergy": -0.09061895454999999,
        "delta HF,r (2)": -3.403658e-05,
        "delta MP2,r (2)": -0.00013881476000000002
    },
    "index": "0238",
    "jobtype": "SP",
    "logFile": "0238.log.gz",
    "method": "sapt2+3(ccd)dmp2-aug-cc-pvtz",
    "mols": [
        {
            "atoms": [
                {
                    "coords": [
                        0.0,
                        0.0,
                        -4.294182539598
                    ],
                    "elem": "Li"
                }
            ],
            "charge": 1,
            "compound": "lithium",
            "mult": 1
        },
        {
            "atoms": [
                {
                    "coords": [
                        0.0,
                        0.0,
                        1.585817460402
                    ],
                    "elem": "F"
                }
            ],
            "charge": -1,
            "compound": "fluoride",
            "mult": 1
        }
    ],
    "system": "lithium#fluoride"
}