{
    "energies": {
        "Disp2 (CCD)": -4.603259999999999e-06,
        "Disp20": -6.08534e-06,
        "Disp21": 1.38075e-06,
        "Disp22 (S) (CCD)": -1.2925999999999998e-07,
        "Disp22 (SDQ)": -1.5699999999999998e-08,
        "Disp22 (T)": -7.4611e-07,
        "Disp22 (T) (CCD)": -7.4327e-07,
        "Dispersion": -5.58877e-06,
        "Electrostatics": -0.06438040731,
        "Elst10,r": -0.06437946272,
        "Elst12,r": -1.671e-06,
        "Est. Disp22 (T)": -7.6101e-07,
        "Est. Disp22 (T) (CCD)": -7.5812e-07,
        "Exch-Disp20": 2.9000000000000003e-09,
        "Exch-Ind20,r": 1.737e-07,
        "Exch-Ind22": 1.202e-08,
        "Exch10": 4.3869999999999995e-08,
        "Exch10(S^2)": 4.3869999999999995e-08,
        "Exch11(S^2)": -2.3e-10,
        "Exch12(S^2)": 2.702e-08,
        "Exchange": 7.066e-08,
        "Ind20,r": -0.00027422739,
        "Ind22": -1.897762e-05,
        "Induction": -0.00031061269000000005,
        "InteractionEnergy": -0.06469726532999999,
        "delta HF,r (2)": -5.17255e-06,
        "delta MP2,r (2)": -1.25227e-05
    },
    "index": "0239",
    "jobtype": "SP",
    "logFile": "0239.log.gz",
    "method": "sapt2+3(ccd)dmp2-aug-cc-pvtz",
    "mols": [
        {
            "atoms": [
                {
                    "coords": [
                        0.0,
                        0.0,
                        -3.887921266073
                    ],
                    "elem": "K"
                }
            ],
            "charge": 1,
            "compound": "potassium",
            "mult": 1
        },
        {
            "atoms": [
                {
                    "coords": [
                        0.0,
                        0.0,
                        4.332078733927
                    ],
                    "elem": "Cl"
                }
            ],
            "charge": -1,
            "compound": "chloride",
            "mult": 1
        }
    ],
    "system": "potassium#chloride"
}