{
    "energies": {
        "Disp2 (CCD)": -4.916e-08,
        "Disp20": -4.6759999999999997e-08,
        "Disp21": -3.32e-09,
        "Disp22 (S) (CCD)": -4.35e-09,
        "Disp22 (SDQ)": -3.86e-09,
        "Disp22 (T)": -4.98e-09,
        "Disp22 (T) (CCD)": -5.05e-09,
        "Dispersion": -5.9110000000000005e-08,
        "Electrostatics": -0.06345513247000001,
        "Elst10,r": -0.06345385988999999,
        "Elst12,r": -1.153864e-05,
        "Est. Disp22 (T)": -5.15e-09,
        "Est. Disp22 (T) (CCD)": -5.22e-09,
        "Exch-Disp20": -2.0000000000000002e-11,
        "Exch-Ind20,r": 1.2e-10,
        "Exch-Ind22": 3e-11,
        "Exch10": -4.0000000000000004e-11,
        "Exch10(S^2)": -4.0000000000000004e-11,
        "Exch11(S^2)": 0.0,
        "Exch12(S^2)": -4.2e-10,
        "Exchange": -4.6e-10,
        "Ind20,r": -6.222516e-05,
        "Ind22": -1.452628e-05,
        "Induction": -8.631368e-05,
        "InteractionEnergy": -0.06355177177,
        "delta HF,r (2)": -9.9015e-07,
        "delta MP2,r (2)": -8.57258e-06
    },
    "index": "0257",
    "jobtype": "SP",
    "logFile": "0257.log.gz",
    "method": "sapt2+3(ccd)dmp2-aug-cc-pvtz",
    "mols": [
        {
            "atoms": [
                {
                    "coords": [
                        0.0,
                        0.0,
                        -6.090728295961
                    ],
                    "elem": "Li"
                }
            ],
            "charge": 1,
            "compound": "lithium",
            "mult": 1
        },
        {
            "atoms": [
                {
                    "coords": [
                        0.0,
                        0.0,
                        2.249271704039
                    ],
                    "elem": "F"
                }
            ],
            "charge": -1,
            "compound": "fluoride",
            "mult": 1
        }
    ],
    "system": "lithium#fluoride"
}