{
    "energies": {
        "Disp2 (CCD)": -0.00020660809,
        "Disp20": -0.00023511763,
        "Disp21": 1.801301e-05,
        "Disp22 (S) (CCD)": -3.5842050000000004e-05,
        "Disp22 (SDQ)": -3.975959e-05,
        "Disp22 (T)": -3.534137e-05,
        "Disp22 (T) (CCD)": -3.341676e-05,
        "Dispersion": -0.00028472473999999995,
        "Electrostatics": -0.13508887383999998,
        "Elst10,r": -0.13507157916,
        "Elst12,r": -0.00024664692999999997,
        "Est. Disp22 (T)": -4.0620160000000005e-05,
        "Est. Disp22 (T) (CCD)": -3.8408079999999994e-05,
        "Exch-Disp20": 2.017988e-05,
        "Exch-Ind20,r": 0.00078151183,
        "Exch-Ind22": 0.00029714260999999997,
        "Exch10": 0.00033966886000000003,
        "Exch10(S^2)": 0.00033960507000000003,
        "Exch11(S^2)": -9.9418e-07,
        "Exch12(S^2)": 0.00029603226,
        "Exchange": 0.00063470694,
        "Ind20,r": -0.00327164384,
        "Ind22": -0.0012439284399999998,
        "Induction": -0.00344191582,
        "InteractionEnergy": -0.138410553,
        "delta HF,r (2)": -0.0001582973,
        "delta MP2,r (2)": 0.00012885963
    },
    "index": "0216",
    "jobtype": "SP",
    "logFile": "0216.log.gz",
    "method": "sapt2+3(ccd)dmp2-aug-cc-pvtz",
    "mols": [
        {
            "atoms": [
                {
                    "coords": [
                        0.0,
                        0.0,
                        -1.284869388791
                    ],
                    "elem": "K"
                }
            ],
            "charge": 1,
            "compound": "potassium",
            "mult": 1
        },
        {
            "atoms": [
                {
                    "coords": [
                        0.0,
                        0.0,
                        2.635130611209
                    ],
                    "elem": "F"
                }
            ],
            "charge": -1,
            "compound": "fluoride",
            "mult": 1
        }
    ],
    "system": "potassium#fluoride"
}