{
    "energies": {
        "Disp2 (CCD)": -6.92423e-06,
        "Disp20": -9.26974e-06,
        "Disp21": 2.25524e-06,
        "Disp22 (S) (CCD)": -2.2773e-07,
        "Disp22 (SDQ)": -1.0256e-07,
        "Disp22 (T)": -1.0938799999999999e-06,
        "Disp22 (T) (CCD)": -1.0863800000000002e-06,
        "Dispersion": -8.514559999999999e-06,
        "Electrostatics": -0.06586621579,
        "Elst10,r": -0.06586470104999999,
        "Elst12,r": -1.86588e-06,
        "Est. Disp22 (T)": -1.12217e-06,
        "Est. Disp22 (T) (CCD)": -1.11447e-06,
        "Exch-Disp20": 9.29e-09,
        "Exch-Ind20,r": 5.8504e-07,
        "Exch-Ind22": 4.177e-08,
        "Exch10": 1.4207e-07,
        "Exch10(S^2)": 1.4207e-07,
        "Exch11(S^2)": -6.1e-10,
        "Exch12(S^2)": 5.959e-08,
        "Exchange": 2.0105000000000002e-07,
        "Ind20,r": -0.00041143775,
        "Ind22": -2.937619e-05,
        "Induction": -0.00026411041,
        "InteractionEnergy": -0.06613899293999999,
        "delta HF,r (2)": 0.00019216338999999998,
        "delta MP2,r (2)": -1.634614e-05
    },
    "index": "0237",
    "jobtype": "SP",
    "logFile": "0237.log.gz",
    "method": "sapt2+3(ccd)dmp2-aug-cc-pvtz",
    "mols": [
        {
            "atoms": [
                {
                    "coords": [
                        0.0,
                        0.0,
                        -5.395917639414
                    ],
                    "elem": "K"
                }
            ],
            "charge": 1,
            "compound": "potassium",
            "mult": 1
        },
        {
            "atoms": [
                {
                    "coords": [
                        0.0,
                        0.0,
                        2.664082360586
                    ],
                    "elem": "Br"
                }
            ],
            "charge": -1,
            "compound": "bromide",
            "mult": 1
        }
    ],
    "system": "potassium#bromide"
}