{
    "energies": {
        "Disp2 (CCD)": -1.38646e-06,
        "Disp20": -1.8457300000000002e-06,
        "Disp21": 4.3087000000000005e-07,
        "Disp22 (S) (CCD)": -3.565e-08,
        "Disp22 (SDQ)": -8.3e-10,
        "Disp22 (T)": -2.2876e-07,
        "Disp22 (T) (CCD)": -2.2704999999999999e-07,
        "Dispersion": -1.66168e-06,
        "Electrostatics": -0.05302532209,
        "Elst10,r": -0.05302537786,
        "Elst12,r": 2.0947e-07,
        "Est. Disp22 (T)": -2.3129e-07,
        "Est. Disp22 (T) (CCD)": -2.2956e-07,
        "Exch-Disp20": 7e-11,
        "Exch-Ind20,r": 3.2100000000000003e-09,
        "Exch-Ind22": 2.1e-10,
        "Exch10": 1.1400000000000002e-09,
        "Exch10(S^2)": 1.1400000000000002e-09,
        "Exch11(S^2)": -0.0,
        "Exch12(S^2)": 6.2e-10,
        "Exchange": 1.7600000000000001e-09,
        "Ind20,r": -0.00012346815,
        "Ind22": -8.0768e-06,
        "Induction": -0.00013432161000000002,
        "InteractionEnergy": -0.053161149969999995,
        "delta HF,r (2)": 3.1181e-07,
        "delta MP2,r (2)": -3.1020200000000002e-06
    },
    "index": "0249",
    "jobtype": "SP",
    "logFile": "0249.log.gz",
    "method": "sapt2+3(ccd)dmp2-aug-cc-pvtz",
    "mols": [
        {
            "atoms": [
                {
                    "coords": [
                        0.0,
                        0.0,
                        -4.720371561485
                    ],
                    "elem": "K"
                }
            ],
            "charge": 1,
            "compound": "potassium",
            "mult": 1
        },
        {
            "atoms": [
                {
                    "coords": [
                        0.0,
                        0.0,
                        5.259628438514
                    ],
                    "elem": "Cl"
                }
            ],
            "charge": -1,
            "compound": "chloride",
            "mult": 1
        }
    ],
    "system": "potassium#chloride"
}