{
    "energies": {
        "Disp2 (CCD)": -0.0020806475,
        "Disp20": -0.00205688484,
        "Disp21": -6.568280999999999e-05,
        "Disp22 (S) (CCD)": -3.746136e-05,
        "Disp22 (SDQ)": 5.66765e-06,
        "Disp22 (T)": -0.00010635474,
        "Disp22 (T) (CCD)": -0.00012245044,
        "Dispersion": -0.00273770171,
        "Electrostatics": -0.24464005135,
        "Elst10,r": -0.2455861412,
        "Elst12,r": 0.00149321668,
        "Est. Disp22 (T)": -0.00012219597,
        "Est. Disp22 (T) (CCD)": -0.00014068908,
        "Exch-Disp20": 0.00036150229,
        "Exch-Ind20,r": 0.0680991496,
        "Exch-Ind22": 0.003925930639999999,
        "Exch10": 0.07116311244000001,
        "Exch10(S^2)": 0.06991009553000001,
        "Exch11(S^2)": -0.0012341423,
        "Exch12(S^2)": 0.00158382226,
        "Exchange": 0.0715127924,
        "Ind20,r": -0.11058724099,
        "Ind22": -0.00637537825,
        "Induction": -0.04910882813,
        "InteractionEnergy": -0.22443737223,
        "delta HF,r (2)": -0.00710182852,
        "delta MP2,r (2)": 0.0020794230599999997
    },
    "index": "0003",
    "jobtype": "SP",
    "logFile": "0003.log.gz",
    "method": "sapt2+3(ccd)dmp2-aug-cc-pvtz",
    "mols": [
        {
            "atoms": [
                {
                    "coords": [
                        0.0,
                        0.0,
                        -1.855079587846
                    ],
                    "elem": "Li"
                }
            ],
            "charge": 1,
            "compound": "lithium",
            "mult": 1
        },
        {
            "atoms": [
                {
                    "coords": [
                        0.0,
                        0.0,
                        0.164920412154
                    ],
                    "elem": "Br"
                }
            ],
            "charge": -1,
            "compound": "bromide",
            "mult": 1
        }
    ],
    "system": "lithium#bromide"
}