{
    "energies": {
        "Disp2 (CCD)": -0.00223798897,
        "Disp20": -0.00222276705,
        "Disp21": -6.424344999999999e-05,
        "Disp22 (S) (CCD)": -3.565978e-05,
        "Disp22 (SDQ)": 1.1975279999999999e-05,
        "Disp22 (T)": -0.0001166276,
        "Disp22 (T) (CCD)": -0.00013312176000000001,
        "Dispersion": -0.00293330598,
        "Electrostatics": -0.26387361877,
        "Elst10,r": -0.2653272084,
        "Elst12,r": 0.00236564215,
        "Est. Disp22 (T)": -0.00013820781,
        "Est. Disp22 (T) (CCD)": -0.00015775398,
        "Exch-Disp20": 0.00034622858000000003,
        "Exch-Ind20,r": 0.06643454912,
        "Exch-Ind22": 0.00397948613,
        "Exch10": 0.07528190105999999,
        "Exch10(S^2)": 0.07387594986000001,
        "Exch11(S^2)": -0.00113736671,
        "Exch12(S^2)": 0.00164032366,
        "Exchange": 0.07578485802,
        "Ind20,r": -0.10544636028,
        "Ind22": -0.00631632688,
        "Induction": -0.04701114915,
        "InteractionEnergy": -0.23712871443,
        "delta HF,r (2)": -0.00868791978,
        "delta MP2,r (2)": 0.00216973964
    },
    "index": "0003",
    "jobtype": "SP",
    "logFile": "0003.log.gz",
    "method": "sapt2+3(ccd)dmp2-aug-cc-pvtz",
    "mols": [
        {
            "atoms": [
                {
                    "coords": [
                        0.0,
                        0.0,
                        -1.574165965516
                    ],
                    "elem": "Li"
                }
            ],
            "charge": 1,
            "compound": "lithium",
            "mult": 1
        },
        {
            "atoms": [
                {
                    "coords": [
                        0.0,
                        0.0,
                        0.315834034484
                    ],
                    "elem": "Cl"
                }
            ],
            "charge": -1,
            "compound": "chloride",
            "mult": 1
        }
    ],
    "system": "lithium#chloride"
}