{
    "energies": {
        "Disp2 (CCD)": -0.006807839610000001,
        "Disp20": -0.00846173928,
        "Disp21": 0.00143969087,
        "Disp22 (S) (CCD)": -0.00017374186,
        "Disp22 (SDQ)": 5.154429e-05,
        "Disp22 (T)": -0.00076150999,
        "Disp22 (T) (CCD)": -0.0007772144800000001,
        "Dispersion": -0.00601109485,
        "Electrostatics": -0.20496134819,
        "Elst10,r": -0.20401432753,
        "Elst12,r": -0.0011587638200000001,
        "Est. Disp22 (T)": -0.00086468786,
        "Est. Disp22 (T) (CCD)": -0.00088252017,
        "Exch-Disp20": 0.0026696761800000003,
        "Exch-Ind20,r": 0.11883423934,
        "Exch-Ind22": 0.01057280576,
        "Exch10": 0.05502301051,
        "Exch10(S^2)": 0.05377564352,
        "Exch11(S^2)": -0.0007697469599999999,
        "Exch12(S^2)": 0.00218514944,
        "Exchange": 0.056438412980000005,
        "Ind20,r": -0.14199862017,
        "Ind22": -0.01263376479,
        "Induction": -0.018587364999999998,
        "InteractionEnergy": -0.17338555582,
        "delta HF,r (2)": 0.00327983563,
        "delta MP2,r (2)": 0.00248905223
    },
    "index": "0208",
    "jobtype": "SP",
    "logFile": "0208.log.gz",
    "method": "sapt2+3(ccd)dmp2-aug-cc-pvtz",
    "mols": [
        {
            "atoms": [
                {
                    "coords": [
                        0.0,
                        0.0,
                        -1.887901705105
                    ],
                    "elem": "K"
                }
            ],
            "charge": 1,
            "compound": "potassium",
            "mult": 1
        },
        {
            "atoms": [
                {
                    "coords": [
                        0.0,
                        0.0,
                        0.932098294895
                    ],
                    "elem": "Br"
                }
            ],
            "charge": -1,
            "compound": "bromide",
            "mult": 1
        }
    ],
    "system": "potassium#bromide"
}