{
    "energies": {
        "Disp2 (CCD)": -2.559537e-05,
        "Disp20": -3.313725e-05,
        "Disp21": 6.85344e-06,
        "Disp22 (S) (CCD)": -9.8024e-07,
        "Disp22 (SDQ)": -3.5937e-07,
        "Disp22 (T)": -4.015419999999999e-06,
        "Disp22 (T) (CCD)": -4.02859e-06,
        "Dispersion": -3.28968e-05,
        "Electrostatics": -0.08399973747,
        "Elst10,r": -0.08399590390999999,
        "Elst12,r": -8.93972e-06,
        "Est. Disp22 (T)": -4.19269e-06,
        "Est. Disp22 (T) (CCD)": -4.2064399999999995e-06,
        "Exch-Disp20": 2.8637e-07,
        "Exch-Ind20,r": 1.56641e-05,
        "Exch-Ind22": 1.3462599999999999e-06,
        "Exch10": 4.48111e-06,
        "Exch10(S^2)": 4.4811e-06,
        "Exch11(S^2)": -1.5979999999999998e-08,
        "Exch12(S^2)": 1.83336e-06,
        "Exchange": 6.2985e-06,
        "Ind20,r": -0.00088245341,
        "Ind22": -7.584314000000001e-05,
        "Induction": -0.00111604105,
        "InteractionEnergy": -0.08514751338000001,
        "delta HF,r (2)": -8.104832e-05,
        "delta MP2,r (2)": -9.613805e-05
    },
    "index": "0228",
    "jobtype": "SP",
    "logFile": "0228.log.gz",
    "method": "sapt2+3(ccd)dmp2-aug-cc-pvtz",
    "mols": [
        {
            "atoms": [
                {
                    "coords": [
                        0.0,
                        0.0,
                        -2.979793671078
                    ],
                    "elem": "K"
                }
            ],
            "charge": 1,
            "compound": "potassium",
            "mult": 1
        },
        {
            "atoms": [
                {
                    "coords": [
                        0.0,
                        0.0,
                        3.320206328922
                    ],
                    "elem": "Cl"
                }
            ],
            "charge": -1,
            "compound": "chloride",
            "mult": 1
        }
    ],
    "system": "potassium#chloride"
}