{
    "energies": {
        "Disp2 (CCD)": -0.010575941699999999,
        "Disp20": -0.01320115658,
        "Disp21": 0.00230493915,
        "Disp22 (S) (CCD)": -0.00023010638999999998,
        "Disp22 (SDQ)": 0.00011205153,
        "Disp22 (T)": -0.00117615551,
        "Disp22 (T) (CCD)": -0.00119059786,
        "Dispersion": -0.00859843539,
        "Electrostatics": -0.23588993057,
        "Elst10,r": -0.23459041911,
        "Elst12,r": -0.00151583206,
        "Est. Disp22 (T)": -0.00129572417,
        "Est. Disp22 (T) (CCD)": -0.00131163474,
        "Exch-Disp20": 0.00449763323,
        "Exch-Ind20,r": 0.20346115483,
        "Exch-Ind22": 0.016206421800000002,
        "Exch10": 0.101590706,
        "Exch10(S^2)": 0.09762698165,
        "Exch11(S^2)": -0.00181382454,
        "Exch12(S^2)": 0.0027802075999999996,
        "Exchange": 0.10255708906,
        "Ind20,r": -0.23905961267,
        "Ind22": -0.01904196859,
        "Induction": -0.02199657397,
        "InteractionEnergy": -0.16426084985,
        "delta HF,r (2)": 0.01026351595,
        "delta MP2,r (2)": 0.00507885052
    },
    "index": "0000",
    "jobtype": "SP",
    "logFile": "0000.log.gz",
    "method": "sapt2+3(ccd)dmp2-aug-cc-pvtz",
    "mols": [
        {
            "atoms": [
                {
                    "coords": [
                        0.0,
                        0.0,
                        -1.740618593359
                    ],
                    "elem": "K"
                }
            ],
            "charge": 1,
            "compound": "potassium",
            "mult": 1
        },
        {
            "atoms": [
                {
                    "coords": [
                        0.0,
                        0.0,
                        0.859381406641
                    ],
                    "elem": "Br"
                }
            ],
            "charge": -1,
            "compound": "bromide",
            "mult": 1
        }
    ],
    "system": "potassium#bromide"
}