{
    "energies": {
        "Disp2 (CCD)": -2.20771e-06,
        "Disp20": -2.982e-06,
        "Disp21": 7.500900000000001e-07,
        "Disp22 (S) (CCD)": -6.793e-08,
        "Disp22 (SDQ)": -2.859e-08,
        "Disp22 (T)": -3.5772e-07,
        "Disp22 (T) (CCD)": -3.5367e-07,
        "Dispersion": -2.66199e-06,
        "Electrostatics": -0.05481346061,
        "Elst10,r": -0.05481314157,
        "Elst12,r": -1.776e-07,
        "Est. Disp22 (T)": -3.6227e-07,
        "Est. Disp22 (T) (CCD)": -3.5816e-07,
        "Exch-Disp20": 3.2000000000000003e-10,
        "Exch-Ind20,r": 1.838e-08,
        "Exch-Ind22": 1.25e-09,
        "Exch10": 4.8899999999999995e-09,
        "Exch10(S^2)": 4.8899999999999995e-09,
        "Exch11(S^2)": -2.0000000000000002e-11,
        "Exch12(S^2)": 2.55e-09,
        "Exchange": 7.4200000000000004e-09,
        "Ind20,r": -0.00019243611,
        "Ind22": -1.313219e-05,
        "Induction": -6.529098e-05,
        "InteractionEnergy": -0.05488126487,
        "delta HF,r (2)": 0.00014300927999999998,
        "delta MP2,r (2)": -2.78024e-06
    },
    "index": "0246",
    "jobtype": "SP",
    "logFile": "0246.log.gz",
    "method": "sapt2+3(ccd)dmp2-aug-cc-pvtz",
    "mols": [
        {
            "atoms": [
                {
                    "coords": [
                        0.0,
                        0.0,
                        -6.480456916815
                    ],
                    "elem": "K"
                }
            ],
            "charge": 1,
            "compound": "potassium",
            "mult": 1
        },
        {
            "atoms": [
                {
                    "coords": [
                        0.0,
                        0.0,
                        3.199543083185
                    ],
                    "elem": "Br"
                }
            ],
            "charge": -1,
            "compound": "bromide",
            "mult": 1
        }
    ],
    "system": "potassium#bromide"
}