{
    "energies": {
        "Disp2 (CCD)": -0.01189054456,
        "Disp20": -0.01482315613,
        "Disp21": 0.0025313043,
        "Disp22 (S) (CCD)": -0.00023421673000000002,
        "Disp22 (SDQ)": 0.00017204307,
        "Disp22 (T)": -0.0013503836099999999,
        "Disp22 (T) (CCD)": -0.00135706298,
        "Dispersion": -0.00930394849,
        "Electrostatics": -0.25717902735000003,
        "Elst10,r": -0.25548344305,
        "Elst12,r": -0.00211030731,
        "Est. Disp22 (T)": -0.0015059483199999998,
        "Est. Disp22 (T) (CCD)": -0.00151339716,
        "Exch-Disp20": 0.00499888717,
        "Exch-Ind20,r": 0.21464006731000002,
        "Exch-Ind22": 0.01885576437,
        "Exch10": 0.11985878557,
        "Exch10(S^2)": 0.11452287054,
        "Exch11(S^2)": -0.0018699925,
        "Exch12(S^2)": 0.0032449156299999998,
        "Exchange": 0.1212337087,
        "Ind20,r": -0.25342758653,
        "Ind22": -0.02226318187,
        "Induction": -0.023076733220000003,
        "InteractionEnergy": -0.16886972134,
        "delta HF,r (2)": 0.01100603713,
        "delta MP2,r (2)": 0.007318491200000001
    },
    "index": "0206",
    "jobtype": "SP",
    "logFile": "0206.log.gz",
    "method": "sapt2+3(ccd)dmp2-aug-cc-pvtz",
    "mols": [
        {
            "atoms": [
                {
                    "coords": [
                        0.0,
                        0.0,
                        -1.144619156192
                    ],
                    "elem": "K"
                }
            ],
            "charge": 1,
            "compound": "potassium",
            "mult": 1
        },
        {
            "atoms": [
                {
                    "coords": [
                        0.0,
                        0.0,
                        1.275380843808
                    ],
                    "elem": "Cl"
                }
            ],
            "charge": -1,
            "compound": "chloride",
            "mult": 1
        }
    ],
    "system": "potassium#chloride"
}