{
    "energies": {
        "Disp2 (CCD)": -6.81587e-06,
        "Disp20": -7.92145e-06,
        "Disp21": 7.8236e-07,
        "Disp22 (S) (CCD)": -7.8841e-07,
        "Disp22 (SDQ)": -7.177900000000001e-07,
        "Disp22 (T)": -1.19509e-06,
        "Disp22 (T) (CCD)": -1.15515e-06,
        "Dispersion": -9.02164e-06,
        "Electrostatics": -0.08067433677,
        "Elst10,r": -0.08067292869,
        "Elst12,r": -2.2031030000000002e-05,
        "Est. Disp22 (T)": -1.24939e-06,
        "Est. Disp22 (T) (CCD)": -1.2076299999999999e-06,
        "Exch-Disp20": 1.5699999999999998e-08,
        "Exch-Ind20,r": 8.2301e-07,
        "Exch-Ind22": 1.3508e-07,
        "Exch10": 2.5399e-07,
        "Exch10(S^2)": 2.5399e-07,
        "Exch11(S^2)": -9.4e-10,
        "Exch12(S^2)": 5.2911e-07,
        "Exchange": 7.8216e-07,
        "Ind20,r": -0.0002784893,
        "Ind22": -4.570722e-05,
        "Induction": -0.00038043357,
        "InteractionEnergy": -0.08108363579,
        "delta HF,r (2)": -1.180782e-05,
        "delta MP2,r (2)": -4.5615749999999994e-05
    },
    "index": "0232",
    "jobtype": "SP",
    "logFile": "0232.log.gz",
    "method": "sapt2+3(ccd)dmp2-aug-cc-pvtz",
    "mols": [
        {
            "atoms": [
                {
                    "coords": [
                        0.0,
                        0.0,
                        -2.150189589405
                    ],
                    "elem": "K"
                }
            ],
            "charge": 1,
            "compound": "potassium",
            "mult": 1
        },
        {
            "atoms": [
                {
                    "coords": [
                        0.0,
                        0.0,
                        4.409810410595
                    ],
                    "elem": "F"
                }
            ],
            "charge": -1,
            "compound": "fluoride",
            "mult": 1
        }
    ],
    "system": "potassium#fluoride"
}